depth,p,n,real,b,ivn_max,ir2_max,a_at_max
8,0.02,12,0,1,5.172073752177825,8.695119955717121,7
8,0.02,12,0,2,4.561395424712517,7.508369110844626,7
8,0.02,12,0,3,3.126719641558042,4.6849332098971495,7
8,0.02,12,0,4,1.791051669491587,2.4111509314995416,6
8,0.02,12,0,5,1.3278296074955342,1.9091147100080033,2
8,0.02,12,0,6,0.4926667836341778,0.5790885599900708,2
8,0.02,12,0,7,0.31951991376381805,0.23759152254019966,2
8,0.02,12,0,8,0.11723152837251405,0.01950177865652236,2
8,0.02,12,0,9,0.03608803898193713,0.0012034225841119905,2
8,0.02,12,0,10,0.012085855273273438,6.876499000441072e-05,1
8,0.02,12,1,1,3.6195330656439246,5.721221471372868,5
8,0.02,12,1,2,2.792633920175536,4.318710862256845,4
8,0.02,12,1,3,1.7011191456375165,2.5556309950535336,4
8,0.02,12,1,4,0.8590873221956521,1.1441533398061239,5
8,0.02,12,1,5,0.6568016173249838,0.9464549674337039,5
8,0.02,12,1,6,0.1383938334175987,0.028817320533839563,1
8,0.02,12,1,7,0.04044661228721047,0.005441822918042405,2
8,0.02,12,1,8,0.018134093204082546,0.0007455162183482855,1
8,0.02,12,1,9,0.006275609063354892,9.835992968376672e-05,1
8,0.02,12,1,10,0.002234585342236528,1.3547551299453175e-05,1
8,0.02,12,2,1,3.7956328887329107,6.23232355054601,4
8,0.02,12,2,2,3.0983238809610683,5.052434292952334,2
8,0.02,12,2,3,1.9801374968197436,3.1139172167948423,4
8,0.02,12,2,4,0.8635385842847878,1.3307507695910603,3
8,0.02,12,2,5,0.5290573591010936,0.6040775187861467,2
8,0.02,12,2,6,0.08751078224661057,0.015899587147266914,1
8,0.02,12,2,7,0.03619534989318396,0.006984511670797389,2
8,0.02,12,2,8,0.009261614194237211,0.0008417388368435752,2
8,0.02,12,2,9,0.004425041345577085,0.00012737357086223255,2
8,0.02,12,2,10,0.0008720127838053315,3.2532202371982066e-06,1
8,0.02,12,3,1,4.220463161144929,7.170307132040065,3
8,0.02,12,3,2,3.243160353334398,5.311462115625632,3
8,0.02,12,3,3,2.393534626237498,3.691505875535647,4
8,0.02,12,3,4,1.422054659484557,2.018501117613729,3
8,0.02,12,3,5,0.619101235927916,0.6784243529713496,3
8,0.02,12,3,6,0.24261831612461116,0.1595511991626566,3
8,0.02,12,3,7,0.07469354570452502,0.011023226601539093,2
8,0.02,12,3,8,0.027888272749152065,0.0009513940080410066,1
8,0.02,12,3,9,0.006636726273114846,8.213268331402901e-05,1
8,0.02,12,3,10,0.0022322885153478467,9.957944952176945e-06,1
8,0.02,12,4,1,3.544287479367428,5.781454317628011,8
8,0.02,12,4,2,2.3616038732346123,3.66010600600438,7
8,0.02,12,4,3,1.6298246637477973,2.3517576710985013,7
8,0.02,12,4,4,0.7363834958464253,1.0043826665877438,4
8,0.02,12,4,5,0.3366733052636395,0.2541183334975887,4
8,0.02,12,4,6,0.19351461306782092,0.12262450844055017,3
8,0.02,12,4,7,0.12900828289121513,0.0560757927534663,3
8,0.02,12,4,8,0.04082047536382838,0.002321805789758713,3
8,0.02,12,4,9,0.010630281501390115,0.0008363614415660692,1
8,0.02,12,4,10,0.0037596687667829087,3.3016388551132536e-05,1
8,0.02,12,5,1,4.453721545014545,7.146316316678817,6
8,0.02,12,5,2,3.4668599392822443,5.626005822521513,5
8,0.02,12,5,3,2.483187891046043,3.963775155022109,4
8,0.02,12,5,4,1.717514223132703,2.534067014983574,5
8,0.02,12,5,5,0.8042486012948196,1.0749885793049483,5
8,0.02,12,5,6,0.19846870175814857,0.11640128649596093,1
8,0.02,12,5,7,0.10921322950742862,0.041335909539700566,2
8,0.02,12,5,8,0.03624341283839527,0.0038896618663155635,1
8,0.02,12,5,9,0.007778384802012539,0.00014657883679625172,1
8,0.02,12,5,10,0.000953663475469213,4.675625721262122e-06,1
8,0.02,12,6,1,3.903231913640795,6.581822764969704,7
8,0.02,12,6,2,2.958689384012036,4.909803144543954,6
8,0.02,12,6,3,2.1462166161678375,3.36297263467981,5
8,0.02,12,6,4,1.0763099130646445,1.3180493787109038,5
8,0.02,12,6,5,0.4892577978569417,0.40013242845338937,3
8,0.02,12,6,6,0.18811902826767835,0.05267805916914625,5
8,0.02,12,6,7,0.06122697581328396,0.016597040930275142,1
8,0.02,12,6,8,0.03327506577258177,0.0011113830568447725,3
8,0.02,12,6,9,0.010502856887274703,0.00012343469892783787,2
8,0.02,12,6,10,0.0055408543484176676,4.536762532580951e-05,1
8,0.02,12,7,1,4.749750493821374,8.10445471391115,8
8,0.02,12,7,2,3.6480509210711247,5.910471774395226,8
8,0.02,12,7,3,2.4167739188637434,3.5633912434518358,7
8,0.02,12,7,4,1.0280522519616326,1.0095365975500838,7
8,0.02,12,7,5,0.8077270178573599,1.1665308377148413,3
8,0.02,12,7,6,0.23121487106818428,0.2194059669917241,3
8,0.02,12,7,7,0.10325860998319314,0.020779009030745144,3
8,0.02,12,7,8,0.0376820620496634,0.001774997967510572,3
8,0.02,12,7,9,0.006298653970002732,0.00016585827951942633,1
8,0.02,12,7,10,0.0024579741706176605,1.6277852934010184e-05,1
8,0.02,12,8,1,5.590194700441774,9.360309556684179,3
8,0.02,12,8,2,4.301326769723531,7.1911456720516576,4
8,0.02,12,8,3,3.358230545864185,5.3419510876446985,3
8,0.02,12,8,4,1.9905812264842098,3.1692810580272095,4
8,0.02,12,8,5,1.3239306218040365,1.7616204410504999,3
8,0.02,12,8,6,0.44327943811121173,0.6431594972694654,4
8,0.02,12,8,7,0.24554115073254223,0.17443633079160747,3
8,0.02,12,8,8,0.08052270550467,0.012952780318396862,3
8,0.02,12,8,9,0.03526076873590256,0.001711877556290986,1
8,0.02,12,8,10,0.012333188293721875,0.0001449271710978195,1
8,0.02,12,9,1,4.163816043034306,6.881142781848494,3
8,0.02,12,9,2,3.4407555115040083,5.452812506205634,2
8,0.02,12,9,3,2.145310326482182,3.1623798325329986,3
8,0.02,12,9,4,1.422249794951881,1.7340495568901382,2
8,0.02,12,9,5,0.7725859835444151,0.673025926675642,2
8,0.02,12,9,6,0.38759802152281253,0.20047816144942487,2
8,0.02,12,9,7,0.1744327366815046,0.07072198988115908,2
8,0.02,12,9,8,0.09330314016658114,0.011099066487499698,2
8,0.02,12,9,9,0.028648563634503077,0.0004923185633298743,1
8,0.02,12,9,10,0.005646627673657534,2.2609991946254127e-05,1
8,0.02,12,10,1,4.630498805672005,7.944485957239328,5
8,0.02,12,10,2,3.78739701588157,6.343534084047999,5
8,0.02,12,10,3,2.8543985661889444,4.804202242064473,5
8,0.02,12,10,4,2.1964628879957324,3.5948758217769843,5
8,0.02,12,10,5,1.2942855397998532,1.75300848958506,5
8,0.02,12,10,6,0.48417147166489727,0.2548846874660615,5
8,0.02,12,10,7,0.19300673094974563,0.03181098763519685,3
8,0.02,12,10,8,0.07542166665909633,0.0023185310290063654,3
8,0.02,12,10,9,0.02495304158504652,0.00031458881626988955,2
8,0.02,12,10,10,0.007849171925744969,4.6923126845399565e-05,1
8,0.02,12,11,1,3.7744273812598976,6.246689581964315,6
8,0.02,12,11,2,2.9629393151042116,4.751491211707137,4
8,0.02,12,11,3,1.8038709253447642,2.9746808699503973,3
8,0.02,12,11,4,1.0231954583945218,1.5734253917266834,6
8,0.02,12,11,5,0.3378702168727248,0.22851102065934903,6
8,0.02,12,11,6,0.1292768378017275,0.07118100781289627,4
8,0.02,12,11,7,0.06028247148665322,0.007863892218519908,4
8,0.02,12,11,8,0.01411107804583267,0.002801500368720511,2
8,0.02,12,11,9,0.005724302078757404,0.0004296968877390839,2
8,0.02,12,11,10,0.001411907172460758,1.2143436658007545e-05,1
8,0.02,12,12,1,4.969531837890102,8.37691124009166,3
8,0.02,12,12,2,3.6018305885013646,5.894650247522941,2
8,0.02,12,12,3,2.2543697340454365,3.725561628594038,4
8,0.02,12,12,4,1.365600643514572,2.1851741749245104,3
8,0.02,12,12,5,0.44302934548906947,0.4712357063918766,3
8,0.02,12,12,6,0.18030758407876313,0.07810481502180444,4
8,0.02,12,12,7,0.07630644851760593,0.012576594997224078,3
8,0.02,12,12,8,0.02629599663125326,0.0020687831531827072,3
8,0.02,12,12,9,0.008125093628226665,5.680158416154768e-05,1
8,0.02,12,12,10,0.003176833800937473,1.1549248204900664e-05,1
8,0.02,12,13,1,4.7170857309170735,8.10784656497769,3
8,0.02,12,13,2,3.588239134665418,6.031200391945658,3
8,0.02,12,13,3,2.3622359389199943,3.870443118936464,3
8,0.02,12,13,4,1.8451303092395648,3.0492905214939796,4
8,0.02,12,13,5,1.0933854135937722,1.6480272294657716,4
8,0.02,12,13,6,0.7049702004656648,0.9864554572504005,2
8,0.02,12,13,7,0.2993544470050864,0.14291305890618666,1
8,0.02,12,13,8,0.07537889045775259,0.005803793018849035,3
8,0.02,12,13,9,0.02802036427692478,0.000506004366888746,2
8,0.02,12,13,10,0.013369969944513116,5.661456585848157e-05,1
8,0.02,12,14,1,5.286136276131629,8.783491464048957,5
8,0.02,12,14,2,4.289259732280069,7.1214638519870235,4
8,0.02,12,14,3,3.355592916655084,5.252134059787796,3
8,0.02,12,14,4,2.1812785723803394,3.0657305502506453,3
8,0.02,12,14,5,1.1882109689568132,1.3851569617636628,3
8,0.02,12,14,6,0.5102606720624152,0.380812081429859,1
8,0.02,12,14,7,0.1855562660064738,0.06365555334344997,3
8,0.02,12,14,8,0.05573959213826285,0.004009230234252925,1
8,0.02,12,14,9,0.027507790896503792,0.0017586678187644367,1
8,0.02,12,14,10,0.006192498431511595,0.00012404592590797847,1
8,0.02,12,15,1,4.218131441470712,7.0999704843180815,5
8,0.02,12,15,2,3.308746577299969,5.240922496899884,2
8,0.02,12,15,3,2.339529554620656,3.675893229504748,2
8,0.02,12,15,4,1.5430527080914551,2.311043641183743,5
8,0.02,12,15,5,0.8689823999915429,1.2222741563833672,4
8,0.02,12,15,6,0.3771145094744419,0.25889208696028376,3
8,0.02,12,15,7,0.2660204654302252,0.0927515320319543,2
8,0.02,12,15,8,0.04612848239174561,0.002509958683415192,1
8,0.02,12,15,9,0.006936591800970504,0.0001568957479829436,2
8,0.02,12,15,10,0.0015062814104620514,6.9241058522351295e-06,1
8,0.02,12,16,1,4.174288828885947,7.113079379325203,3
8,0.02,12,16,2,3.2378678627377457,5.461411146137301,3
8,0.02,12,16,3,2.1140976178022104,3.458972571422791,2
8,0.02,12,16,4,1.0455827055268418,1.5859547897358723,3
8,0.02,12,16,5,0.6824143743546323,1.0434345725821235,4
8,0.02,12,16,6,0.21910287139723827,0.19191048788139575,3
8,0.02,12,16,7,0.12507248266622106,0.05154363429382158,2
8,0.02,12,16,8,0.040970811918775496,0.004734100541666564,1
8,0.02,12,16,9,0.014474026877829616,0.0004180253685621693,2
8,0.02,12,16,10,0.004641961740700751,4.127764948336221e-05,1
8,0.02,12,17,1,4.667723862510467,7.6866123255065695,4
8,0.02,12,17,2,3.454661384370784,5.3815127633111555,3
8,0.02,12,17,3,2.446709544518267,3.7537897504572957,4
8,0.02,12,17,4,1.3732188963121494,1.69620769789017,3
8,0.02,12,17,5,0.7165821771138976,0.9950980920619159,4
8,0.02,12,17,6,0.3535748177207836,0.22352825823956302,3
8,0.02,12,17,7,0.079954009517472,0.01282399596642847,3
8,0.02,12,17,8,0.05021224482389641,0.003509099860846021,1
8,0.02,12,17,9,0.011300865472676946,0.00018997991757707666,1
8,0.02,12,17,10,0.001609184446376588,5.020061482952087e-06,1
8,0.02,12,18,1,4.57907658653405,7.202463316469213,2
8,0.02,12,18,2,3.463939776963773,5.690806692305262,3
8,0.02,12,18,3,2.2459776483986182,3.190296299245933,2
8,0.02,12,18,4,1.778175988662312,2.6291978164242025,3
8,0.02,12,18,5,1.218063106080546,1.7420042928009458,3
8,0.02,12,18,6,0.8441287503866288,1.147384987920093,3
8,0.02,12,18,7,0.28839043873704817,0.19493640544592594,3
8,0.02,12,18,8,0.12435785568336222,0.023967532349187692,2
8,0.02,12,18,9,0.05676253726323566,0.0045158424329407865,1
8,0.02,12,18,10,0.016779887191910703,0.00031296239889755384,1
8,0.02,12,19,1,4.207621255107254,6.941602749196171,4
8,0.02,12,19,2,3.3471245697073204,5.384557249476382,3
8,0.02,12,19,3,2.211998138235442,3.1971887284883262,3
8,0.02,12,19,4,1.2564295751056225,2.01961814745653,5
8,0.02,12,19,5,0.5816774482764995,0.6432995312145273,4
8,0.02,12,19,6,0.29110398977821994,0.18912457300767826,3
8,0.02,12,19,7,0.09533603360014986,0.03419880216140392,2
8,0.02,12,19,8,0.04170845231274889,0.0037960112525894374,1
8,0.02,12,19,9,0.010813820084168313,0.00021455065565767484,2
8,0.02,12,19,10,0.005411353926550788,4.062023823436789e-05,1
8,0.02,12,20,1,5.0390181125600755,8.277775315266041,4
8,0.02,12,20,2,4.282157158992483,6.879460280146507,7
8,0.02,12,20,3,3.082664875972121,4.7241385349055705,7
8,0.02,12,20,4,2.326525315921071,3.588986879134044,5
8,0.02,12,20,5,1.227781570834244,1.6915337742493985,2
8,0.02,12,20,6,0.5066440012994633,0.32731811113824705,4
8,0.02,12,20,7,0.24731619089731893,0.07674422694436878,2
8,0.02,12,20,8,0.1208042178326103,0.01456814900636516,2
8,0.02,12,20,9,0.03624968277631169,0.00048604016212827617,1
8,0.02,12,20,10,0.008920659155233324,2.1089195517021153e-05,1
8,0.02,12,21,1,4.670803177603146,7.934410280523508,6
8,0.02,12,21,2,3.5096083154115636,5.82969776222232,5
8,0.02,12,21,3,2.5637814945364195,4.157680317814867,4
8,0.02,12,21,4,2.0520318439052954,3.3215155315529046,3
8,0.02,12,21,5,1.2947753864281335,1.9294628200109045,2
8,0.02,12,21,6,0.3770053919300089,0.267099731299858,1
8,0.02,12,21,7,0.12256367483454689,0.03335392642811463,1
8,0.02,12,21,8,0.061687942542880236,0.0221738003460068,2
8,0.02,12,21,9,0.024317805448200502,0.0012806370456068805,2
8,0.02,12,21,10,0.0079181159170858,0.00015341653595335458,1
8,0.02,12,22,1,3.720402254125995,6.300400213201961,8
8,0.02,12,22,2,2.7254799265297454,4.629097938038127,7
8,0.02,12,22,3,1.9661534313745523,3.30952729934792,6
8,0.02,12,22,4,1.1919981999626632,1.5394005175217949,2
8,0.02,12,22,5,0.4084651357160656,0.3316614760763681,2
8,0.02,12,22,6,0.26567553081312845,0.1923431477178834,3
8,0.02,12,22,7,0.17845858675359594,0.0686535899621461,2
8,0.02,12,22,8,0.06334060250975071,0.005454253531741671,2
8,0.02,12,22,9,0.01677155358732385,0.0003318950959272371,1
8,0.02,12,22,10,0.003606645934723929,1.0626620415621346e-05,1
8,0.02,12,23,1,4.381842548756277,7.202264518754461,3
8,0.02,12,23,2,3.3119146455492743,5.09706671621691,2
8,0.02,12,23,3,2.0796808324656784,3.0304005533983815,2
8,0.02,12,23,4,1.6215687848559703,2.526120207584521,3
8,0.02,12,23,5,1.2756183378793757,1.9686270540037079,3
8,0.02,12,23,6,0.45866250315622104,0.3325615514583973,2
8,0.02,12,23,7,0.22436143183517565,0.044200310180356084,1
8,0.02,12,23,8,0.03765845834894499,0.0047043020647912215,1
8,0.02,12,23,9,0.013508746144291095,0.0004594162106315025,1
8,0.02,12,23,10,0.005948129878220243,6.544117158924223e-05,1
8,0.02,12,24,1,5.54802163737331,9.30412176230595,7
8,0.02,12,24,2,4.4757911724315065,7.316192818013086,7
8,0.02,12,24,3,3.3485035234637124,5.190936028717754,7
8,0.02,12,24,4,2.1372692415467647,3.509113754615175,3
8,0.02,12,24,5,1.448968310330656,2.2092255510394736,3
8,0.02,12,24,6,0.6575083929318009,0.7305594588611122,3
8,0.02,12,24,7,0.3411036517880266,0.17159883011574806,3
8,0.02,12,24,8,0.1429298756174795,0.03326817881964672,2
8,0.02,12,24,9,0.05451353795491798,0.003167338938618869,2
8,0.02,12,24,10,0.021377648909453484,0.00010992906919504719,1
8,0.02,12,25,1,4.256361338204302,6.809595183389675,2
8,0.02,12,25,2,3.134535606941805,4.9076653715289,2
8,0.02,12,25,3,2.123882529116324,3.18548436741008,2
8,0.02,12,25,4,1.3524898118671675,2.15901173695322,5
8,0.02,12,25,5,0.6021761177831646,0.7554761722006038,5
8,0.02,12,25,6,0.23646596408920395,0.07795837461247324,5
8,0.02,12,25,7,0.09730362934910097,0.05300222443215752,2
8,0.02,12,25,8,0.046883159962948895,0.008412380695260069,2
8,0.02,12,25,9,0.019709403471029674,0.000871899365577633,2
8,0.02,12,25,10,0.006002758764111604,6.920907380170149e-05,1
8,0.02,12,26,1,4.950588391787893,8.12676390548281,4
8,0.02,12,26,2,3.8971484036506148,6.430783915729146,3
8,0.02,12,26,3,2.9197574791673624,4.758561851846281,3
8,0.02,12,26,4,1.9467818996133524,3.2679206231352858,5
8,0.02,12,26,5,1.1869139792788665,1.776398429905175,4
8,0.02,12,26,6,0.6123097532258956,0.7977151108562008,3
8,0.02,12,26,7,0.2729274677394766,0.16438188888958116,3
8,0.02,12,26,8,0.04277412147153292,0.0036373555963784554,3
8,0.02,12,26,9,0.0109664521804973,0.00043466801928104815,1
8,0.02,12,26,10,0.002642347681151236,1.8554784386282108e-05,1
8,0.02,12,27,1,4.0010819600623275,6.468768656789608,6
8,0.02,12,27,2,2.9834068830539824,4.821540888392192,7
8,0.02,12,27,3,2.2735637092208396,3.528129507047117,7
8,0.02,12,27,4,1.2057754423231746,1.6186727243536723,6
8,0.02,12,27,5,0.6674190678504441,0.995643602132585,1
8,0.02,12,27,6,0.25326668537338115,0.22745910976442119,1
8,0.02,12,27,7,0.09771471281821853,0.03601177500378938,2
8,0.02,12,27,8,0.055805771958530315,0.011006016643023031,1
8,0.02,12,27,9,0.01888480563938799,0.0012669237165425784,1
8,0.02,12,27,10,0.0045062038641390245,6.861693972126659e-05,1
8,0.02,12,28,1,4.217508402933731,6.9018886023855135,3
8,0.02,12,28,2,3.333255825374575,5.352285180818157,3
8,0.02,12,28,3,2.4288492871463063,3.773889556672529,2
8,0.02,12,28,4,1.4455996341829085,2.153697627981461,2
8,0.02,12,28,5,0.831060269878666,0.9182307710441808,2
8,0.02,12,28,6,0.37361662410230423,0.3833853663024964,2
8,0.02,12,28,7,0.08267185465217786,0.020097139102961847,2
8,0.02,12,28,8,0.026391673278169492,0.002296014534850954,2
8,0.02,12,28,9,0.009710179942077346,0.0007022364399986714,2
8,0.02,12,28,10,0.0020603954173274985,2.192093008268614e-05,1
8,0.02,12,29,1,4.406324810041221,7.174502297458311,7
8,0.02,12,29,2,3.354511922591188,5.115058319397097,6
8,0.02,12,29,3,2.5535377849086007,4.187956160496665,4
8,0.02,12,29,4,1.7897948241668917,2.654465501738972,4
8,0.02,12,29,5,1.0193059788521346,1.412185362251634,2
8,0.02,12,29,6,0.7931060469842244,1.14354482982678,4
8,0.02,12,29,7,0.3149993962505686,0.2417236037689161,3
8,0.02,12,29,8,0.1859403335397669,0.08848137464000416,2
8,0.02,12,29,9,0.039739703171962404,0.0028253317374176135,1
8,0.02,12,29,10,0.009643790492109616,0.00010056959620285966,1
8,0.02,12,30,1,3.7610754131040594,6.31588202214537,4
8,0.02,12,30,2,3.158357322673684,5.4019554321377825,4
8,0.02,12,30,3,2.681813363133161,4.514909685486689,3
8,0.02,12,30,4,1.6873287289660883,2.809486346052804,3
8,0.02,12,30,5,0.8394283470052528,1.1735036808854815,2
8,0.02,12,30,6,0.18717066059933352,0.1365085001559443,4
8,0.02,12,30,7,0.13247830627767598,0.061317599041514015,3
8,0.02,12,30,8,0.05291235595021959,0.004743773132149798,3
8,0.02,12,30,9,0.02018869840007831,0.000463010070715697,2
8,0.02,12,30,10,0.0017390207447771644,1.0190760225015083e-05,1
8,0.02,12,31,1,4.177843878656301,6.968627680223676,8
8,0.02,12,31,2,3.051597647754649,4.747617174510708,8
8,0.02,12,31,3,2.19347540815097,3.344980501881661,6
8,0.02,12,31,4,1.209408322887322,1.4333397042717646,6
8,0.02,12,31,5,0.48402186299715666,0.375551645483851,5
8,0.02,12,31,6,0.1525703702009764,0.03600689155824455,5
8,0.02,12,31,7,0.05787274553217969,0.012128775888765375,2
8,0.02,12,31,8,0.028159067300348894,0.0025956460041225426,2
8,0.02,12,31,9,0.01024442559542571,0.00017968771955700902,2
8,0.02,12,31,10,0.003038793327176492,1.4773409343860067e-05,1
8,0.02,12,32,1,3.623244251162353,5.928298872520703,2
8,0.02,12,32,2,2.266203233769849,3.6498034650435773,2
8,0.02,12,32,3,1.5338547266202536,2.517205212712513,7
8,0.02,12,32,4,0.8555425933721228,1.2070268138541156,7
8,0.02,12,32,5,0.2656194261784304,0.27060058525288966,2
8,0.02,12,32,6,0.09727820005983823,0.0378451570980598,2
8,0.02,12,32,7,0.07504072927983607,0.02127114310712841,2
8,0.02,12,32,8,0.029314056665461052,0.004155716327005621,2
8,0.02,12,32,9,0.011283963472786596,0.0004886929739917889,2
8,0.02,12,32,10,0.0028908558982472243,1.7710293606754135e-05,1
8,0.02,12,33,1,3.8777660980179576,5.91039492678647,6
8,0.02,12,33,2,2.8791873154363543,4.2481928806329385,6
8,0.02,12,33,3,2.199384881703999,3.1254118121025236,6
8,0.02,12,33,4,1.5447225579222952,2.160897069693431,3
8,0.02,12,33,5,1.055144923912927,1.3086775785469236,3
8,0.02,12,33,6,0.40324232207927224,0.29457173320650654,3
8,0.02,12,33,7,0.14622075364757947,0.09497520166068973,2
8,0.02,12,33,8,0.03488219802320636,0.021698993787227394,2
8,0.02,12,33,9,0.010299928924688118,0.0030521946259103316,2
8,0.02,12,33,10,0.001996879098649984,3.493818602251508e-05,1
8,0.02,12,34,1,4.3838899586514195,7.284878301855452,8
8,0.02,12,34,2,3.502952870672093,5.550462994300741,8
8,0.02,12,34,3,2.429004606042252,3.8735542369939324,5
8,0.02,12,34,4,1.4555478125274242,2.219882200829442,4
8,0.02,12,34,5,0.8534024941154748,1.2158467359254068,4
8,0.02,12,34,6,0.33367623271989544,0.22925170094799086,4
8,0.02,12,34,7,0.13904508884825617,0.10051338565934742,2
8,0.02,12,34,8,0.08006972547962121,0.02447867797838299,2
8,0.02,12,34,9,0.02731104208128876,0.0007944605033163299,1
8,0.02,12,34,10,0.007634591572408311,5.172104904538344e-05,1
8,0.02,12,35,1,3.5101390307414153,5.802098015214023,5
8,0.02,12,35,2,2.9433477029837665,4.651856803975784,4
8,0.02,12,35,3,1.8546476653378878,2.809531134799327,3
8,0.02,12,35,4,1.0362828788348342,1.440748164184825,2
8,0.02,12,35,5,0.4484589071098597,0.4920269459236657,4
8,0.02,12,35,6,0.1766791273171897,0.06001302213469195,4
8,0.02,12,35,7,0.0982448938024909,0.03895602088459604,2
8,0.02,12,35,8,0.04160378210641191,0.004302573137389132,2
8,0.02,12,35,9,0.010997972340289763,0.0002338037858784503,1
8,0.02,12,35,10,0.002560490613610966,1.514719016881827e-05,1
8,0.02,12,36,1,4.300057336885267,7.212980353316354,7
8,0.02,12,36,2,3.5792271144307293,5.967959442749393,7
8,0.02,12,36,3,2.511271200986279,3.877796396934695,7
8,0.02,12,36,4,1.429141170136191,1.8119560751592285,6
8,0.02,12,36,5,0.6476589696269954,0.7036131905418177,2
8,0.02,12,36,6,0.4069152136191949,0.24775640756307382,2
8,0.02,12,36,7,0.22877706046932644,0.07999921022528511,2
8,0.02,12,36,8,0.09895430075029488,0.009529427092800802,2
8,0.02,12,36,9,0.040527066266177414,0.0011010925374872471,2
8,0.02,12,36,10,0.006134839981305262,2.539368243503759e-05,1
8,0.02,12,37,1,4.864083816207078,8.179652679338462,3
8,0.02,12,37,2,3.8541637331210126,6.425920949241922,4
8,0.02,12,37,3,3.1221626398029443,5.120593069834957,4
8,0.02,12,37,4,2.1490412753128965,3.294716391252784,3
8,0.02,12,37,5,1.070082044896477,1.2534003003376828,3
8,0.02,12,37,6,0.40797920896977224,0.24593946912681552,2
8,0.02,12,37,7,0.18129299710741975,0.04499983092982163,3
8,0.02,12,37,8,0.07372304873456592,0.007339832347696529,3
8,0.02,12,37,9,0.02958879779699508,0.0006772056604784638,2
8,0.02,12,37,10,0.010663765745869469,5.1664184958610804e-05,1
8,0.02,12,38,1,5.5896602876805215,9.69723243452541,5
8,0.02,12,38,2,4.436888232487091,7.532214657304358,4
8,0.02,12,38,3,3.397443127908227,5.76867536714925,5
8,0.02,12,38,4,2.2866250390655356,3.61179809298838,5
8,0.02,12,38,5,1.735785933892025,2.4803773811809737,5
8,0.02,12,38,6,1.051858638611849,1.2412077345832504,4
8,0.02,12,38,7,0.3966228870790047,0.13854734464777962,3
8,0.02,12,38,8,0.16882229443006302,0.01580150268649838,2
8,0.02,12,38,9,0.039482437602481824,0.0010798984661857247,1
8,0.02,12,38,10,0.008054644723497262,8.420466325631537e-05,1
8,0.02,12,39,1,3.6132915272408415,5.784721748842127,7
8,0.02,12,39,2,2.831643134295854,4.5787214771071465,2
8,0.02,12,39,3,1.529574135368188,2.4180647870242993,7
8,0.02,12,39,4,0.7830160688201193,0.9630317637049153,4
8,0.02,12,39,5,0.3199729170091725,0.2453252211418242,4
8,0.02,12,39,6,0.18911251916877703,0.10603882962853817,2
8,0.02,12,39,7,0.06485073253333518,0.004547355208561754,1
8,0.02,12,39,8,0.034008135552204166,0.004613425486390099,2
8,0.02,12,39,9,0.009640132289934655,0.0001283272152079462,1
8,0.02,12,39,10,0.0017415242511908957,5.498568597772646e-06,1
8,0.02,12,40,1,4.386299067328995,7.201188470043924,8
8,0.02,12,40,2,3.5210593671860515,5.8480664513217455,5
8,0.02,12,40,3,2.7048006446008017,4.323231981553965,5
8,0.02,12,40,4,1.8656593800564316,2.7768766111184853,4
8,0.02,12,40,5,1.0510808405080585,1.3879845130241169,4
8,0.02,12,40,6,0.3650609127536111,0.23742142137628974,2
8,0.02,12,40,7,0.138929887749784,0.031746681806287924,2
8,0.02,12,40,8,0.05711674783190901,0.0019054619267997452,3
8,0.02,12,40,9,0.028185940525389697,0.0005130964585955411,2
8,0.02,12,40,10,0.008512513939633592,3.688777725763259e-05,1
8,0.02,12,41,1,6.0453983962954165,10.215653897266545,7
8,0.02,12,41,2,5.1306897482263505,8.424764892663223,6
8,0.02,12,41,3,3.9803679856657386,6.398435440117694,6
8,0.02,12,41,4,2.6882622593245724,4.100057846229795,5
8,0.02,12,41,5,1.5844826790609172,2.360593410412843,2
8,0.02,12,41,6,1.1215513586009358,1.4303642338347409,2
8,0.02,12,41,7,0.38332298058739056,0.21293408213558962,2
8,0.02,12,41,8,0.15309374200025871,0.036581615176988436,2
8,0.02,12,41,9,0.04049700234751796,0.0010607559572477498,1
8,0.02,12,41,10,0.012302265837929482,6.418318812961843e-05,1
8,0.02,12,42,1,3.598015401646686,5.788381597326843,5
8,0.02,12,42,2,2.722720116054541,4.407875590321741,4
8,0.02,12,42,3,1.852247634007993,2.8650534124040554,3
8,0.02,12,42,4,1.0275886644931678,1.4879209971541068,2
8,0.02,12,42,5,0.33507759873120513,0.25782257514688744,2
8,0.02,12,42,6,0.13874362673079865,0.07064425628910165,4
8,0.02,12,42,7,0.058434327506194705,0.009660890724761728,3
8,0.02,12,42,8,0.01986204030685279,0.0012794237734272684,2
8,0.02,12,42,9,0.00544292561858839,0.00016050929824906746,2
8,0.02,12,42,10,0.001481631387587612,1.1041269100786621e-05,1
8,0.02,12,43,1,5.766594828038958,9.534785076590264,6
8,0.02,12,43,2,4.379395531172541,6.852889597424184,5
8,0.02,12,43,3,3.0228372619479167,4.780668644409751,3
8,0.02,12,43,4,2.010214386550576,2.9023814950377407,3
8,0.02,12,43,5,1.1044844186094025,1.4434369971314176,3
8,0.02,12,43,6,0.4951379597564678,0.4375448792583274,2
8,0.02,12,43,7,0.1350146856283736,0.03320242922892369,2
8,0.02,12,43,8,0.057416896778697435,0.006084366396210683,3
8,0.02,12,43,9,0.024715739667790615,0.0010000159366807537,2
8,0.02,12,43,10,0.006213816854543808,0.00017588849112115668,1
8,0.02,12,44,1,4.447028438733836,7.535723470410822,4
8,0.02,12,44,2,3.6215732759959263,6.016902967523631,3
8,0.02,12,44,3,2.380154522796607,3.5664139160465,3
8,0.02,12,44,4,1.2091200480811928,1.407638378149782,2
8,0.02,12,44,5,0.3894788831292484,0.13511391003339313,2
8,0.02,12,44,6,0.1227519754765325,0.013603458864756668,2
8,0.02,12,44,7,0.049502391165376025,0.0029847654488559527,2
8,0.02,12,44,8,0.015469879578120072,0.0001873378623642452,1
8,0.02,12,44,9,0.005434300467415554,0.0002779289271899188,2
8,0.02,12,44,10,0.0016204181028154352,1.8281047294621544e-05,1
8,0.02,12,45,1,4.9291038901790625,8.45368728274871,7
8,0.02,12,45,2,4.042479436512783,6.716790548381617,7
8,0.02,12,45,3,2.755622608138756,4.409919020552836,7
8,0.02,12,45,4,1.774043026173013,2.861179387242636,3
8,0.02,12,45,5,1.380796195060137,2.041004825626823,2
8,0.02,12,45,6,0.39358153489144776,0.3754449788364145,2
8,0.02,12,45,7,0.20300608780047114,0.07487494727763178,2
8,0.02,12,45,8,0.08420908961972096,0.007926927937230488,2
8,0.02,12,45,9,0.0301255779228633,0.0005369652655744517,2
8,0.02,12,45,10,0.005153678334536949,1.2804540231670103e-05,1
8,0.02,12,46,1,3.795425230515102,6.0930911896938795,2
8,0.02,12,46,2,2.613954898324897,4.263104059072932,8
8,0.02,12,46,3,1.5741916864864454,2.330702080589395,7
8,0.02,12,46,4,0.6960263861270253,0.8130152889442721,6
8,0.02,12,46,5,0.33117250107254925,0.28206827136983925,5
8,0.02,12,46,6,0.11801119426027107,0.079682642857545,2
8,0.02,12,46,7,0.046969010748904694,0.013490352944518946,2
8,0.02,12,46,8,0.03604436498375385,0.0057208237204129375,2
8,0.02,12,46,9,0.011894103458766736,0.00047110486204360313,1
8,0.02,12,46,10,0.0028387892498180634,1.3212394845751874e-05,1
8,0.02,12,47,1,4.289921256678156,7.18901355148369,6
8,0.02,12,47,2,3.450052860142346,5.779550434409973,4
8,0.02,12,47,3,2.624321313973791,4.26124928066946,4
8,0.02,12,47,4,1.6636337808022859,2.6012552220721794,4
8,0.02,12,47,5,1.0319885124977208,1.4816868513505526,3
8,0.02,12,47,6,0.40469926803624645,0.2729436481357457,3
8,0.02,12,47,7,0.15802287714228136,0.027687702679646264,2
8,0.02,12,47,8,0.0500474161331681,0.001980993224053762,1
8,0.02,12,47,9,0.013832493074609431,0.00016105527185850121,1
8,0.02,12,47,10,0.004111949687167993,2.0096312017159335e-05,1
8,0.02,12,48,1,4.580531494870524,7.702269824604951,5
8,0.02,12,48,2,3.169663490446606,5.21892390973057,5
8,0.02,12,48,3,2.533160250158165,4.156721609123474,6
8,0.02,12,48,4,2.1027315465916843,3.254339660729986,5
8,0.02,12,48,5,0.8162428001672541,0.9266638708448554,5
8,0.02,12,48,6,0.389965175610655,0.2870377868523839,3
8,0.02,12,48,7,0.20488469778191742,0.07210879439652373,3
8,0.02,12,48,8,0.0841038594350163,0.007548421090433521,2
8,0.02,12,48,9,0.027063258175749283,0.0005860858637589672,2
8,0.02,12,48,10,0.005564855200384855,4.531955868891657e-05,1
8,0.02,12,49,1,4.176905248367749,6.9827569678511505,3
8,0.02,12,49,2,2.96044418988531,4.652535540740011,2
8,0.02,12,49,3,2.0927095041644357,3.28499331653628,3
8,0.02,12,49,4,1.4322960945427319,2.0292902315577255,4
8,0.02,12,49,5,0.7514715330150672,1.0020817147456942,2
8,0.02,12,49,6,0.5460363790131577,0.8969716533687242,1
8,0.02,12,49,7,0.14474776305494785,0.09760668400399908,1
8,0.02,12,49,8,0.05357544361618061,0.004894334643632092,1
8,0.02,12,49,9,0.013732277818800043,0.0002193056465440435,2
8,0.02,12,49,10,0.007049566985237732,0.00013644100271292814,1
8,0.02,12,50,1,3.9401001353869223,6.418433677480884,6
8,0.02,12,50,2,2.8054538549545978,4.619985982598893,4
8,0.02,12,50,3,1.924719081487984,3.079934299241515,6
8,0.02,12,50,4,1.2049689002035535,2.0148182196150755,2
8,0.02,12,50,5,0.46083724536529935,0.5288609588985818,2
8,0.02,12,50,6,0.1394812992281782,0.06189963817627664,3
8,0.02,12,50,7,0.06973543464604681,0.01950916055137064,2
8,0.02,12,50,8,0.01797224094431904,0.0008776282593121465,1
8,0.02,12,50,9,0.005948383071460839,0.00016724605360174394,2
8,0.02,12,50,10,0.0016173571397608555,7.716790292988662e-06,1
8,0.02,12,51,1,4.0962511253248906,6.610244053552682,4
8,0.02,12,51,2,3.1145581696820663,4.9660710610962795,4
8,0.02,12,51,3,2.1359911476239795,3.328769895171467,4
8,0.02,12,51,4,1.1328900532097155,1.4976198857299599,5
8,0.02,12,51,5,0.5662324164370016,0.5927377461633814,4
8,0.02,12,51,6,0.3543879544129851,0.2656491143664468,4
8,0.02,12,51,7,0.09381397975169925,0.020734062622798533,3
8,0.02,12,51,8,0.05560245234871353,0.004318982489714074,2
8,0.02,12,51,9,0.010034621096185248,0.00011976961674520226,1
8,0.02,12,51,10,0.0018076848234045428,5.885852644382794e-06,1
8,0.02,12,52,1,3.7204095362246647,5.973674280864294,6
8,0.02,12,52,2,3.06999418068245,5.019118440091722,5
8,0.02,12,52,3,1.9903705214543237,3.192611829644587,5
8,0.02,12,52,4,1.2021987538673322,1.5941836996462655,6
8,0.02,12,52,5,0.5517833983251208,0.639627858873693,5
8,0.02,12,52,6,0.21616058845668817,0.20958151220795784,5
8,0.02,12,52,7,0.12277585000238389,0.024219692471806553,3
8,0.02,12,52,8,0.0511353993049255,0.00983702749189952,3
8,0.02,12,52,9,0.02155423454235539,0.0017194641480191564,2
8,0.02,12,52,10,0.006863105418631221,0.0001140670524470977,1
8,0.02,12,53,1,4.296821573836468,7.2232691816174555,3
8,0.02,12,53,2,3.203770712014709,5.486308251181697,3
8,0.02,12,53,3,2.2272094344128277,3.671088783843814,3
8,0.02,12,53,4,1.489668658342266,2.2883254897303313,3
8,0.02,12,53,5,0.446925749124647,0.5809376297753293,3
8,0.02,12,53,6,0.205035847497534,0.19979169506723338,3
8,0.02,12,53,7,0.12426999692200269,0.05808342051036064,3
8,0.02,12,53,8,0.05059142215950807,0.01312160994007705,1
8,0.02,12,53,9,0.03044102653437797,0.004125478654508186,1
8,0.02,12,53,10,0.0051692442110873316,0.00012673226782489166,1
8,0.02,12,54,1,3.949467892241456,6.431753685528349,4
8,0.02,12,54,2,2.784074479491407,4.4531648067564475,4
8,0.02,12,54,3,1.705214238767093,2.77057424088607,2
8,0.02,12,54,4,0.9697210944107884,1.481944644195039,5
8,0.02,12,54,5,0.7118261971891862,1.0614614609994426,5
8,0.02,12,54,6,0.38914467058169677,0.33223034705216214,4
8,0.02,12,54,7,0.10674753797125014,0.03999494334393283,3
8,0.02,12,54,8,0.027864195454823104,0.003824466432332585,2
8,0.02,12,54,9,0.010312649007815367,0.00029556213319459346,1
8,0.02,12,54,10,0.0021546787797301903,8.168006994324628e-06,1
8,0.02,12,55,1,3.6390227823122316,5.859847543915773,4
8,0.02,12,55,2,2.5563418852267574,4.128450369989391,3
8,0.02,12,55,3,1.3809799086264647,1.98846422875096,7
8,0.02,12,55,4,1.0822361514581047,1.5210115436040175,4
8,0.02,12,55,5,0.5245057189732236,0.8810287044090046,1
8,0.02,12,55,6,0.24606926137506946,0.13892465540867072,4
8,0.02,12,55,7,0.11220632356869054,0.015364913326274987,4
8,0.02,12,55,8,0.03838487353481135,0.003210277043105947,3
8,0.02,12,55,9,0.011299573487843162,0.00039692179501926717,2
8,0.02,12,55,10,0.004787185517692194,0.00020855339702485765,1
8,0.02,12,56,1,4.146240285481243,6.8852944967950584,8
8,0.02,12,56,2,3.1096548089337954,5.015222393865365,8
8,0.02,12,56,3,2.34745624214502,3.7848568946916625,5
8,0.02,12,56,4,1.418973710256525,2.3091988136809416,4
8,0.02,12,56,5,0.7918632487553321,1.1022274375415613,3
8,0.02,12,56,6,0.33717615079050667,0.23314339722653976,2
8,0.02,12,56,7,0.1214484158137541,0.03481447996306031,2
8,0.02,12,56,8,0.05101756954064207,0.005175580906909616,2
8,0.02,12,56,9,0.014230072440462038,0.0004336306026573311,2
8,0.02,12,56,10,0.004070292828064481,3.561869728407885e-05,1
8,0.02,12,57,1,4.320642647694154,7.404273030434354,6
8,0.02,12,57,2,3.569874981441437,5.978691606516442,5
8,0.02,12,57,3,2.4617624825441453,3.837276315291369,4
8,0.02,12,57,4,1.757887891623966,2.674118134176691,5
8,0.02,12,57,5,0.9289815069195573,1.2204142829381528,2
8,0.02,12,57,6,0.308021952097949,0.11241769929905665,4
8,0.02,12,57,7,0.1795484032589183,0.08002122076843854,2
8,0.02,12,57,8,0.07423856360327363,0.005537228511782288,2
8,0.02,12,57,9,0.03139787939786309,0.0022342934384571578,2
8,0.02,12,57,10,0.0036097922279836325,3.801037081707648e-05,1
8,0.02,12,58,1,4.5721607349062,7.547768129501518,5
8,0.02,12,58,2,3.5673902264664097,5.867442025808359,5
8,0.02,12,58,3,2.650455418588388,4.315868822436659,3
8,0.02,12,58,4,1.9754531734228653,3.142536871901399,3
8,0.02,12,58,5,0.99398737964062,1.4920657961816062,3
8,0.02,12,58,6,0.4061158308478099,0.19390069284031952,1
8,0.02,12,58,7,0.19229218212110943,0.04080822537541273,1
8,0.02,12,58,8,0.08051518003630243,0.012195880023631034,2
8,0.02,12,58,9,0.0404170499389398,0.0014468496371851103,1
8,0.02,12,58,10,0.008878801323829677,7.783404533512339e-05,1
8,0.02,12,59,1,4.821383850395035,8.133684786855461,5
8,0.02,12,59,2,4.085682897811621,6.590119865584562,3
8,0.02,12,59,3,3.001501448468618,4.754117635947747,3
8,0.02,12,59,4,2.132775931032187,3.109620950855991,3
8,0.02,12,59,5,0.9745257539991066,1.2946117685228256,5
8,0.02,12,59,6,0.4707737533184062,0.3015686341362933,3
8,0.02,12,59,7,0.3460167653152215,0.2221137312407908,3
8,0.02,12,59,8,0.09229394971817584,0.013616426119369862,2
8,0.02,12,59,9,0.035265074809608166,0.0014212187054063463,2
8,0.02,12,59,10,0.008697893609143748,7.46098711612575e-05,1
8,0.02,12,60,1,4.920727883509565,8.25770951298194,4
8,0.02,12,60,2,3.4601890119509715,5.856411915971062,4
8,0.02,12,60,3,2.935895702612898,4.700929246315589,4
8,0.02,12,60,4,2.073558107980153,3.1398691980431437,4
8,0.02,12,60,5,0.803140041406774,0.93128555723764,4
8,0.02,12,60,6,0.32659376662805784,0.1257741713676186,2
8,0.02,12,60,7,0.13341298453802253,0.01585764896801578,2
8,0.02,12,60,8,0.02874318725020686,0.0009347267400769965,2
8,0.02,12,60,9,0.012885651647339458,0.00017603883286554378,2
8,0.02,12,60,10,0.0027921588971224764,1.1647097126754602e-05,1
8,0.02,12,61,1,4.056962342794197,6.438192529674954,7
8,0.02,12,61,2,2.9077261133282093,4.614441616416315,7
8,0.02,12,61,3,2.1600170393590865,3.4306793150110124,7
8,0.02,12,61,4,1.1060502135169799,1.3804661150160626,7
8,0.02,12,61,5,0.30965935279142265,0.28682001858484085,2
8,0.02,12,61,6,0.17034160385570907,0.05199245371036376,1
8,0.02,12,61,7,0.05170365684828937,0.004872330186234564,1
8,0.02,12,61,8,0.016172811773630613,0.0015006927953393756,2
8,0.02,12,61,9,0.007913964675585916,0.00018219117465889667,1
8,0.02,12,61,10,0.002535273180978237,1.6605126907265344e-05,1
8,0.02,12,62,1,4.63205125159009,7.5981226404355375,4
8,0.02,12,62,2,3.747533152315098,6.030256228401669,4
8,0.02,12,62,3,2.489971074556239,3.9287953117084236,3
8,0.02,12,62,4,1.7764930820339497,2.626610740498709,6
8,0.02,12,62,5,1.0330255449741923,1.3323377839185984,5
8,0.02,12,62,6,0.8009585027341561,1.0562949739950351,4
8,0.02,12,62,7,0.1680063308384856,0.05167107393330639,4
8,0.02,12,62,8,0.07787195177908934,0.01014817447577343,2
8,0.02,12,62,9,0.0302304970833962,0.0007846307440129152,1
8,0.02,12,62,10,0.007891545847062531,2.6811796020709266e-05,1
8,0.02,12,63,1,4.003983354307373,6.4989068045009315,3
8,0.02,12,63,2,2.8312409691764415,4.298511395988758,3
8,0.02,12,63,3,1.8794885898052982,2.995766630458334,7
8,0.02,12,63,4,1.3111635161163306,1.7331187150312992,3
8,0.02,12,63,5,0.3746022681508272,0.2175843693135633,2
8,0.02,12,63,6,0.19556825164723435,0.05328151075224952,1
8,0.02,12,63,7,0.08971528442212318,0.0271214843969787,3
8,0.02,12,63,8,0.035950107570881684,0.004258921274812977,3
8,0.02,12,63,9,0.010297909585244014,0.0003212513041965792,2
8,0.02,12,63,10,0.0035147023600679006,3.3854570681057794e-05,1
8,0.02,12,64,1,3.73559542125448,5.8918087685765705,3
8,0.02,12,64,2,2.826349317426761,4.449562409591216,8
8,0.02,12,64,3,1.9638657205969814,2.935007118217534,7
8,0.02,12,64,4,1.150490207736997,1.6316586062910758,4
8,0.02,12,64,5,0.8253382994341933,1.0676596899308226,3
8,0.02,12,64,6,0.20464933008481978,0.0666248100434661,3
8,0.02,12,64,7,0.10223103247154697,0.018066309023970106,3
8,0.02,12,64,8,0.04365990299120526,0.0032350512670635823,2
8,0.02,12,64,9,0.011764022911364691,0.00013640208798726405,2
8,0.02,12,64,10,0.0031977428797329566,8.600508818901176e-06,1
8,0.02,12,65,1,4.124547933175281,6.772420977015592,8
8,0.02,12,65,2,3.1404021969706815,5.108472765799714,7
8,0.02,12,65,3,2.3035147373087295,3.612841591527012,6
8,0.02,12,65,4,1.3949966732769443,2.0648718681412053,5
8,0.02,12,65,5,0.6338976205125064,0.550417377822745,5
8,0.02,12,65,6,0.33229694676207266,0.2540057597708074,3
8,0.02,12,65,7,0.14914238962363946,0.05824957171030931,2
8,0.02,12,65,8,0.061554315361926015,0.005068435971500307,2
8,0.02,12,65,9,0.024283325564821823,0.00026091209575440644,1
8,0.02,12,65,10,0.008178809952944732,3.9304076191015724e-05,1
8,0.02,12,66,1,4.0233742030107,6.586109591775621,8
8,0.02,12,66,2,3.4292147976178136,5.617985341339882,7
8,0.02,12,66,3,1.9474014550433356,3.1568563762635673,6
8,0.02,12,66,4,1.2666135855940936,1.9346506710691358,3
8,0.02,12,66,5,0.7914174527389921,1.0036530884496813,4
8,0.02,12,66,6,0.7365331194626314,0.8134832461209669,3
8,0.02,12,66,7,0.45158434355423793,0.40796051639869013,3
8,0.02,12,66,8,0.13890293031088063,0.03483611055654201,2
8,0.02,12,66,9,0.04747050829325872,0.0030798021030395972,1
8,0.02,12,66,10,0.004867540406715776,3.3696219809087324e-05,1
8,0.02,12,67,1,4.033121424280001,6.516644189374368,9
8,0.02,12,67,2,2.8517488114342306,4.612406465217925,7
8,0.02,12,67,3,1.8139185210067623,2.966064032974126,6
8,0.02,12,67,4,1.159572585573132,1.7853552501881147,6
8,0.02,12,67,5,0.9033823446046263,1.4161954755570267,5
8,0.02,12,67,6,0.26217986463361065,0.19520349728793818,5
8,0.02,12,67,7,0.056895755227303724,0.013207281293704298,4
8,0.02,12,67,8,0.03330741793996239,0.01354822105869502,2
8,0.02,12,67,9,0.012617319771397462,0.0007040284834776145,1
8,0.02,12,67,10,0.005083355892926633,5.425308865092404e-05,1
8,0.02,12,68,1,4.367724888336745,6.830675330237153,2
8,0.02,12,68,2,3.3227400759992456,5.255120415506807,2
8,0.02,12,68,3,2.2952508685146356,3.329170739789845,2
8,0.02,12,68,4,1.0106677149259706,1.1667340136051232,1
8,0.02,12,68,5,0.5340671419873537,0.5664706092308034,3
8,0.02,12,68,6,0.25077023831683576,0.13006970844243781,3
8,0.02,12,68,7,0.14267977920501274,0.02936833325346555,2
8,0.02,12,68,8,0.08230432715660108,0.005708622736609215,2
8,0.02,12,68,9,0.024768585843705893,0.0005326028430960861,2
8,0.02,12,68,10,0.005263243208464274,2.1290955583452842e-05,1
8,0.02,12,69,1,4.117372721593076,6.743857549218532,3
8,0.02,12,69,2,3.3484295181459895,5.303413305127629,3
8,0.02,12,69,3,1.980144412917296,2.6566817799769744,2
8,0.02,12,69,4,1.003558446638662,1.3821208092254595,4
8,0.02,12,69,5,0.8303408360242575,1.0115463026547218,3
8,0.02,12,69,6,0.27163504613748835,0.07737794421872835,2
8,0.02,12,69,7,0.07375626050189155,0.009970378913591205,1
8,0.02,12,69,8,0.027448390357589503,0.0011103773086382773,2
8,0.02,12,69,9,0.0056250142049218965,6.340862686293747e-05,2
8,0.02,12,69,10,0.0011688274292911416,5.701920748890643e-06,1
8,0.02,12,70,1,3.6369294598237385,6.1002078987482395,3
8,0.02,12,70,2,2.5356241569481544,4.041639808730288,2
8,0.02,12,70,3,1.40677237182293,1.8707935861276628,2
8,0.02,12,70,4,0.5308004323220867,0.29592969050804285,1
8,0.02,12,70,5,0.20824184873261586,0.03202733937514601,1
8,0.02,12,70,6,0.06153607089012958,0.018113845134555717,2
8,0.02,12,70,7,0.028339066533106916,0.0036596047238042217,2
8,0.02,12,70,8,0.010649960041082096,0.0008417999105123641,2
8,0.02,12,70,9,0.003154146154921378,3.203428044251666e-05,1
8,0.02,12,70,10,0.0009062578638783236,2.8385328825208944e-06,1
8,0.02,12,71,1,4.482276437479348,7.398288335465866,7
8,0.02,12,71,2,3.434451968306428,5.329761226827868,6
8,0.02,12,71,3,2.5190361031349493,3.947178289731095,4
8,0.02,12,71,4,1.8010792756509932,2.688091277265869,4
8,0.02,12,71,5,0.6063014638011772,0.6384407119996638,4
8,0.02,12,71,6,0.25322706022968156,0.08795803109717859,4
8,0.02,12,71,7,0.08694578942564313,0.0208255236322632,1
8,0.02,12,71,8,0.041378182656037765,0.0027791101943979157,2
8,0.02,12,71,9,0.015761411141809845,0.0002615230092892773,1
8,0.02,12,71,10,0.002840196965266273,9.051703159457247e-06,1
8,0.02,12,72,1,4.340237686869312,7.354960693967854,8
8,0.02,12,72,2,3.474812659422682,5.582627020933176,8
8,0.02,12,72,3,2.585085560659543,4.00169114088559,7
8,0.02,12,72,4,1.6810357721607936,2.355341356693387,6
8,0.02,12,72,5,0.9087681133229086,1.2009499841361304,4
8,0.02,12,72,6,0.6602829774717929,0.9799460063912075,3
8,0.02,12,72,7,0.4078733300733024,0.40034039096995677,3
8,0.02,12,72,8,0.11023430333182205,0.03100638427913438,2
8,0.02,12,72,9,0.025215505691019047,0.0008206304927700359,2
8,0.02,12,72,10,0.005976590009208138,3.0033605050050483e-05,1
8,0.02,12,73,1,4.021432150473492,6.5446224497057734,7
8,0.02,12,73,2,3.120032831429876,5.024801433959297,7
8,0.02,12,73,3,2.0312446391229795,3.3198785406353277,7
8,0.02,12,73,4,1.1797205182367474,1.5817786192145293,5
8,0.02,12,73,5,0.6218471953874225,0.9725643653738132,4
8,0.02,12,73,6,0.3372604829882011,0.23389228018916164,5
8,0.02,12,73,7,0.15609868691611872,0.09303638615059384,4
8,0.02,12,73,8,0.024745832342819796,0.003947815573321023,3
8,0.02,12,73,9,0.0159699006356,0.0013219795214407526,2
8,0.02,12,73,10,0.0076485303712754416,0.00014509219536940066,1
8,0.02,12,74,1,4.884223192345329,8.055946354316603,3
8,0.02,12,74,2,4.072191066363329,6.656533350171749,4
8,0.02,12,74,3,2.888223302825123,4.545599132761161,3
8,0.02,12,74,4,2.1287428838138016,3.387721426275796,4
8,0.02,12,74,5,1.191776074248894,1.6087384304789438,4
8,0.02,12,74,6,0.7828797935901921,1.041699574666957,2
8,0.02,12,74,7,0.23376520381746424,0.11200369652849496,1
8,0.02,12,74,8,0.07325389140177485,0.00874064896245308,2
8,0.02,12,74,9,0.03587055045076504,0.001417540730479061,2
8,0.02,12,74,10,0.010829482435477544,9.123149134282471e-05,1
8,0.02,12,75,1,4.821587257558496,7.9684008428068545,7
8,0.02,12,75,2,3.633077044427454,5.892705603219895,7
8,0.02,12,75,3,2.81696510621933,4.329753630728234,7
8,0.02,12,75,4,1.6307525412335888,2.4291294990545147,4
8,0.02,12,75,5,0.8993706143395439,1.1675189823399794,4
8,0.02,12,75,6,0.452092535153243,0.2962313465678008,4
8,0.02,12,75,7,0.1143747042832679,0.016133666776704914,4
8,0.02,12,75,8,0.04869245018593382,0.008679397241330378,2
8,0.02,12,75,9,0.018211436611375476,0.0011934378542068913,1
8,0.02,12,75,10,0.0025331269158215264,1.9418028166739987e-05,1
8,0.02,12,76,1,4.2022714577745806,6.920239824854024,8
8,0.02,12,76,2,3.1074301655783554,5.040314021257851,7
8,0.02,12,76,3,1.6704831260320407,2.58063236951827,7
8,0.02,12,76,4,0.8171213586399357,1.0450401991347338,5
8,0.02,12,76,5,0.306566254529125,0.29502110712024443,5
8,0.02,12,76,6,0.0844343723915646,0.05830385828671858,4
8,0.02,12,76,7,0.025959982418285676,0.006644460029219701,3
8,0.02,12,76,8,0.010827811887711647,0.0018225376265128546,2
8,0.02,12,76,9,0.0051310251396525786,0.0003777961834572352,1
8,0.02,12,76,10,0.0008349783374939079,7.490349995364909e-06,1
8,0.02,12,77,1,4.415788415554202,7.223601271573177,5
8,0.02,12,77,2,3.3391967050637756,5.305865669685565,3
8,0.02,12,77,3,2.6590079379141773,4.1401040170001195,3
8,0.02,12,77,4,1.3546013972963014,1.7698967690662561,2
8,0.02,12,77,5,0.4426612461435333,0.40924174536359814,5
8,0.02,12,77,6,0.14964547186975707,0.07613530323067508,5
8,0.02,12,77,7,0.061742410021901506,0.00897875813832627,3
8,0.02,12,77,8,0.02293061248210293,0.0008836128648201935,2
8,0.02,12,77,9,0.006553027415311163,0.00015237219087005371,2
8,0.02,12,77,10,0.0014357351918672379,7.4125103530775505e-06,1
8,0.02,12,78,1,4.194052541583503,7.086737532707616,5
8,0.02,12,78,2,3.6210080867685015,5.846361576670791,7
8,0.02,12,78,3,2.591562334605264,4.163303102684667,6
8,0.02,12,78,4,1.7281939452173205,2.707583137729017,5
8,0.02,12,78,5,0.8289713981908164,1.1282192160495192,4
8,0.02,12,78,6,0.3606814318243625,0.3061820940757123,3
8,0.02,12,78,7,0.17389999294272762,0.0561549408054951,2
8,0.02,12,78,8,0.05180527588806605,0.004757192294990276,3
8,0.02,12,78,9,0.02052377204709721,0.0005328349014082079,2
8,0.02,12,78,10,0.007655183852707026,6.434511970532242e-05,1
8,0.02,12,79,1,4.381586331035809,7.188698240712647,4
8,0.02,12,79,2,3.5062325659828026,5.759077360751792,4
8,0.02,12,79,3,2.403496690452908,3.697344405628101,4
8,0.02,12,79,4,1.2158388551606691,1.8691752090347524,4
8,0.02,12,79,5,0.5686664332911011,0.6057768532116796,3
8,0.02,12,79,6,0.21236764170517475,0.08427554358491207,1
8,0.02,12,79,7,0.09082852747275716,0.014474088399122564,4
8,0.02,12,79,8,0.035790391959032775,0.0016338062894956096,3
8,0.02,12,79,9,0.012370960160165367,0.00033292357622904944,2
8,0.02,12,79,10,0.005105764629206533,5.910726866353855e-05,1
8,0.02,12,80,1,4.126194281461977,6.495039121276914,2
8,0.02,12,80,2,3.1084687661091337,5.065140463431913,4
8,0.02,12,80,3,2.6080612576999513,4.204424497777101,3
8,0.02,12,80,4,1.7034579224181048,2.5168746057753815,6
8,0.02,12,80,5,0.59285167364588,0.6673176650269603,2
8,0.02,12,80,6,0.2576174135472389,0.21215744311763096,3
8,0.02,12,80,7,0.14704683744743718,0.07614133364598352,3
8,0.02,12,80,8,0.05740195289801342,0.00666075680542022,2
8,0.02,12,80,9,0.013330525530069082,0.0003761504351302847,1
8,0.02,12,80,10,0.003056691935686473,9.086463634844222e-06,1
8,0.02,12,81,1,5.379097011157148,8.972930917984172,8
8,0.02,12,81,2,4.37333176395437,7.359324267374113,7
8,0.02,12,81,3,3.421822963131545,5.7013023693581175,4
8,0.02,12,81,4,2.5826988675319047,4.1833677105786435,4
8,0.02,12,81,5,1.9864533254798982,3.009682100805115,4
8,0.02,12,81,6,0.9783944849779438,1.1499993456554947,3
8,0.02,12,81,7,0.4131045496116741,0.29304782280209807,2
8,0.02,12,81,8,0.14993403003019345,0.030697404818578633,2
8,0.02,12,81,9,0.03374929796583892,0.0006952039552512446,2
8,0.02,12,81,10,0.0065740407715484395,2.636825622737149e-05,1
8,0.02,12,82,1,3.8875794038105305,6.327680237806515,3
8,0.02,12,82,2,2.9590925968785164,4.842297594677117,5
8,0.02,12,82,3,1.9148273595576626,3.112603266843209,4
8,0.02,12,82,4,1.3782734139194446,2.229332254040795,3
8,0.02,12,82,5,0.7696073998237729,1.1061290543707116,3
8,0.02,12,82,6,0.2966317627434609,0.16537457494867347,3
8,0.02,12,82,7,0.11123855100911761,0.03431425442257563,3
8,0.02,12,82,8,0.03348520205600991,0.0012182563404881108,3
8,0.02,12,82,9,0.008907669275348695,0.0001942464461990312,1
8,0.02,12,82,10,0.00301252872434965,1.2310038258078748e-05,1
8,0.02,12,83,1,4.098810544410041,6.658551574429319,3
8,0.02,12,83,2,2.6869983893789797,4.2491813432377015,3
8,0.02,12,83,3,1.4942251543872072,2.437671367409262,3
8,0.02,12,83,4,0.7954142237804334,1.192778422241406,3
8,0.02,12,83,5,0.6241762423376471,0.8359563745997711,3
8,0.02,12,83,6,0.136377640253583,0.0550089787919692,2
8,0.02,12,83,7,0.06692765358625508,0.012567177309758648,3
8,0.02,12,83,8,0.01673980200050984,0.0017006789635161113,3
8,0.02,12,83,9,0.006096628859948439,6.61303878661812e-05,1
8,0.02,12,83,10,0.001713119320019274,9.446287691616817e-06,1
8,0.02,12,84,1,4.388501321884515,7.2280962892691605,4
8,0.02,12,84,2,3.450533751034289,5.361769662637027,3
8,0.02,12,84,3,2.531256187312948,3.82672306189718,2
8,0.02,12,84,4,1.7320141626808407,2.271223040946068,2
8,0.02,12,84,5,0.9653986443328435,0.9660052719391814,2
8,0.02,12,84,6,0.4548079763521322,0.3551930205995273,2
8,0.02,12,84,7,0.28637346495234084,0.1421848996646471,1
8,0.02,12,84,8,0.07954541886012834,0.012245272230233084,2
8,0.02,12,84,9,0.033703812148029755,0.0007187722895185544,1
8,0.02,12,84,10,0.011142016420212286,5.2688165720127245e-05,1
8,0.02,12,85,1,4.581967644111591,7.493840198302003,6
8,0.02,12,85,2,3.2871544195145983,5.2056351727561925,5
8,0.02,12,85,3,2.0742420959200647,3.2792726219125434,6
8,0.02,12,85,4,1.3730614840599298,1.8966029712205685,3
8,0.02,12,85,5,0.856774432009443,1.1376841626594256,3
8,0.02,12,85,6,0.6069275536542378,0.9435446504236431,2
8,0.02,12,85,7,0.12541834649513284,0.09052616557853455,2
8,0.02,12,85,8,0.03017450744866146,0.002729078987327327,1
8,0.02,12,85,9,0.013810257619907063,0.0007361327837323017,2
8,0.02,12,85,10,0.003128779478167587,2.433401065538021e-05,1
8,0.02,12,86,1,3.610057880059701,5.759163054311035,6
8,0.02,12,86,2,2.536261379568254,4.05117901344315,6
8,0.02,12,86,3,1.9748297714820229,2.9664901230773015,6
8,0.02,12,86,4,0.9006027680328703,1.2098413190349202,6
8,0.02,12,86,5,0.2671010277352419,0.15036737648214782,5
8,0.02,12,86,6,0.06658697233186395,0.007509578896558899,5
8,0.02,12,86,7,0.023602455088177265,0.0034628262023339573,3
8,0.02,12,86,8,0.008473318513804173,0.0006040491260570491,2
8,0.02,12,86,9,0.0032525329884016685,7.790522568207336e-05,1
8,0.02,12,86,10,0.0009115921201221511,3.8935386363903035e-06,1
8,0.02,12,87,1,4.512898301758845,7.436128832203762,3
8,0.02,12,87,2,3.194380917420716,5.132404184676753,3
8,0.02,12,87,3,2.072879242196784,3.3823743941661935,3
8,0.02,12,87,4,1.8089139901246867,3.048897767903785,4
8,0.02,12,87,5,1.4551598453526324,2.3405064999705942,3
8,0.02,12,87,6,0.6887841242243447,1.0846120691270862,2
8,0.02,12,87,7,0.21007136954724714,0.12208080589726045,3
8,0.02,12,87,8,0.119913200048126,0.06721525900235648,2
8,0.02,12,87,9,0.02314134238408272,0.001238002448655351,2
8,0.02,12,87,10,0.0038929687641342525,2.0775120916027845e-05,1
8,0.02,12,88,1,4.122767618654301,6.65453786260078,4
8,0.02,12,88,2,3.3638233045116976,5.54517502037452,5
8,0.02,12,88,3,2.1545548812317534,3.507241445015717,5
8,0.02,12,88,4,1.5057113647464426,2.258324812586703,5
8,0.02,12,88,5,0.9914144201382964,1.2910601043297891,4
8,0.02,12,88,6,0.2729341561307521,0.24785666543033713,3
8,0.02,12,88,7,0.09543994551046886,0.013621948084919566,4
8,0.02,12,88,8,0.04618845748676037,0.004001379858312504,3
8,0.02,12,88,9,0.0065224812789317355,0.0001565691206142361,1
8,0.02,12,88,10,0.003065059627227029,1.616792067338224e-05,1
8,0.02,12,89,1,4.638153344126598,7.8870848911074525,7
8,0.02,12,89,2,3.35956296747033,5.740306571011359,7
8,0.02,12,89,3,2.7476442728193344,4.651113874950184,4
8,0.02,12,89,4,1.8167559110296967,2.7495240230026354,4
8,0.02,12,89,5,1.1826825074643121,1.605788259138638,4
8,0.02,12,89,6,0.9064229059037512,1.1445109836132161,3
8,0.02,12,89,7,0.307540330027793,0.14789330870778805,2
8,0.02,12,89,8,0.11621707579535645,0.014629997948343743,2
8,0.02,12,89,9,0.037500143524797025,0.0013707897117036794,1
8,0.02,12,89,10,0.007689623389717681,3.566558497425376e-05,1
8,0.02,12,90,1,5.087090829240148,8.451366055264703,3
8,0.02,12,90,2,3.961583228391726,6.392338555416046,3
8,0.02,12,90,3,2.7880471679827696,4.615958471460335,4
8,0.02,12,90,4,1.8707392735580388,3.059235410448494,4
8,0.02,12,90,5,1.0069561104785922,1.556602302105425,4
8,0.02,12,90,6,0.8124178707054526,1.0650412396108901,4
8,0.02,12,90,7,0.2874432562246412,0.19432618153816783,3
8,0.02,12,90,8,0.11078187018107855,0.008047795330323737,3
8,0.02,12,90,9,0.0342653816887708,0.0006990300761060553,2
8,0.02,12,90,10,0.01145238424674666,2.2578286138497106e-05,1
8,0.02,12,91,1,4.08958285793736,6.953735827829771,6
8,0.02,12,91,2,3.2708585284885334,5.505629606430572,7
8,0.02,12,91,3,2.3134197109686614,3.852598034471061,6
8,0.02,12,91,4,1.456055151813766,2.1790030929565383,6
8,0.02,12,91,5,0.3785918970409554,0.2270665494279971,6
8,0.02,12,91,6,0.13841846944523262,0.05108538766328863,4
8,0.02,12,91,7,0.058411273821054266,0.009259591992060834,2
8,0.02,12,91,8,0.025652296803329477,0.0016476960490479087,2
8,0.02,12,91,9,0.009973547013144568,0.00011231891467211597,2
8,0.02,12,91,10,0.002153030807415135,6.68444515916633e-06,1
8,0.02,12,92,1,4.686711802464842,7.841334431602302,4
8,0.02,12,92,2,3.5509666151736994,5.8148204743908956,5
8,0.02,12,92,3,2.8720822604111973,4.585717460369953,4
8,0.02,12,92,4,1.9274300612817257,2.6725041414997364,3
8,0.02,12,92,5,1.2479421812487193,1.7568280603619009,4
8,0.02,12,92,6,0.8827339965465555,1.080489645568555,3
8,0.02,12,92,7,0.2312782267845126,0.08599843139666952,3
8,0.02,12,92,8,0.07645864180438622,0.003988174273167999,3
8,0.02,12,92,9,0.021588374243705744,0.0003191178823644947,1
8,0.02,12,92,10,0.007101542388950222,1.5587324316612694e-05,1
8,0.02,12,93,1,4.486274433979682,7.327354740521303,5
8,0.02,12,93,2,3.6036983835084744,5.7479061570305845,6
8,0.02,12,93,3,2.7544965672382293,4.311550736782797,3
8,0.02,12,93,4,1.9373273644308995,2.7591368535682648,2
8,0.02,12,93,5,1.1099744886293141,1.509469640916457,3
8,0.02,12,93,6,0.48182401527776975,0.3652349430769348,2
8,0.02,12,93,7,0.25852498343312114,0.11074914744208009,3
8,0.02,12,93,8,0.13518031663740793,0.01789889272171763,2
8,0.02,12,93,9,0.047505052853914265,0.0012448107338318692,1
8,0.02,12,93,10,0.005999577109246701,2.951718443888751e-05,1
8,0.02,12,94,1,5.427185913545818,9.227791906582524,4
8,0.02,12,94,2,3.9454362574754054,6.431431415561377,3
8,0.02,12,94,3,3.034258519657941,4.710357817058231,2
8,0.02,12,94,4,1.7846477633019457,3.002472466796984,5
8,0.02,12,94,5,1.18661836647947,1.8228763355489264,4
8,0.02,12,94,6,0.5849577291729116,0.6085464840865331,4
8,0.02,12,94,7,0.2425391761691511,0.09556650516297971,2
8,0.02,12,94,8,0.12320423725857665,0.014512838412350959,2
8,0.02,12,94,9,0.03402519136334803,0.000658130764279008,2
8,0.02,12,94,10,0.0077642315225592284,3.345963126122342e-05,1
8,0.02,12,95,1,4.1020924515141175,6.63381027487919,7
8,0.02,12,95,2,3.26023094753144,5.093911980354386,7
8,0.02,12,95,3,2.0734474972242367,3.305957875544152,7
8,0.02,12,95,4,1.2301344742695868,1.7446047176652009,3
8,0.02,12,95,5,0.5508531516000073,0.5854151552736084,5
8,0.02,12,95,6,0.21010261744485526,0.07742968951817097,3
8,0.02,12,95,7,0.13663345369499602,0.03282758327151747,3
8,0.02,12,95,8,0.04093815628884556,0.002805986685956441,2
8,0.02,12,95,9,0.013805758397994694,0.0002866963444940751,1
8,0.02,12,95,10,0.0029282285668230656,5.3436599415590536e-05,1
8,0.02,12,96,1,3.3612138297117387,5.6307524613460185,2
8,0.02,12,96,2,1.9331053815600452,3.0666610212530543,6
8,0.02,12,96,3,1.3429337418883645,2.150043927656501,6
8,0.02,12,96,4,0.8395782864101182,1.318727046150955,2
8,0.02,12,96,5,0.5804468341234497,0.9455320181858324,2
8,0.02,12,96,6,0.11742932444242449,0.09587001516806559,2
8,0.02,12,96,7,0.05910660342824059,0.05111769036856906,2
8,0.02,12,96,8,0.03674171604786913,0.010543869425401198,2
8,0.02,12,96,9,0.006707034229508579,0.000143280833855286,1
8,0.02,12,96,10,0.0013224637965336683,4.999994867915802e-06,1
8,0.02,12,97,1,4.040490473115522,6.502192649603812,3
8,0.02,12,97,2,2.4814927084005305,3.7149942511829703,2
8,0.02,12,97,3,1.4038690346672134,2.3313507872974277,4
8,0.02,12,97,4,1.0692011271071422,1.6853668080812163,3
8,0.02,12,97,5,0.4016061174019967,0.3649841289104483,3
8,0.02,12,97,6,0.1741591127652562,0.06559477197976804,3
8,0.02,12,97,7,0.0592932384368936,0.007604939166009572,3
8,0.02,12,97,8,0.012363564238238922,0.0004159196646469354,1
8,0.02,12,97,9,0.004184458941864477,5.1389458080919326e-05,1
8,0.02,12,97,10,0.00011941656346081686,6.024305729823709e-07,1
8,0.02,12,98,1,4.027412306165216,6.817294300399826,5
8,0.02,12,98,2,3.103633383243386,5.207586266193827,6
8,0.02,12,98,3,2.227376999866925,3.741812369873312,5
8,0.02,12,98,4,1.7373339926367777,2.7660068608727997,5
8,0.02,12,98,5,0.8678594892678291,1.2114093626800653,4
8,0.02,12,98,6,0.5857836532134861,0.9141508961575013,2
8,0.02,12,98,7,0.1365182503839808,0.08902063940365146,2
8,0.02,12,98,8,0.035115645988300415,0.003794210809347831,1
8,0.02,12,98,9,0.007966211731391226,0.0005518822706438442,2
8,0.02,12,98,10,0.0021019142622389353,2.61392270299865e-05,1
8,0.02,12,99,1,4.832242356603787,8.002229858880318,7
8,0.02,12,99,2,3.4461820976821027,5.642454030806064,6
8,0.02,12,99,3,2.9749795328752295,4.824504246151431,5
8,0.02,12,99,4,1.5759162924365686,2.380413595741958,4
8,0.02,12,99,5,0.8965012167883462,1.2651331858191242,3
8,0.02,12,99,6,0.3487249936452965,0.24425281262601573,2
8,0.02,12,99,7,0.13028419610029296,0.016191259170188488,2
8,0.02,12,99,8,0.04510014097045634,0.0030344912831292703,2
8,0.02,12,99,9,0.012030301693529921,0.0001743138947762901,1
8,0.02,12,99,10,0.002894083557094973,7.306150635599806e-06,1
8,0.02,12,100,1,4.694292473330091,7.889598111934228,3
8,0.02,12,100,2,3.4807861144765226,5.618428546645861,3
8,0.02,12,100,3,2.4047120715886514,3.8967600343714146,3
8,0.02,12,100,4,1.449753488228648,2.285210500787649,4
8,0.02,12,100,5,0.9478345048604986,1.4791519993002922,3
8,0.02,12,100,6,0.3760029925345556,0.23288660338257472,2
8,0.02,12,100,7,0.17098969740479575,0.040729895072212585,1
8,0.02,12,100,8,0.0719955002759427,0.013667793425938157,3
8,0.02,12,100,9,0.029383154960479274,0.0035969645915638893,2
8,0.02,12,100,10,0.014416031482504366,0.002690134745677142,1
8,0.02,12,101,1,4.105998633385656,6.489587257987122,9
8,0.02,12,101,2,2.8297084903544594,4.366351904509864,8
8,0.02,12,101,3,1.999932836423671,3.0693029821708393,6
8,0.02,12,101,4,1.1867476232168102,1.7633611255353863,5
8,0.02,12,101,5,0.5404615749510722,0.5414326786901373,5
8,0.02,12,101,6,0.1888018817419841,0.09510613503919885,5
8,0.02,12,101,7,0.05090493874642199,0.011305122383586053,2
8,0.02,12,101,8,0.022707839259826557,0.002560538079737995,2
8,0.02,12,101,9,0.00856083480983294,0.00021965920768174385,2
8,0.02,12,101,10,0.0018605995336589132,1.2672286736403748e-05,1
8,0.02,12,102,1,4.513171893116615,7.222457774364084,8
8,0.02,12,102,2,3.1175650482160595,4.879951874770587,7
8,0.02,12,102,3,2.072713810696671,3.2408507207835555,6
8,0.02,12,102,4,1.4284882237223524,2.2359262502137973,4
8,0.02,12,102,5,0.7928818859605276,1.1285965471684207,3
8,0.02,12,102,6,0.2422588216562378,0.21942077111989278,3
8,0.02,12,102,7,0.09034900456598116,0.016782085322372353,2
8,0.02,12,102,8,0.03021850689794725,0.001824436500131199,2
8,0.02,12,102,9,0.008297839857904776,0.0001381712041990113,1
8,0.02,12,102,10,0.0020746007343745987,6.160560207746357e-06,1
8,0.02,12,103,1,4.483585754718268,7.346985593137891,8
8,0.02,12,103,2,3.4443112567006846,5.377616457550872,8
8,0.02,12,103,3,2.2824423052644907,3.5068819239140545,6
8,0.02,12,103,4,1.2431678072469037,1.537512788327037,6
8,0.02,12,103,5,0.30301177829088566,0.324099781678461,3
8,0.02,12,103,6,0.13048208165215236,0.07147323065933264,3
8,0.02,12,103,7,0.06234542773707119,0.009799563255219468,3
8,0.02,12,103,8,0.028915623902632248,0.003223992967715361,2
8,0.02,12,103,9,0.005003951584022559,8.782620875891212e-05,2
8,0.02,12,103,10,0.0006240739350165114,1.8517817608199039e-06,1
8,0.02,12,104,1,4.4117127100848315,7.254730130407822,6
8,0.02,12,104,2,3.456665094263567,5.644641566986927,6
8,0.02,12,104,3,2.416434998636671,3.9867772899237224,5
8,0.02,12,104,4,1.4429811074590155,1.9877203697557562,2
8,0.02,12,104,5,0.850888160477167,0.8397755530948601,2
8,0.02,12,104,6,0.4184007904682794,0.22721334037826502,2
8,0.02,12,104,7,0.19295220937550184,0.040111133112811004,1
8,0.02,12,104,8,0.08575084529268295,0.009955340915203337,2
8,0.02,12,104,9,0.027073033811340963,0.0008968185650495286,1
8,0.02,12,104,10,0.007125956612304307,5.437990629175715e-05,1
8,0.02,12,105,1,4.574563886256982,7.827922820716974,6
8,0.02,12,105,2,4.095665406571769,6.997483007360216,5
8,0.02,12,105,3,2.7937717331363032,4.729518258715149,5
8,0.02,12,105,4,1.919803146358614,3.124718507764573,3
8,0.02,12,105,5,1.3091773860031886,2.0240790117286913,5
8,0.02,12,105,6,0.6851732536350426,1.020962964490261,2
8,0.02,12,105,7,0.21563012721288466,0.1467644962594079,1
8,0.02,12,105,8,0.09343284861802204,0.04741275126615996,2
8,0.02,12,105,9,0.03674588628746989,0.004130541797282561,1
8,0.02,12,105,10,0.014046273054841407,0.00017250166737348138,1
8,0.02,12,106,1,4.294213107482781,7.240756096375858,6
8,0.02,12,106,2,3.288260267023473,5.635966534183641,7
8,0.02,12,106,3,2.468242322039073,4.00759480419255,3
8,0.02,12,106,4,1.664462669719482,2.580094940697009,3
8,0.02,12,106,5,0.9247657739653405,1.2549487267493173,3
8,0.02,12,106,6,0.37098998196862354,0.34300578334510945,3
8,0.02,12,106,7,0.19602177804815035,0.05415364010407231,3
8,0.02,12,106,8,0.10080184034210582,0.019269940200112856,2
8,0.02,12,106,9,0.04109160396902567,0.001289468464035437,1
8,0.02,12,106,10,0.009131518521440896,4.4826668263553415e-05,1
8,0.02,12,107,1,4.399661758128959,7.189719692076357,8
8,0.02,12,107,2,3.3343941356491076,5.61430895244041,6
8,0.02,12,107,3,2.588196578069345,4.233618052636768,5
8,0.02,12,107,4,1.6982118108262068,2.7029312454039136,5
8,0.02,12,107,5,0.7895468493314279,1.1131677292577464,4
8,0.02,12,107,6,0.48531574663618926,0.5132480292452577,3
8,0.02,12,107,7,0.11769874012585468,0.045228944398955306,3
8,0.02,12,107,8,0.04903401980486777,0.013594101712627094,1
8,0.02,12,107,9,0.014338935997168178,0.001397333055129124,1
8,0.02,12,107,10,0.0038471682784724237,7.230177921080383e-05,1
8,0.02,12,108,1,4.378331921246724,6.8943647947806745,7
8,0.02,12,108,2,3.2718321811771798,5.274189895823685,2
8,0.02,12,108,3,2.098877432715076,3.2247030778527215,5
8,0.02,12,108,4,1.6024460409531596,2.4478957235346837,4
8,0.02,12,108,5,0.6355817420678331,0.885747107419256,3
8,0.02,12,108,6,0.3002335071767277,0.18671178407695876,2
8,0.02,12,108,7,0.11600318383947261,0.025668736694342442,2
8,0.02,12,108,8,0.043981117735212294,0.0017876434987442735,1
8,0.02,12,108,9,0.012723122971111778,0.00013401899387410765,1
8,0.02,12,108,10,0.004546791060720423,1.4779892650196302e-05,1
8,0.02,12,109,1,4.217899673437991,6.982129537292694,4
8,0.02,12,109,2,2.8565656573800986,4.787863162863886,3
8,0.02,12,109,3,2.307470781897674,3.5819257784406595,2
8,0.02,12,109,4,0.9526019798205247,1.4454402861791094,6
8,0.02,12,109,5,0.7477228846479829,1.1127082199344027,5
8,0.02,12,109,6,0.36340267364487744,0.32312094565726746,2
8,0.02,12,109,7,0.20083413926643168,0.09398085905204567,1
8,0.02,12,109,8,0.050086444157980026,0.011625742206904377,2
8,0.02,12,109,9,0.02690499476729613,0.002988034230396508,1
8,0.02,12,109,10,0.009898475730384604,0.00016178000010036442,1
8,0.02,12,110,1,4.594386777949627,7.586218112604284,7
8,0.02,12,110,2,3.8232707029287347,6.182111793124886,6
8,0.02,12,110,3,2.7574861277863008,4.426746771234564,6
8,0.02,12,110,4,2.000132216138457,2.8114757795004834,2
8,0.02,12,110,5,1.36300423969932,1.6676132145594629,2
8,0.02,12,110,6,1.0625479933186224,1.1963311630704503,2
8,0.02,12,110,7,0.7625880788209471,0.9770470004484295,2
8,0.02,12,110,8,0.1190906051346623,0.03134696674841564,2
8,0.02,12,110,9,0.05050973156204819,0.020727593110594356,2
8,0.02,12,110,10,0.009712097666159991,7.248926064740147e-05,1
8,0.02,12,111,1,4.983316335911173,8.227396716173342,4
8,0.02,12,111,2,3.954197804262453,6.500918227526949,4
8,0.02,12,111,3,3.3226353011427037,5.223355342304323,4
8,0.02,12,111,4,2.5081639314977977,3.7149259878441434,4
8,0.02,12,111,5,1.301005875501076,1.6702252097686507,3
8,0.02,12,111,6,0.7841150485668447,0.7770684438086004,4
8,0.02,12,111,7,0.24363786514036256,0.09855112065931415,3
8,0.02,12,111,8,0.13653685715129527,0.02166549198650891,2
8,0.02,12,111,9,0.047241729177954994,0.001443541882954591,1
8,0.02,12,111,10,0.009507082866583971,6.787705908450903e-05,1
8,0.02,12,112,1,4.590759385704754,7.483976615596372,3
8,0.02,12,112,2,3.2730149177019214,5.5065440068457505,4
8,0.02,12,112,3,2.4844402704718007,4.0677501574350305,3
8,0.02,12,112,4,1.440374385990637,2.0720403449466804,3
8,0.02,12,112,5,0.8444709735280913,1.1352665030853366,4
8,0.02,12,112,6,0.31704418242609833,0.2113124772443733,3
8,0.02,12,112,7,0.1613512618617321,0.042521581479933346,3
8,0.02,12,112,8,0.05505215623293758,0.004409459779804337,2
8,0.02,12,112,9,0.018160486473593807,0.00031035860272510263,1
8,0.02,12,112,10,0.0038189421753251906,1.4449521337667193e-05,1
8,0.02,12,113,1,5.525681580690444,9.178781171556881,7
8,0.02,12,113,2,4.184538252245455,6.750384267116175,7
8,0.02,12,113,3,2.792104343809717,4.413316325048012,5
8,0.02,12,113,4,2.1010863350471514,3.1885278564957797,4
8,0.02,12,113,5,1.312769089340664,2.0235491276300674,3
8,0.02,12,113,6,0.42582689463793777,0.33399657376450875,3
8,0.02,12,113,7,0.1234544366025947,0.025777408430778692,2
8,0.02,12,113,8,0.0407957408828441,0.003318401828487083,1
8,0.02,12,113,9,0.009695209376879177,0.00013478966075375354,2
8,0.02,12,113,10,0.003312695471018756,1.844115283056169e-05,1
8,0.02,12,114,1,3.782836047843052,6.32215234371372,3
8,0.02,12,114,2,3.0856659565586497,4.969126480174332,3
8,0.02,12,114,3,1.9383189749435168,2.9320040850509628,2
8,0.02,12,114,4,0.950202954568951,1.5034262276488644,5
8,0.02,12,114,5,0.7557518595416699,1.1176375719210316,4
8,0.02,12,114,6,0.2753470158218274,0.2797128053545297,3
8,0.02,12,114,7,0.13432710895865618,0.07494491987884899,2
8,0.02,12,114,8,0.06094733198193758,0.004588524529133053,1
8,0.02,12,114,9,0.007454916746244322,9.454425827470914e-05,1
8,0.02,12,114,10,0.003130771265496435,9.727420858141045e-06,1
8,0.02,12,115,1,4.254878987246608,6.942561134459437,8
8,0.02,12,115,2,3.298058337337528,5.409063585715673,2
8,0.02,12,115,3,2.239627012711127,3.3006177213799734,2
8,0.02,12,115,4,1.1926935563226149,1.9470265227909103,4
8,0.02,12,115,5,0.45617855412369046,0.49928408215767917,5
8,0.02,12,115,6,0.24313907096010468,0.19037616198809992,2
8,0.02,12,115,7,0.08859545849914952,0.027146128623343202,2
8,0.02,12,115,8,0.030641397274452586,0.0037425957881609406,2
8,0.02,12,115,9,0.01054809214753405,0.0003190295264943188,2
8,0.02,12,115,10,0.003387854225122666,1.6507093437923004e-05,1
8,0.02,12,116,1,3.742151423910819,6.200847435373957,8
8,0.02,12,116,2,2.82495794867744,4.6009745653974505,7
8,0.02,12,116,3,1.3641360432607694,2.041115799113004,6
8,0.02,12,116,4,0.6875273482221971,1.0422509878818538,5
8,0.02,12,116,5,0.3034955165595399,0.41690335611746043,3
8,0.02,12,116,6,0.17194742201708024,0.2339625860326482,3
8,0.02,12,116,7,0.0368767762553297,0.010900224615458143,2
8,0.02,12,116,8,0.01951334251007175,0.0020576515753809588,1
8,0.02,12,116,9,0.002576416180424701,4.513523588833834e-05,1
8,0.02,12,116,10,0.0011702690483783584,6.226993969349337e-06,1
8,0.02,12,117,1,5.241182803786765,8.716639802155466,4
8,0.02,12,117,2,4.5559662954071225,7.29756363896259,3
8,0.02,12,117,3,3.2386943865603737,5.251828017434537,5
8,0.02,12,117,4,2.438393590022386,3.652268825870525,4
8,0.02,12,117,5,1.7531770816427468,2.2331926626776486,3
8,0.02,12,117,6,0.988065552082892,0.845785934929765,3
8,0.02,12,117,7,0.2928526420150668,0.05171822441366025,3
8,0.02,12,117,8,0.11537326530446457,0.007826562530844683,3
8,0.02,12,117,9,0.031598332476807656,0.0002887993273450462,2
8,0.02,12,117,10,0.008483090153742268,1.643102759274484e-05,1
8,0.02,12,118,1,4.285091203885202,6.770174072631535,9
8,0.02,12,118,2,2.808102102418381,4.097307485121986,8
8,0.02,12,118,3,1.9343906911472963,2.9365149567548237,6
8,0.02,12,118,4,1.210650821522579,1.554334492183723,6
8,0.02,12,118,5,0.5957045700867525,0.9106608581068052,4
8,0.02,12,118,6,0.16959640841446877,0.12597828703977498,4
8,0.02,12,118,7,0.035207178868152056,0.005071063845294432,3
8,0.02,12,118,8,0.014034145541733878,0.0008811466650371358,2
8,0.02,12,118,9,0.0035450448236673537,6.343208824688418e-05,1
8,0.02,12,118,10,0.000826438635677107,3.6990295910754867e-06,1
8,0.02,12,119,1,4.725598378348652,7.870818435968198,7
8,0.02,12,119,2,3.999265401835375,6.670145467875837,7
8,0.02,12,119,3,3.003541837682233,4.733843552120238,4
8,0.02,12,119,4,1.8539003826629301,2.9789389662442893,3
8,0.02,12,119,5,0.975680283141438,1.2944754941050896,4
8,0.02,12,119,6,0.4503003452772596,0.2836910760015954,4
8,0.02,12,119,7,0.14983744442303681,0.046991316330331045,3
8,0.02,12,119,8,0.0682016290321954,0.014169541893364723,2
8,0.02,12,119,9,0.02926304911095734,0.0009710588587772406,1
8,0.02,12,119,10,0.010204611395748131,0.0001069174253025551,1
8,0.02,12,120,1,4.544591954802753,7.527091323179469,6
8,0.02,12,120,2,3.539973725642634,5.947509195266694,6
8,0.02,12,120,3,2.574360338383995,4.04128040760861,5
8,0.02,12,120,4,1.6345441241644725,2.340159243874435,6
8,0.02,12,120,5,0.9051339235109381,0.8440391637955322,5
8,0.02,12,120,6,0.300508286760822,0.0522713514591171,5
8,0.02,12,120,7,0.16634848199898578,0.029722083922445464,3
8,0.02,12,120,8,0.06317734282852605,0.00512369273818436,2
8,0.02,12,120,9,0.022360015244755616,0.00031823559118926426,1
8,0.02,12,120,10,0.007736567841778452,1.7567760213665906e-05,1
8,0.02,12,121,1,4.02473867125374,6.521485110022503,8
8,0.02,12,121,2,2.929531685402022,4.726353522168521,7
8,0.02,12,121,3,1.783945482342098,2.759115976914984,7
8,0.02,12,121,4,1.111099365374976,1.583424121962743,5
8,0.02,12,121,5,0.8367396978481914,1.0739085278163198,2
8,0.02,12,121,6,0.2351709820099206,0.15672604355211028,3
8,0.02,12,121,7,0.13248169185121128,0.035905643770229645,2
8,0.02,12,121,8,0.03667826982107769,0.0037036414353330827,2
8,0.02,12,121,9,0.012286848263563854,0.0001941066846811168,2
8,0.02,12,121,10,0.002746692780648985,7.815962678847654e-06,1
8,0.02,12,122,1,3.8993053060676317,6.419988610190966,4
8,0.02,12,122,2,2.84239361910155,4.684256292645662,3
8,0.02,12,122,3,2.0324298533828795,3.3090951218312146,2
8,0.02,12,122,4,1.1447130585037826,1.874251399002179,5
8,0.02,12,122,5,0.6581666828473303,1.0353917165386601,5
8,0.02,12,122,6,0.223407991197071,0.20839254819962427,4
8,0.02,12,122,7,0.09212480978018078,0.07358461347829248,2
8,0.02,12,122,8,0.04042744915237506,0.010463640989879508,2
8,0.02,12,122,9,0.01319826180532857,0.0004846210068532031,1
8,0.02,12,122,10,0.0005071645616734344,2.605524819898619e-06,1
8,0.02,12,123,1,4.341574340933645,7.127207948042079,4
8,0.02,12,123,2,3.382414741056861,5.693235607427404,5
8,0.02,12,123,3,2.4864760001523027,4.046058205713631,4
8,0.02,12,123,4,1.5697235210373943,2.4897882405452414,4
8,0.02,12,123,5,0.6211100123001483,0.7836261253549974,5
8,0.02,12,123,6,0.27978573097569637,0.1746604519420334,4
8,0.02,12,123,7,0.0756889778910903,0.007965537235905984,2
8,0.02,12,123,8,0.03259661537828329,0.0014395032419454168,2
8,0.02,12,123,9,0.009610265072238278,0.00020132895640578852,2
8,0.02,12,123,10,0.002394422557665976,2.391310419014303e-05,1
8,0.02,12,124,1,3.956094097453141,6.465476214107063,4
8,0.02,12,124,2,3.075221739758886,4.903114969090449,4
8,0.02,12,124,3,1.8435278307770435,2.8858277690649974,2
8,0.02,12,124,4,1.068293948086973,1.5160837845826567,2
8,0.02,12,124,5,0.3877433807974757,0.11376745042938907,1
8,0.02,12,124,6,0.24664456398711643,0.19254066938431436,4
8,0.02,12,124,7,0.0922349700559284,0.023206295202824023,3
8,0.02,12,124,8,0.03598363927965309,0.006190063557770742,2
8,0.02,12,124,9,0.013969823094717171,0.0002242944828889648,1
8,0.02,12,124,10,0.002945267800932072,1.1609859656758204e-05,1
8,0.02,12,125,1,4.793194631257409,7.893940496858871,6
8,0.02,12,125,2,3.5376625644948465,5.712405923324569,5
8,0.02,12,125,3,2.461899300634167,3.9544376553940808,7
8,0.02,12,125,4,1.478243925695141,2.3395844214858457,3
8,0.02,12,125,5,0.5684645024619126,0.596963038747667,2
8,0.02,12,125,6,0.27706878605423846,0.12462671989193908,1
8,0.02,12,125,7,0.09857952781945656,0.009988902803717892,1
8,0.02,12,125,8,0.03157222000211135,0.002250936550447946,2
8,0.02,12,125,9,0.013822322723720859,0.00022765676764358034,1
8,0.02,12,125,10,0.005598983970724447,1.5430921894932226e-05,1
8,0.02,12,126,1,4.518228061598322,7.209440798971013,7
8,0.02,12,126,2,3.395890224983688,5.204539390052847,8
8,0.02,12,126,3,2.3819556316472656,3.518338977425632,7
8,0.02,12,126,4,1.364597730404391,1.9145168129476673,4
8,0.02,12,126,5,0.8024148493654497,0.8520991853479476,2
8,0.02,12,126,6,0.49107278149176814,0.3302638461834775,2
8,0.02,12,126,7,0.16620613525685712,0.03622834807629616,2
8,0.02,12,126,8,0.07734703285003341,0.006081178438540391,2
8,0.02,12,126,9,0.017888834814009158,0.0002871763069194344,2
8,0.02,12,126,10,0.0021176944202832004,7.1413960451849334e-06,1
8,0.02,12,127,1,4.464159021377528,7.5330459842600845,7
8,0.02,12,127,2,3.3837611667947787,5.40375032848479,6
8,0.02,12,127,3,2.2007781461259643,3.49911382604051,7
8,0.02,12,127,4,1.4128417679811864,2.2657536153401354,2
8,0.02,12,127,5,0.9481023887156024,1.5486028338405262,2
8,0.02,12,127,6,0.5339059616896442,0.6318999520746793,2
8,0.02,12,127,7,0.16783529586535195,0.0929410330566185,2
8,0.02,12,127,8,0.10648966927848669,0.017922241059547872,2
8,0.02,12,127,9,0.03374689538412845,0.0011066184134378432,2
8,0.02,12,127,10,0.010768206495368915,5.0226240983164416e-05,1
8,0.02,12,128,1,4.0598445899989315,6.8838981697695765,6
8,0.02,12,128,2,3.3105860439449017,5.513749362309628,4
8,0.02,12,128,3,2.592894568941375,4.156688972944654,4
8,0.02,12,128,4,1.3849061106854705,2.166413327846654,3
8,0.02,12,128,5,0.4629603764884713,0.34099182919216453,3
8,0.02,12,128,6,0.2293920911012659,0.16386372888070788,4
8,0.02,12,128,7,0.09796181969906925,0.033732510370800384,4
8,0.02,12,128,8,0.040530872693476994,0.020822552477232747,3
8,0.02,12,128,9,0.013515749791221054,0.0009576668547772726,2
8,0.02,12,128,10,0.0027516427752640737,2.338090951070626e-05,1
8,0.02,12,129,1,4.355885734485721,7.4516676314780685,4
8,0.02,12,129,2,3.5742718574024863,6.078520706674114,3
8,0.02,12,129,3,2.6643819350737843,4.354693104013844,2
8,0.02,12,129,4,1.5654072499970653,2.355369047022137,4
8,0.02,12,129,5,0.7837933729138307,0.9822221222181824,3
8,0.02,12,129,6,0.27911281595098103,0.1609588435362479,2
8,0.02,12,129,7,0.0923474584791304,0.043193520900860705,3
8,0.02,12,129,8,0.03509206038564194,0.00921544077293035,2
8,0.02,12,129,9,0.014394740347583479,0.0014689478163081304,2
8,0.02,12,129,10,0.005363351589398491,0.00019881099336771513,1
8,0.02,12,130,1,4.64932919330276,7.848827154101237,5
8,0.02,12,130,2,3.8080691422299093,6.3926213608188505,6
8,0.02,12,130,3,2.9719424618018895,4.82704551752942,3
8,0.02,12,130,4,1.7510872534773245,2.6235325912397514,3
8,0.02,12,130,5,1.1514202404824498,1.5744756544454344,3
8,0.02,12,130,6,0.31971398912941673,0.2559056156598061,2
8,0.02,12,130,7,0.15278049109933,0.03316161871487644,1
8,0.02,12,130,8,0.03664699319728193,0.0020784971281724296,3
8,0.02,12,130,9,0.009526665855863925,0.0001568610817077598,2
8,0.02,12,130,10,0.004422137887175381,2.0128440551658855e-05,1
8,0.02,12,131,1,4.203148222394393,6.933801487335945,8
8,0.02,12,131,2,3.1056331347720985,5.037841854121648,4
8,0.02,12,131,3,2.0987092181845775,3.402263419134748,5
8,0.02,12,131,4,1.601143222907858,2.534485605745388,4
8,0.02,12,131,5,1.0412023046247416,1.4439382685430253,3
8,0.02,12,131,6,0.45071667262511816,0.3726711032838157,2
8,0.02,12,131,7,0.1514184991071552,0.047100173349104324,2
8,0.02,12,131,8,0.05896694544855663,0.017008579992433326,2
8,0.02,12,131,9,0.02672819091564449,0.002256113811300864,2
8,0.02,12,131,10,0.007552035537477408,7.155056743535226e-05,1
8,0.02,12,132,1,3.7977363958846553,6.216267205650475,3
8,0.02,12,132,2,2.9657045032816995,4.811398758584907,2
8,0.02,12,132,3,1.325677947789707,1.8636253790792452,1
8,0.02,12,132,4,1.0506113741746859,1.7671244442390632,4
8,0.02,12,132,5,0.2935562302085799,0.32365568202009776,3
8,0.02,12,132,6,0.10730450771487021,0.06912620594902208,2
8,0.02,12,132,7,0.03266643692303006,0.005789984778557411,4
8,0.02,12,132,8,0.013635857845319066,0.0019762716710101103,2
8,0.02,12,132,9,0.00493173962088278,0.00015077523807960347,2
8,0.02,12,132,10,0.0009012143305291431,3.677351882558355e-06,1
8,0.02,12,133,1,3.8939972414990596,6.321232986259343,6
8,0.02,12,133,2,3.0209858299407326,4.896775495556213,6
8,0.02,12,133,3,1.7939398767651635,2.7159115153947067,6
8,0.02,12,133,4,1.0087338734439992,1.6163132055158087,2
8,0.02,12,133,5,0.37950683848721667,0.2997909487251036,6
8,0.02,12,133,6,0.13793472279947316,0.07891159426301364,4
8,0.02,12,133,7,0.055622679558402055,0.008106045738040635,4
8,0.02,12,133,8,0.02130088479936454,0.0019778920659412336,2
8,0.02,12,133,9,0.00825856370103395,0.00021752862019752683,2
8,0.02,12,133,10,0.0029789766200938317,2.4441002379305132e-05,1
8,0.02,12,134,1,3.5340303552501844,5.7922164548841675,3
8,0.02,12,134,2,2.431057650265309,3.6493251991446947,8
8,0.02,12,134,3,1.660673069141037,2.5530812758607837,3
8,0.02,12,134,4,0.7310037929365727,1.024454499501119,7
8,0.02,12,134,5,0.3555383796346572,0.30751704547298075,6
8,0.02,12,134,6,0.11652328435371473,0.031420016456451094,2
8,0.02,12,134,7,0.049898137287613054,0.0062890404239510644,1
8,0.02,12,134,8,0.02331968165800191,0.0016549049408229877,3
8,0.02,12,134,9,0.01084424658379568,0.0002306968842979984,2
8,0.02,12,134,10,0.00277025024969646,1.5223735402969396e-05,1
8,0.02,12,135,1,3.941388880789127,6.3646982529705625,4
8,0.02,12,135,2,3.402828447444648,5.3909772525796775,8
8,0.02,12,135,3,2.2181084841215224,3.169560168848772,8
8,0.02,12,135,4,1.4799797816248557,2.32511386115708,4
8,0.02,12,135,5,0.567397789966325,0.4269804915541693,6
8,0.02,12,135,6,0.29649075165495553,0.18573531532984333,4
8,0.02,12,135,7,0.12312386393584163,0.035828249141330204,4
8,0.02,12,135,8,0.060928738844637564,0.007917250217236216,2
8,0.02,12,135,9,0.020188016014586196,0.0008428668832252129,2
8,0.02,12,135,10,0.005723605164636325,9.007060923238441e-05,1
8,0.02,12,136,1,4.025167611636702,6.523067489720679,9
8,0.02,12,136,2,3.304513162532773,5.418898946392343,5
8,0.02,12,136,3,2.1067230591868995,3.33476956464974,6
8,0.02,12,136,4,1.5488959498377302,2.283968898132496,5
8,0.02,12,136,5,0.6158029189433663,0.8388848486928637,2
8,0.02,12,136,6,0.29960680200948,0.2641387748337838,3
8,0.02,12,136,7,0.09613003597354464,0.03210885783379247,3
8,0.02,12,136,8,0.04097055751455514,0.002629924724601551,3
8,0.02,12,136,9,0.011247077434605401,0.00024591988671396336,2
8,0.02,12,136,10,0.0033537353250618906,1.200792258693184e-05,1
8,0.02,12,137,1,4.35094429310641,7.423120589359078,7
8,0.02,12,137,2,3.9428886193177153,6.492159319991423,6
8,0.02,12,137,3,2.80034920666405,4.247322398474566,6
8,0.02,12,137,4,1.2715205183621396,1.5626057351305604,6
8,0.02,12,137,5,0.6601005780517184,0.5502634567426608,6
8,0.02,12,137,6,0.26396886081155024,0.3558682172923149,2
8,0.02,12,137,7,0.10736801147315767,0.034011946555803974,1
8,0.02,12,137,8,0.021068786485546553,0.0013268683194951336,1
8,0.02,12,137,9,0.008420006678825587,0.00010733359086501082,1
8,0.02,12,137,10,0.0032382837766604666,1.7960114627513235e-05,1
8,0.02,12,138,1,4.433679970948079,7.305374808232656,5
8,0.02,12,138,2,3.2760824395187225,5.1735741202346475,4
8,0.02,12,138,3,2.2230643993516335,3.408023463241978,2
8,0.02,12,138,4,1.7176429968709481,2.361009393761522,2
8,0.02,12,138,5,0.5142403498093504,0.3937127243722838,2
8,0.02,12,138,6,0.18723122479589627,0.06028828096243721,2
8,0.02,12,138,7,0.10895263401034327,0.021371500443953195,2
8,0.02,12,138,8,0.032626284800301164,0.0015333039441163265,1
8,0.02,12,138,9,0.008575899958074729,0.00011198903588471865,1
8,0.02,12,138,10,0.0019814356664777932,9.903395893573474e-06,1
8,0.02,12,139,1,4.247919699755556,6.539282576354466,9
8,0.02,12,139,2,3.407506450257433,5.328243910804808,7
8,0.02,12,139,3,2.3437478534675087,3.608151759580487,6
8,0.02,12,139,4,1.4558861327649257,1.927938109651456,6
8,0.02,12,139,5,0.7425795875255883,0.9885425138232078,6
8,0.02,12,139,6,0.2713814597098718,0.18814551392830836,3
8,0.02,12,139,7,0.16734447469160152,0.05108144747064003,3
8,0.02,12,139,8,0.07187137423830947,0.005961383392230957,2
8,0.02,12,139,9,0.026065466770102574,0.0006520627001371793,1
8,0.02,12,139,10,0.006210755757779296,4.6658893666062795e-05,1
8,0.02,12,140,1,4.640150860070818,7.829855175162859,3
8,0.02,12,140,2,3.63612047239949,5.843576106108316,2
8,0.02,12,140,3,2.5394757689204823,3.9690323996871815,2
8,0.02,12,140,4,1.5044644703372505,1.9401380623041629,2
8,0.02,12,140,5,0.946699410122303,1.258109762847548,3
8,0.02,12,140,6,0.32376022609513555,0.1296459386700679,2
8,0.02,12,140,7,0.18776711087107145,0.05397959058683455,2
8,0.02,12,140,8,0.09829433965076362,0.026237440462335115,2
8,0.02,12,140,9,0.021226000239529697,0.000528596766425693,1
8,0.02,12,140,10,0.003944635981378397,1.3977592361769098e-05,1
8,0.02,12,141,1,3.5778944059297295,5.972236878171376,3
8,0.02,12,141,2,2.7398312111821532,4.309136519001971,7
8,0.02,12,141,3,1.8578614168570375,2.8966993444782645,7
8,0.02,12,141,4,1.4033340007673285,2.162765019563161,3
8,0.02,12,141,5,0.7118666188206202,0.8071263245850542,5
8,0.02,12,141,6,0.3452352975589701,0.2056779534329536,5
8,0.02,12,141,7,0.1372850956677354,0.07544342008986682,3
8,0.02,12,141,8,0.045961126383547324,0.00698374992317774,3
8,0.02,12,141,9,0.011053204360038649,0.00022433222508588813,2
8,0.02,12,141,10,0.0011252553565483936,5.981810453192793e-06,1
8,0.02,12,142,1,4.403044070364874,7.4104126988402665,3
8,0.02,12,142,2,3.407097382452637,5.43353038418617,3
8,0.02,12,142,3,2.493048251659612,3.963294597693313,7
8,0.02,12,142,4,1.7526473969782437,2.721597223019618,3
8,0.02,12,142,5,0.9795357945280614,1.1872427943811772,5
8,0.02,12,142,6,0.5074435658134551,0.5819990430359674,4
8,0.02,12,142,7,0.2086227649503929,0.12230229777747326,3
8,0.02,12,142,8,0.08420037444518513,0.01046872805000909,2
8,0.02,12,142,9,0.02885509399797037,0.0006281799960934364,2
8,0.02,12,142,10,0.008474049401170802,9.057286560576472e-05,1
8,0.02,12,143,1,4.41816147511919,7.108724736595825,8
8,0.02,12,143,2,3.3313281238307564,5.1766806274529635,8
8,0.02,12,143,3,2.4904709989594522,3.8958714592415333,5
8,0.02,12,143,4,1.6251964918723267,2.3610752587860935,4
8,0.02,12,143,5,0.9725132495538418,1.3150814934013404,3
8,0.02,12,143,6,0.4535628398901981,0.3650590205718416,4
8,0.02,12,143,7,0.1750802907424358,0.085767875203965,3
8,0.02,12,143,8,0.06061788989466699,0.005715844171913176,2
8,0.02,12,143,9,0.024863471345540233,0.0005641905601159181,1
8,0.02,12,143,10,0.006785104299742883,2.223567440040597e-05,1
8,0.02,12,144,1,4.290137200976721,7.166324478268052,8
8,0.02,12,144,2,3.1926175075312795,5.3308917566720915,2
8,0.02,12,144,3,2.2569258285944667,3.4567429333133646,6
8,0.02,12,144,4,1.4062015868408633,2.2011269674869567,4
8,0.02,12,144,5,0.9525890973626261,1.3473672961372358,4
8,0.02,12,144,6,0.23980868876508943,0.10605697766895084,4
8,0.02,12,144,7,0.10251366148578533,0.040498485889033375,2
8,0.02,12,144,8,0.04333689725726764,0.0038084524227866012,1
8,0.02,12,144,9,0.01766190537881762,0.00048549413374132655,1
8,0.02,12,144,10,0.006399623221620132,9.325461400777613e-05,1
8,0.02,12,145,1,5.127647972004528,8.698175164248724,3
8,0.02,12,145,2,3.9398080822356185,6.619661599281137,3
8,0.02,12,145,3,3.2124456571880877,5.180078307382217,3
8,0.02,12,145,4,2.406835287890619,3.678274470475678,3
8,0.02,12,145,5,1.2934891568160047,1.492036288345826,2
8,0.02,12,145,6,0.8514798158618575,1.1102735187845845,4
8,0.02,12,145,7,0.386012540423069,0.20650832312657919,3
8,0.02,12,145,8,0.16976274085673637,0.03891154643131145,2
8,0.02,12,145,9,0.06145786135224718,0.0014156604836834674,1
8,0.02,12,145,10,0.02192528778510372,6.84441062528407e-05,1
8,0.02,12,146,1,4.741906818252119,8.02616813722565,6
8,0.02,12,146,2,3.712873751327244,6.049570874084839,7
8,0.02,12,146,3,2.389606717683794,3.7335191932628984,7
8,0.02,12,146,4,1.4089773128610883,1.933372163491791,7
8,0.02,12,146,5,0.7948854099724958,1.0653600532785656,3
8,0.02,12,146,6,0.36931298170807736,0.25002355243795904,3
8,0.02,12,146,7,0.18855772862170994,0.07525956412783685,3
8,0.02,12,146,8,0.08009865417949769,0.007324721440278736,3
8,0.02,12,146,9,0.01467101507797608,0.000174092369105594,2
8,0.02,12,146,10,0.0033123083104538154,1.2220232184390056e-05,1
8,0.02,12,147,1,4.138645085999091,6.915497872903476,7
8,0.02,12,147,2,3.1042072838261348,4.7995777914836335,5
8,0.02,12,147,3,2.038769236941949,3.258453604022499,7
8,0.02,12,147,4,1.2774886360957787,1.7354263317169245,5
8,0.02,12,147,5,0.7430611146815327,1.0526762365910898,2
8,0.02,12,147,6,0.15833477734642898,0.06425319301960997,5
8,0.02,12,147,7,0.048243939916037704,0.013465396349543468,2
8,0.02,12,147,8,0.016082010419049553,0.0019140446401895161,2
8,0.02,12,147,9,0.004875404645201087,0.00022509213276755702,2
8,0.02,12,147,10,0.0005575367032175649,7.727904742793612e-06,1
8,0.02,12,148,1,4.744245326332985,7.768893875764405,7
8,0.02,12,148,2,3.6400056270218624,6.005796850701508,6
8,0.02,12,148,3,2.789006053485208,4.446535095857406,3
8,0.02,12,148,4,1.697186683875172,2.668218071675369,3
8,0.02,12,148,5,1.1965021153929225,1.8460927606909756,3
8,0.02,12,148,6,0.6609894903767923,0.7264033638072185,2
8,0.02,12,148,7,0.41379278302744105,0.4454918534966126,2
8,0.02,12,148,8,0.09301128483391707,0.03740811804276234,1
8,0.02,12,148,9,0.038377514812237834,0.00413140597997419,2
8,0.02,12,148,10,0.010427210021926925,0.00022705461360494894,1
8,0.02,12,149,1,4.359889317015618,6.976016508780884,3
8,0.02,12,149,2,3.076013699805788,4.661714932815222,3
8,0.02,12,149,3,2.105235259262937,3.371828186449793,4
8,0.02,12,149,4,1.5148510766132581,2.230145120463604,4
8,0.02,12,149,5,0.9939146039027733,1.2034849553062177,3
8,0.02,12,149,6,0.42219988191153845,0.26707308299688215,3
8,0.02,12,149,7,0.14568781569376554,0.03669021096073699,2
8,0.02,12,149,8,0.04429475564276508,0.0017147445792637939,1
8,0.02,12,149,9,0.008432834517531518,0.00016302185853867002,2
8,0.02,12,149,10,0.002923888075160974,1.2268149163219277e-05,1
8,0.02,12,150,1,4.408938317453863,7.462062562710102,4
8,0.02,12,150,2,3.540169852804784,5.948581223853303,3
8,0.02,12,150,3,2.2758696150214597,3.5536856376566988,3
8,0.02,12,150,4,1.2622247558473099,1.8303558157623812,4
8,0.02,12,150,5,0.5554941653133927,0.5674648467368719,4
8,0.02,12,150,6,0.2597907430636326,0.13623235687701118,3
8,0.02,12,150,7,0.10788651655929726,0.017418998122256113,3
8,0.02,12,150,8,0.03835586385783074,0.0009998902530359288,2
8,0.02,12,150,9,0.010965747098872214,7.712170546803065e-05,1
8,0.02,12,150,10,0.002571833554458891,4.850852782567472e-06,1
8,0.02,12,151,1,4.024871692262554,6.823486264241961,3
8,0.02,12,151,2,3.2683960171485644,5.2983485385184785,4
8,0.02,12,151,3,2.3802299863100593,3.82007002776915,3
8,0.02,12,151,4,1.445471183444372,2.0521895104666346,2
8,0.02,12,151,5,0.5847267847636761,0.9309437888021854,4
8,0.02,12,151,6,0.17854782407279401,0.030904979971683844,1
8,0.02,12,151,7,0.059991966406853336,0.02061221653505818,2
8,0.02,12,151,8,0.029585424549209094,0.0033133304580736933,2
8,0.02,12,151,9,0.007461336533843621,0.00014095112272016763,1
8,0.02,12,151,10,0.0015921952960447072,4.4452328822330855e-06,1
8,0.02,12,152,1,4.109551783640869,6.659286209313088,4
8,0.02,12,152,2,3.090661999084448,4.919277906109496,4
8,0.02,12,152,3,2.576934024872701,4.0524618794414025,4
8,0.02,12,152,4,1.523620207586026,2.3237312911543446,3
8,0.02,12,152,5,0.8299575994149624,1.111989530868959,5
8,0.02,12,152,6,0.3940474552058948,0.3189328652386241,4
8,0.02,12,152,7,0.15913535274727764,0.09990599774750208,3
8,0.02,12,152,8,0.1062653185887239,0.05556172251131741,2
8,0.02,12,152,9,0.020779624589406964,0.0007206903499881179,1
8,0.02,12,152,10,0.004071537055885699,1.8415882017563945e-05,1
8,0.02,12,153,1,4.197603969151487,7.153172292692815,7
8,0.02,12,153,2,3.0474345440547665,4.966057382490785,6
8,0.02,12,153,3,2.2830033056394186,3.7771827885061597,4
8,0.02,12,153,4,1.411482142721006,2.2610004239679853,4
8,0.02,12,153,5,0.9687553538618321,1.2661199701170283,3
8,0.02,12,153,6,0.6999558913159767,0.9568260103991335,2
8,0.02,12,153,7,0.587457380763361,0.8999481261900915,2
8,0.02,12,153,8,0.09024653905237479,0.010969825495987351,2
8,0.02,12,153,9,0.043912457930590065,0.003208943558798083,2
8,0.02,12,153,10,0.002878452773693141,6.834154194024222e-05,1
8,0.02,12,154,1,5.197341483266847,8.742633431688223,8
8,0.02,12,154,2,4.122154162535068,6.720525783071082,7
8,0.02,12,154,3,2.8365174712992847,4.446253726534174,6
8,0.02,12,154,4,1.848999353402366,2.7280485739208515,5
8,0.02,12,154,5,0.9284066303801808,1.2874708219836677,3
8,0.02,12,154,6,0.6967688807087669,1.015293175030056,2
8,0.02,12,154,7,0.2394084093042732,0.10165042220053344,1
8,0.02,12,154,8,0.09185738005249178,0.019471535534741236,2
8,0.02,12,154,9,0.0330728840998713,0.0014016853476022106,1
8,0.02,12,154,10,0.011096588817688158,0.0001039510738145566,1
8,0.02,12,155,1,3.7299069439171433,6.405544331123682,7
8,0.02,12,155,2,2.899705085522381,4.919454418374023,6
8,0.02,12,155,3,1.972321319654963,3.2693979791750447,5
8,0.02,12,155,4,1.1672285686455144,1.947696278369051,4
8,0.02,12,155,5,0.7153652152132928,1.0578486910001006,4
8,0.02,12,155,6,0.2445790333931157,0.20959738482155288,2
8,0.02,12,155,7,0.09155939833095061,0.025465204582515,2
8,0.02,12,155,8,0.03734828677602131,0.00339076499170865,2
8,0.02,12,155,9,0.010931084424720794,0.0001570051807888717,1
8,0.02,12,155,10,0.002103197719188543,5.376164262216321e-06,1
8,0.02,12,156,1,4.078482726380193,6.51119035038149,2
8,0.02,12,156,2,2.878744932258824,4.538813853318256,2
8,0.02,12,156,3,1.8194859952837295,2.9735848980639297,3
8,0.02,12,156,4,0.9781508607062914,1.2840983305231566,1
8,0.02,12,156,5,0.3818887570573217,0.3629395090599825,1
8,0.02,12,156,6,0.11654996697191145,0.0535653958598008,3
8,0.02,12,156,7,0.061504124406150495,0.032635972395805624,3
8,0.02,12,156,8,0.02644785574261732,0.002760361179488413,3
8,0.02,12,156,9,0.011703201191886947,0.0010279885982296122,1
8,0.02,12,156,10,0.004702131435799117,9.459199209693736e-05,1
8,0.02,12,157,1,3.603410777972181,5.768854521786288,6
8,0.02,12,157,2,2.477650673123721,4.000059393705058,6
8,0.02,12,157,3,1.7247882302188646,2.7320060006364493,3
8,0.02,12,157,4,1.168319470698746,1.6524358751275505,3
8,0.02,12,157,5,0.5846063469841472,1.006518614728229,4
8,0.02,12,157,6,0.4893162270775644,0.883530362728429,4
8,0.02,12,157,7,0.2575312013383293,0.28669930191007786,3
8,0.02,12,157,8,0.04520591431677623,0.008586073141842121,2
8,0.02,12,157,9,0.021681607379976597,0.0018370526893445316,1
8,0.02,12,157,10,0.0014254626284486704,6.676977159614239e-06,1
8,0.02,12,158,1,4.081857234124769,6.82876877852139,5
8,0.02,12,158,2,2.928203018385876,4.82947742259498,4
8,0.02,12,158,3,1.5099620960981142,2.4013684599828906,3
8,0.02,12,158,4,1.1806910442966743,1.9001194054783133,6
8,0.02,12,158,5,0.3070818144516121,0.21828745671171035,6
8,0.02,12,158,6,0.12373774570835927,0.03691077337065973,1
8,0.02,12,158,7,0.04730367899475851,0.009516084982985618,3
8,0.02,12,158,8,0.015820887430995967,0.0008687992985993986,2
8,0.02,12,158,9,0.014746995496464521,0.0006901584356207024,1
8,0.02,12,158,10,0.00345510446946129,2.6093791577253e-05,1
8,0.02,12,159,1,4.744900454472429,7.673540624935741,8
8,0.02,12,159,2,3.676735605039447,5.569849808172197,8
8,0.02,12,159,3,2.593085652525989,3.8124822429044656,7
8,0.02,12,159,4,1.5214597690714236,2.338533467906048,3
8,0.02,12,159,5,0.832860151514268,0.9331676647202762,4
8,0.02,12,159,6,0.482514390756819,0.4272067946652349,3
8,0.02,12,159,7,0.3176748122613251,0.13950922202429794,2
8,0.02,12,159,8,0.1369180693942571,0.014850774770446051,2
8,0.02,12,159,9,0.04267022500748929,0.0010664692109632057,1
8,0.02,12,159,10,0.009377032501420857,4.0430992601869775e-05,1
8,0.02,12,160,1,3.560822420287707,5.861327055709822,6
8,0.02,12,160,2,2.573690693205979,4.182101560417221,5
8,0.02,12,160,3,1.8349914328383825,2.912254291081581,7
8,0.02,12,160,4,1.1838879690437274,1.715417938306559,6
8,0.02,12,160,5,0.5324765171200969,0.5992319067364509,5
8,0.02,12,160,6,0.19597624795633273,0.06661947326905349,4
8,0.02,12,160,7,0.10497536232732863,0.01959297028406226,3
8,0.02,12,160,8,0.028815393752624985,0.002699911755936313,1
8,0.02,12,160,9,0.016548534203831622,0.0008533093499902833,1
8,0.02,12,160,10,0.0016013669729062485,1.294812492247388e-05,1
8,0.02,12,161,1,4.490311898821732,7.462283775417928,6
8,0.02,12,161,2,3.7357684266666116,6.077488477033686,5
8,0.02,12,161,3,2.6416733462700908,4.292412679282068,4
8,0.02,12,161,4,1.7350668772429234,2.3342701790261273,5
8,0.02,12,161,5,1.0954372157910264,1.3454887920908032,4
8,0.02,12,161,6,0.3378599299960978,0.18865103011026108,5
8,0.02,12,161,7,0.1792769042771969,0.03976202713308474,2
8,0.02,12,161,8,0.05145159370362862,0.0016046693574516269,1
8,0.02,12,161,9,0.01996270927881838,0.0005415848873475682,2
8,0.02,12,161,10,0.006351293211773523,2.600803559182907e-05,1
8,0.02,12,162,1,3.9075760998469136,6.260622729891697,5
8,0.02,12,162,2,3.112910520746194,4.831774785633808,4
8,0.02,12,162,3,2.4252791698063163,3.6290513434435425,3
8,0.02,12,162,4,0.9783185996324413,1.3868075497897197,3
8,0.02,12,162,5,0.43351389321919953,0.4353940235687759,3
8,0.02,12,162,6,0.264101056742982,0.16026583584250353,3
8,0.02,12,162,7,0.0770221324130187,0.01070663781153236,3
8,0.02,12,162,8,0.03487269978534968,0.0029876809520388292,3
8,0.02,12,162,9,0.009042530274577132,0.00014295572186284744,2
8,0.02,12,162,10,0.0008583029158160116,6.643015582952216e-06,1
8,0.02,12,163,1,4.93235891532076,8.241562304810746,8
8,0.02,12,163,2,3.9164995686471027,6.25063244962838,8
8,0.02,12,163,3,2.4279054161697307,3.4580922741251996,7
8,0.02,12,163,4,1.808958857585436,2.8819035857135447,4
8,0.02,12,163,5,0.9389132871455299,1.3498176872090042,3
8,0.02,12,163,6,0.6707310577467176,0.73792089281954,2
8,0.02,12,163,7,0.25143981422284867,0.13077353946204973,2
8,0.02,12,163,8,0.13581225801901553,0.0306614920017374,2
8,0.02,12,163,9,0.0435023271263173,0.0010808674297635434,1
8,0.02,12,163,10,0.012505126075840423,4.1660552749789304e-05,1
8,0.02,12,164,1,4.782977357671138,8.153910064303822,7
8,0.02,12,164,2,3.4756629675742214,5.715385235188261,8
8,0.02,12,164,3,2.692973469489859,4.429823071117502,5
8,0.02,12,164,4,1.7891581591305386,2.735382710090814,4
8,0.02,12,164,5,1.1789654325542767,1.4806362692134982,3
8,0.02,12,164,6,0.5498654278291966,0.3282425811154308,2
8,0.02,12,164,7,0.32145021009442765,0.09763160557220729,3
8,0.02,12,164,8,0.13516817599277964,0.012178774780004176,2
8,0.02,12,164,9,0.039671475964921044,0.0006696266022725439,2
8,0.02,12,164,10,0.011008281832674882,4.354685018270743e-05,1
8,0.02,12,165,1,3.581746002624902,5.619683022055931,9
8,0.02,12,165,2,2.5336549905371104,4.0177362441024815,8
8,0.02,12,165,3,1.4353721204682,2.0293482708109885,7
8,0.02,12,165,4,0.7130795954416289,0.7527647753132811,5
8,0.02,12,165,5,0.39669347672371735,0.34446129134951065,4
8,0.02,12,165,6,0.13950697254672662,0.036907963829854395,2
8,0.02,12,165,7,0.06927889424508571,0.008513657742151182,2
8,0.02,12,165,8,0.025135926332637837,0.0020062714354391886,2
8,0.02,12,165,9,0.008952440747256318,0.0002989395751615831,2
8,0.02,12,165,10,0.002506796950150658,4.3002176246531576e-05,1
8,0.02,12,166,1,3.1687598600467144,4.807802479163261,2
8,0.02,12,166,2,1.9979252601346236,3.1933752261087776,7
8,0.02,12,166,3,1.1843473346236326,1.9304948726949576,4
8,0.02,12,166,4,0.788363727860462,1.2013611563367341,3
8,0.02,12,166,5,0.24466007988135452,0.1523310936182849,2
8,0.02,12,166,6,0.12266789680261247,0.027607327883835353,1
8,0.02,12,166,7,0.03450440671095478,0.0021325745882503355,1
8,0.02,12,166,8,0.010898199386286223,0.0003641316423426133,1
8,0.02,12,166,9,0.0017027278713701577,2.2967724303768478e-05,2
8,0.02,12,166,10,0.0007952485154412159,3.203097458381876e-06,1
8,0.02,12,167,1,3.9882488388195405,6.376921344602422,4
8,0.02,12,167,2,3.2526785056897083,5.324346525478905,2
8,0.02,12,167,3,2.0218073556083738,3.0830208070062266,4
8,0.02,12,167,4,1.5011685679406046,2.340870089092914,2
8,0.02,12,167,5,0.48054315005319026,0.5148764816399023,2
8,0.02,12,167,6,0.20840649867664673,0.12113207124794734,2
8,0.02,12,167,7,0.079736282549149,0.020872962760355662,2
8,0.02,12,167,8,0.04452290640704959,0.006411269959567534,2
8,0.02,12,167,9,0.021979641283571993,0.0011295485497893054,2
8,0.02,12,167,10,0.00673465482725355,6.285487518198352e-05,1
8,0.02,12,168,1,4.007997037268076,6.641185488517424,8
8,0.02,12,168,2,3.090183028323768,5.033229187213951,7
8,0.02,12,168,3,1.7494204416894057,2.6028978075342035,5
8,0.02,12,168,4,1.2536338171340056,1.9866689456201136,3
8,0.02,12,168,5,0.7332855449496414,1.0747047951059354,3
8,0.02,12,168,6,0.2521448068534671,0.10859814237372767,2
8,0.02,12,168,7,0.11977219334113087,0.04177477960145026,2
8,0.02,12,168,8,0.04095623703536155,0.002665035547902761,2
8,0.02,12,168,9,0.013944880142577887,0.0003165587331803721,2
8,0.02,12,168,10,0.0031146108738386857,1.0139666859032559e-05,1
8,0.02,12,169,1,4.641193894235414,7.772208260521317,5
8,0.02,12,169,2,3.364338683336115,5.488446459467443,5
8,0.02,12,169,3,2.4553122066289568,3.9051681649607524,3
8,0.02,12,169,4,1.5029918174092032,2.2424290085720813,2
8,0.02,12,169,5,0.8920241952392871,0.9905266803693866,2
8,0.02,12,169,6,0.23055056107403438,0.08886771934010795,2
8,0.02,12,169,7,0.10425131109530383,0.021595433243660977,2
8,0.02,12,169,8,0.025068489525175153,0.0009740078991917756,2
8,0.02,12,169,9,0.010481190485128522,0.00023076369469698932,2
8,0.02,12,169,10,0.002448281242738659,1.1433001624538974e-05,1
8,0.02,12,170,1,3.322860998113992,5.25326384562694,9
8,0.02,12,170,2,2.6305520224928145,4.111385447340783,7
8,0.02,12,170,3,1.7665325858441676,2.5557962679909103,6
8,0.02,12,170,4,0.9516841985496942,1.377516961108201,2
8,0.02,12,170,5,0.40276400834893167,0.2990765920795546,4
8,0.02,12,170,6,0.20395678440763731,0.07172143496859285,3
8,0.02,12,170,7,0.09430983758983658,0.013646487076890423,2
8,0.02,12,170,8,0.030293626156787212,0.0022666909075930164,2
8,0.02,12,170,9,0.009151386034538689,0.00014154400492571995,2
8,0.02,12,170,10,0.0022231338342848517,1.3762254621241254e-05,1
8,0.02,12,171,1,4.797098993235425,7.801140382587869,3
8,0.02,12,171,2,3.6514624535623614,5.771978137642263,2
8,0.02,12,171,3,2.354278168061983,3.5436940762825238,2
8,0.02,12,171,4,1.7225205526476142,2.99938929740874,4
8,0.02,12,171,5,1.0078245973841788,1.4297427842401618,4
8,0.02,12,171,6,0.7106566146212483,1.0162714741986072,2
8,0.02,12,171,7,0.24894970042868714,0.075254590016538,2
8,0.02,12,171,8,0.09368801568024487,0.010043324929217334,3
8,0.02,12,171,9,0.03549615726021038,0.0013814969641146035,2
8,0.02,12,171,10,0.007176987201546581,8.427479081341005e-05,1
8,0.02,12,172,1,4.427552970975034,7.503795309455098,6
8,0.02,12,172,2,3.6612064912120896,5.983808051585164,7
8,0.02,12,172,3,2.614850719607011,4.309224415430219,6
8,0.02,12,172,4,1.790470908471237,2.550761738921196,3
8,0.02,12,172,5,0.8617744463938557,0.9399328833099609,4
8,0.02,12,172,6,0.3942679642668594,0.20744358150018272,3
8,0.02,12,172,7,0.1878202536232525,0.03978804562759919,3
8,0.02,12,172,8,0.0655626725788725,0.003189578625768519,2
8,0.02,12,172,9,0.026481349983434654,0.0005917099589005659,1
8,0.02,12,172,10,0.008451187357351841,2.6601716948349008e-05,1
8,0.02,12,173,1,3.7182186371124093,5.990778114973708,5
8,0.02,12,173,2,2.854932294336697,4.387691145779531,4
8,0.02,12,173,3,1.7808704525799595,2.6275645177684375,2
8,0.02,12,173,4,1.0698602758849578,1.4371611683984042,2
8,0.02,12,173,5,0.6443685943098352,0.9081374041059895,6
8,0.02,12,173,6,0.19759727852618525,0.065426688761546,4
8,0.02,12,173,7,0.08913497347383625,0.009522439765557777,4
8,0.02,12,173,8,0.03862197761849906,0.002565951474656103,3
8,0.02,12,173,9,0.014713714372680542,0.00033515278304108165,2
8,0.02,12,173,10,0.002627479318784154,3.225927797956274e-05,1
8,0.02,12,174,1,4.4242940082185225,7.199194591463719,8
8,0.02,12,174,2,3.1398480072381094,4.945842074470457,7
8,0.02,12,174,3,1.988322226178317,3.1772042610734275,6
8,0.02,12,174,4,1.072454219048991,1.5697214173216727,6
8,0.02,12,174,5,0.4080738006787552,0.6057401359499437,3
8,0.02,12,174,6,0.18727198557153102,0.1555014051701562,3
8,0.02,12,174,7,0.08441631850932829,0.035608758002956264,3
8,0.02,12,174,8,0.028501163465403323,0.003064240689818476,3
8,0.02,12,174,9,0.009112514845057262,0.0004144763667071061,2
8,0.02,12,174,10,0.003017457010546565,2.385108704672234e-05,1
8,0.02,12,175,1,4.585979568922067,7.610823966348644,7
8,0.02,12,175,2,3.832216355169674,6.226453318697988,7
8,0.02,12,175,3,2.6673179386078623,4.260523435673834,4
8,0.02,12,175,4,1.9045655886545845,2.9532772903155546,4
8,0.02,12,175,5,1.150802374902188,1.5689066426648957,4
8,0.02,12,175,6,0.6549997850167024,0.6552159967632694,4
8,0.02,12,175,7,0.2318616684101258,0.08554320899287049,2
8,0.02,12,175,8,0.08617779582574236,0.007472177499442623,2
8,0.02,12,175,9,0.02593316218695918,0.0003215040834412264,2
8,0.02,12,175,10,0.0029017182426915866,8.78063249309946e-06,1
8,0.02,12,176,1,4.588598675935511,7.3192796311962915,4
8,0.02,12,176,2,3.816424483932849,5.8592940082076375,3
8,0.02,12,176,3,2.762825335944882,4.487694786473011,5
8,0.02,12,176,4,1.8306540957545785,2.83659996111869,4
8,0.02,12,176,5,1.0584799037519161,1.376614338130036,3
8,0.02,12,176,6,0.48351360706481117,0.3058695366688333,3
8,0.02,12,176,7,0.23146527701554476,0.09179757175996883,3
8,0.02,12,176,8,0.059324503704925036,0.004282989338397769,3
8,0.02,12,176,9,0.012434599221130327,0.0004280295305054693,1
8,0.02,12,176,10,0.0028565532477049516,1.5446191881096638e-05,1
8,0.02,12,177,1,3.188356099129443,5.060847393289482,7
8,0.02,12,177,2,2.6166174058451723,4.118781512143908,6
8,0.02,12,177,3,1.5034719360021285,2.4314979647772894,6
8,0.02,12,177,4,1.0400892084915228,1.363628604617471,6
8,0.02,12,177,5,0.3626531527873116,0.19804151055831198,6
8,0.02,12,177,6,0.19019168637753125,0.07107975017353141,4
8,0.02,12,177,7,0.08180340167968403,0.009392845923821724,3
8,0.02,12,177,8,0.0282916006519347,0.0007999495414079405,3
8,0.02,12,177,9,0.005086016737319454,5.927136063199612e-05,2
8,0.02,12,177,10,0.0017710340035783645,6.853442535259546e-06,1
8,0.02,12,178,1,4.0565314941645365,6.728134744587425,3
8,0.02,12,178,2,2.7683139939490875,4.2617566837406535,7
8,0.02,12,178,3,1.7129997753625954,2.5702249649813957,3
8,0.02,12,178,4,0.7315237051899981,1.0317808335257173,3
8,0.02,12,178,5,0.2911870809350514,0.12016214288966154,1
8,0.02,12,178,6,0.07713513335927935,0.008770422695210556,1
8,0.02,12,178,7,0.021328970736304242,0.0043055518734771425,2
8,0.02,12,178,8,0.012403782703819033,0.0011413700575477748,1
8,0.02,12,178,9,0.0037696146044812195,0.00012398557367454544,1
8,0.02,12,178,10,0.001982012459476934,2.4315577187294934e-05,1
8,0.02,12,179,1,3.7733283221950096,6.297883396155932,8
8,0.02,12,179,2,2.9411558119712424,4.848517941486717,7
8,0.02,12,179,3,1.527135583965034,2.2336270016831694,7
8,0.02,12,179,4,0.9802572113138268,1.205647068739708,7
8,0.02,12,179,5,0.4505694936217104,0.3834651929425661,3
8,0.02,12,179,6,0.3058606149424197,0.23022533063316963,3
8,0.02,12,179,7,0.1048126456412799,0.017330177151952952,2
8,0.02,12,179,8,0.04329115374114778,0.002701472984957931,3
8,0.02,12,179,9,0.015919100560635613,0.0002552552882200132,2
8,0.02,12,179,10,0.0021218702107574927,1.0014832389160233e-05,1
8,0.02,12,180,1,3.858452121791567,6.286780020622649,7
8,0.02,12,180,2,2.5207381625958067,4.202418880973186,6
8,0.02,12,180,3,1.384085158643808,2.186071204971972,4
8,0.02,12,180,4,0.6895656869600781,1.134486614283916,6
8,0.02,12,180,5,0.27554833715897864,0.3108897111870679,6
8,0.02,12,180,6,0.04901694702675741,0.028066346941644227,2
8,0.02,12,180,7,0.019127949923099408,0.0027770822320007937,4
8,0.02,12,180,8,0.0051295372848763066,0.00026955416767471263,3
8,0.02,12,180,9,0.0018101827099936685,9.04465736830673e-05,2
8,0.02,12,180,10,0.0005247729096229392,6.781702285962865e-06,1
8,0.02,12,181,1,4.406178281810593,7.386909373378392,6
8,0.02,12,181,2,3.5875076206666847,5.935811304780442,5
8,0.02,12,181,3,2.397775532822262,3.665189680878818,5
8,0.02,12,181,4,1.770522049962313,2.538915675880606,5
8,0.02,12,181,5,0.7476789806510826,0.9983123157588025,4
8,0.02,12,181,6,0.5089211137525034,0.8974571373760556,4
8,0.02,12,181,7,0.2662625263345646,0.30336966305869595,3
8,0.02,12,181,8,0.046559693097327326,0.009448989672254271,2
8,0.02,12,181,9,0.007020129625143312,0.0005127075724598029,1
8,0.02,12,181,10,0.0007751110203351175,4.828159557490608e-06,1
8,0.02,12,182,1,4.336379128000777,7.265191119036151,8
8,0.02,12,182,2,3.543571127655115,5.92730284903965,7
8,0.02,12,182,3,2.4407124419136625,4.003581677702821,6
8,0.02,12,182,4,1.5318816814192733,2.3580694385635717,5
8,0.02,12,182,5,0.5728875617325393,0.7056757638213416,4
8,0.02,12,182,6,0.24301083866918738,0.1363313902462977,2
8,0.02,12,182,7,0.12637260949567697,0.03898803096356929,2
8,0.02,12,182,8,0.050214275848746937,0.004009235218163099,1
8,0.02,12,182,9,0.017956811933791172,0.0004214595940510435,1
8,0.02,12,182,10,0.0035526633403915042,1.4358085346444227e-05,1
8,0.02,12,183,1,4.668822844213789,7.857647245442424,7
8,0.02,12,183,2,3.87184921023173,6.355386052131859,7
8,0.02,12,183,3,2.6980008336554313,4.121006961679971,6
8,0.02,12,183,4,1.515734822774629,1.9186697432361086,6
8,0.02,12,183,5,0.9698586073387148,1.2592850784588787,4
8,0.02,12,183,6,0.4619926476417149,0.4072850943466939,3
8,0.02,12,183,7,0.28846584393904706,0.15326748552237568,2
8,0.02,12,183,8,0.10453253245910865,0.012541407810616079,2
8,0.02,12,183,9,0.03309722886595878,0.001867017267462856,1
8,0.02,12,183,10,0.007038355460448287,7.483629978644046e-05,1
8,0.02,12,184,1,4.257021043044915,7.185077378752789,4
8,0.02,12,184,2,3.719526683107052,6.029221987876877,5
8,0.02,12,184,3,2.7248953231843025,4.3734641522636615,5
8,0.02,12,184,4,1.6358193393681866,2.5642885682954173,4
8,0.02,12,184,5,0.9704555772460655,1.2333197368309285,3
8,0.02,12,184,6,0.377013429343652,0.15549452867732327,3
8,0.02,12,184,7,0.1705790018671749,0.034984893190566524,3
8,0.02,12,184,8,0.06633412676958983,0.00261874942625262,3
8,0.02,12,184,9,0.022078474424699124,0.0003724537912273007,1
8,0.02,12,184,10,0.009993551684997826,4.441727701198772e-05,1
8,0.02,12,185,1,4.2446129639453645,7.012366806037424,8
8,0.02,12,185,2,2.6464212329411225,4.210787557755907,8
8,0.02,12,185,3,1.6206057696764198,2.28685801339065,8
8,0.02,12,185,4,0.8615636011641659,1.1722024261346133,6
8,0.02,12,185,5,0.30579435643371333,0.10761217944809953,1
8,0.02,12,185,6,0.22079006046650385,0.10159362729138621,2
8,0.02,12,185,7,0.11520726064022746,0.014139358976557048,1
8,0.02,12,185,8,0.05026938268990655,0.0026295515908145717,1
8,0.02,12,185,9,0.018614117376859696,0.0003837315850390155,1
8,0.02,12,185,10,0.005964627218240537,2.5441988071861488e-05,1
8,0.02,12,186,1,4.955005282931971,8.267929459078626,4
8,0.02,12,186,2,3.7651956101360398,5.912784074904913,3
8,0.02,12,186,3,2.8825217439051265,4.745072923471753,5
8,0.02,12,186,4,2.015426376092556,3.1355437489342926,4
8,0.02,12,186,5,0.9575981032228089,1.0158970974258672,3
8,0.02,12,186,6,0.47877366729008664,0.3016639780215744,2
8,0.02,12,186,7,0.18714893445688574,0.055367574126456987,2
8,0.02,12,186,8,0.06242442422992056,0.003974076030379692,1
8,0.02,12,186,9,0.020772482310004392,0.0007129716263865049,1
8,0.02,12,186,10,0.006665122035784066,4.844031166406637e-05,1
8,0.02,12,187,1,4.7453383618014655,7.987069906587713,6
8,0.02,12,187,2,4.048915933290285,6.749822119500532,5
8,0.02,12,187,3,2.7705781689642635,4.400004916632989,4
8,0.02,12,187,4,2.1951696610502047,3.5208179333229843,3
8,0.02,12,187,5,0.9894078235942914,1.3258416525731676,5
8,0.02,12,187,6,0.37418422204035373,0.38097658808866086,3
8,0.02,12,187,7,0.16265589171617734,0.07606399253114837,3
8,0.02,12,187,8,0.05500426323840202,0.007530185928885658,2
8,0.02,12,187,9,0.020236226461515017,0.0005085775255153635,1
8,0.02,12,187,10,0.006276200931592868,3.923768465874389e-05,1
8,0.02,12,188,1,3.767518633278028,6.0772978041615815,9
8,0.02,12,188,2,2.74288982201943,4.426488999475646,2
8,0.02,12,188,3,1.720413519200564,2.741937715841839,3
8,0.02,12,188,4,1.1291857349917525,1.4302215905491842,6
8,0.02,12,188,5,0.6018621968875024,0.9491172077784249,3
8,0.02,12,188,6,0.14177211191428007,0.09729882405506096,2
8,0.02,12,188,7,0.08625986147688458,0.04100609184739845,3
8,0.02,12,188,8,0.04916433050808422,0.012262552396151705,2
8,0.02,12,188,9,0.020182201160585223,0.0010265047293174234,2
8,0.02,12,188,10,0.003932033139047775,1.739266705413911e-05,1
8,0.02,12,189,1,4.823658755361,8.388559778340092,4
8,0.02,12,189,2,3.9162127347918396,6.545417141234864,5
8,0.02,12,189,3,3.0458127697095616,5.022514738282354,4
8,0.02,12,189,4,2.1034587605283743,3.3529273084247677,4
8,0.02,12,189,5,1.204913666727455,1.63224545419485,3
8,0.02,12,189,6,0.5601155918008818,0.39426597009790676,2
8,0.02,12,189,7,0.21399304454957502,0.05377601857181524,2
8,0.02,12,189,8,0.06859555369953618,0.0038790679402698203,2
8,0.02,12,189,9,0.017392057755985846,0.00022325387050337042,1
8,0.02,12,189,10,0.0018878077505455337,3.3001919881314734e-06,1
8,0.02,12,190,1,3.579398607333397,5.9278572072684135,7
8,0.02,12,190,2,2.621365560228094,4.265185060710579,6
8,0.02,12,190,3,1.7102005440941657,2.6860954759312303,5
8,0.02,12,190,4,1.0056664262421364,1.263745299832845,5
8,0.02,12,190,5,0.3855418610123724,0.20526092058916134,5
8,0.02,12,190,6,0.14689163323210686,0.030446542739197113,3
8,0.02,12,190,7,0.07246744059151311,0.006447637343288903,3
8,0.02,12,190,8,0.023072456156819854,0.0007775450862244071,2
8,0.02,12,190,9,0.0028939861947190337,3.347125245589666e-05,2
8,0.02,12,190,10,0.0003482385024309309,1.5092222849233394e-06,1
8,0.02,12,191,1,4.194368023789091,7.1351957001456725,5
8,0.02,12,191,2,3.268379149405609,5.5319834241346495,6
8,0.02,12,191,3,2.5566528168191542,4.1778939170268465,5
8,0.02,12,191,4,1.7087099953916596,2.470780982138674,4
8,0.02,12,191,5,1.0641955307191022,1.3107303261548644,3
8,0.02,12,191,6,0.3563449449225562,0.19659269736657947,2
8,0.02,12,191,7,0.15889048975911813,0.03074558599017152,3
8,0.02,12,191,8,0.06730971530232033,0.00339067201638521,3
8,0.02,12,191,9,0.02576073490263653,0.00040276211552203733,2
8,0.02,12,191,10,0.007268200423638405,4.748142880472983e-05,1
8,0.02,12,192,1,3.5909159060246747,5.8782005706911455,2
8,0.02,12,192,2,2.223570145116339,3.225595421757692,1
8,0.02,12,192,3,1.4603752315433614,2.234664529453031,2
8,0.02,12,192,4,0.8178462091386027,1.2932299870531896,2
8,0.02,12,192,5,0.32986966373543325,0.21143278773965513,1
8,0.02,12,192,6,0.09161238011902029,0.015878632644063195,1
8,0.02,12,192,7,0.037499500709893496,0.02271049316861884,2
8,0.02,12,192,8,0.021949443483013198,0.003088284009795217,2
8,0.02,12,192,9,0.012762501876713017,0.000958354299948283,2
8,0.02,12,192,10,0.005563414202086392,0.00010451304346226209,1
8,0.02,12,193,1,4.513696807915149,7.482779904710476,5
8,0.02,12,193,2,3.3694032692417863,5.335494093391421,5
8,0.02,12,193,3,2.457903008547955,3.672837997977595,3
8,0.02,12,193,4,1.3973388587285243,2.038747247317737,5
8,0.02,12,193,5,0.7084364391360971,0.9529054298996513,5
8,0.02,12,193,6,0.33563345331020145,0.13898554539324337,3
8,0.02,12,193,7,0.1269509279522154,0.03423933749163055,3
8,0.02,12,193,8,0.054114123239010326,0.012090645134028577,2
8,0.02,12,193,9,0.021735128914531998,0.0018317496399706812,2
8,0.02,12,193,10,0.006986372259907725,5.5700419416382374e-05,1
8,0.02,12,194,1,4.37794149886018,7.136136660539567,5
8,0.02,12,194,2,3.086698172708383,4.962347206321969,5
8,0.02,12,194,3,2.0539063821036265,3.122940845342974,5
8,0.02,12,194,4,1.356231856530421,2.146943853511421,5
8,0.02,12,194,5,0.7532035860876345,1.1338891832108118,5
8,0.02,12,194,6,0.23716909789328788,0.08313733650947164,5
8,0.02,12,194,7,0.050918410150293525,0.005725352653021432,4
8,0.02,12,194,8,0.016564723840089002,0.004204191057979756,1
8,0.02,12,194,9,0.008916530766471809,0.0036302755058184033,1
8,0.02,12,194,10,0.0028891273020388297,0.00012352163443196673,1
8,0.02,12,195,1,4.8989945556677075,8.221587798450294,3
8,0.02,12,195,2,3.862771965461766,6.534276760726261,3
8,0.02,12,195,3,2.972717481625791,4.902576864344621,3
8,0.02,12,195,4,1.8036659915898792,2.6648361556316935,2
8,0.02,12,195,5,0.8654043335029868,1.2184840852535341,3
8,0.02,12,195,6,0.2956443033285918,0.15410052200584268,2
8,0.02,12,195,7,0.16063508716612418,0.06180338262654317,3
8,0.02,12,195,8,0.07433846928213228,0.013879190638945715,2
8,0.02,12,195,9,0.025077930528661696,0.0005539033157671014,1
8,0.02,12,195,10,0.007700960978079152,2.132939523313837e-05,1
8,0.02,12,196,1,3.7688060885636325,6.275797792195121,5
8,0.02,12,196,2,2.8138704904277425,4.7925406824238745,4
8,0.02,12,196,3,1.8950895710551663,2.752725764636148,2
8,0.02,12,196,4,1.353654521470176,1.8789730062952987,2
8,0.02,12,196,5,0.29861138946038324,0.2007871945009363,3
8,0.02,12,196,6,0.17764795821214108,0.13267258459359255,4
8,0.02,12,196,7,0.113638468822856,0.05027775825629455,3
8,0.02,12,196,8,0.04911716491667306,0.005269553870697052,2
8,0.02,12,196,9,0.013342177687714951,0.0003919612189733357,2
8,0.02,12,196,10,0.0032623614533946466,1.362091432888235e-05,1
8,0.02,12,197,1,4.340109758009163,7.328456103512217,8
8,0.02,12,197,2,3.2533991505812807,5.280932298568132,8
8,0.02,12,197,3,2.088414673277768,3.2331996533213303,7
8,0.02,12,197,4,0.797450240071818,0.860985104982003,6
8,0.02,12,197,5,0.3372671835089438,0.40097939104801306,4
8,0.02,12,197,6,0.1544631550213218,0.05500195811128705,4
8,0.02,12,197,7,0.06373319736295002,0.012218644561283298,3
8,0.02,12,197,8,0.026717920877690204,0.004668935621722881,1
8,0.02,12,197,9,0.012130185649828817,0.0006556653949729707,1
8,0.02,12,197,10,0.003149455372088994,3.6609679369803416e-05,1
8,0.02,12,198,1,4.474405758193221,7.471621777281374,3
8,0.02,12,198,2,3.5149912431434913,5.842926401680987,3
8,0.02,12,198,3,2.3080117622021774,3.6843059818938695,2
8,0.02,12,198,4,1.1814882997138128,1.3880760846674658,1
8,0.02,12,198,5,0.4307097056644835,0.355969678752329,3
8,0.02,12,198,6,0.23651779715966725,0.08592340722514535,2
8,0.02,12,198,7,0.11018472032150228,0.010260350440567834,1
8,0.02,12,198,8,0.04079070854549016,0.00414616489310049,2
8,0.02,12,198,9,0.020263572824255505,0.0003925715952934894,1
8,0.02,12,198,10,0.005845196317276091,3.500913788379023e-05,1
8,0.02,12,199,1,4.144793305972684,6.613322487737399,2
8,0.02,12,199,2,2.9789324227885636,4.931844743946197,7
8,0.02,12,199,3,2.2544367370304563,3.413072729708695,3
8,0.02,12,199,4,1.3699342966573624,1.9892561742838026,5
8,0.02,12,199,5,0.936833127898737,1.217908121021436,4
8,0.02,12,199,6,0.4506758948996783,0.3584603395196382,5
8,0.02,12,199,7,0.20630275689862465,0.08738992978820193,3
8,0.02,12,199,8,0.11225582486849284,0.01741398725996035,3
8,0.02,12,199,9,0.03913392094617407,0.0020801799304184243,2
8,0.02,12,199,10,0.01917032534177565,0.00017522132341696306,1
