depth,p,n,real,b,ivn_max,ir2_max,a_at_max
6,0.05,12,0,1,1.9857843334890966,4.723967311880722,8
6,0.05,12,0,2,1.5916197408011854,3.8902730455983647,8
6,0.05,12,0,3,0.9440392190206488,2.233814049994395,3
6,0.05,12,0,4,0.5866756150904457,1.5129751129218647,6
6,0.05,12,0,5,0.17930522358687284,0.2932647932926269,1
6,0.05,12,0,6,0.04817469562042831,0.03372944802350908,5
6,0.05,12,0,7,0.0066513664249896465,0.012545986210605875,3
6,0.05,12,0,8,0.0019522671142873094,0.001558667712783901,2
6,0.05,12,0,9,0.0012477455892963007,0.0005452002300909697,1
6,0.05,12,0,10,0.0003705103614493055,6.434142986755376e-05,1
6,0.05,12,1,1,1.9276455556069152,4.825170894404124,4
6,0.05,12,1,2,1.5803485108914685,3.858323291646794,3
6,0.05,12,1,3,0.8897731229727661,2.3728074984141827,3
6,0.05,12,1,4,0.4426213928950915,1.099439365291099,1
6,0.05,12,1,5,0.3172048907452911,0.8191904557509808,1
6,0.05,12,1,6,0.0890836095497356,0.1862640941307756,1
6,0.05,12,1,7,0.03754666592211109,0.047493788263519576,1
6,0.05,12,1,8,0.015547713609372238,0.013823811967480282,3
6,0.05,12,1,9,0.005086972716998872,0.003973669500567212,1
6,0.05,12,1,10,0.0022881728883206165,0.0008933474226004989,1
6,0.05,12,2,1,1.7330617649007216,4.2070623965819784,6
6,0.05,12,2,2,1.423888222741617,3.496323614349521,7
6,0.05,12,2,3,1.0350748821146816,2.4397717541683193,4
6,0.05,12,2,4,0.5625799644035645,1.4333309040628315,6
6,0.05,12,2,5,0.266781672972737,0.5514900375958565,6
6,0.05,12,2,6,0.05895099879099419,0.15314787539168506,3
6,0.05,12,2,7,0.028705084634264466,0.05582243153717492,3
6,0.05,12,2,8,0.010177865778903339,0.010085875307655812,3
6,0.05,12,2,9,0.002208880996796836,0.0014135140280089331,2
6,0.05,12,2,10,0.0003866471330233878,0.00011038341818370156,1
6,0.05,12,3,1,1.7718023783885464,4.0969218199342645,3
6,0.05,12,3,2,1.052573602586019,2.5558227698938385,2
6,0.05,12,3,3,0.567681870648844,1.3944201409617385,3
6,0.05,12,3,4,0.18137250765766666,0.47071352427696667,3
6,0.05,12,3,5,0.08529566545234246,0.19914661514213172,3
6,0.05,12,3,6,0.05519366040608986,0.11214169621516845,3
6,0.05,12,3,7,0.014359946596318451,0.01616778229107041,2
6,0.05,12,3,8,0.00348093947133421,0.002441113835505604,3
6,0.05,12,3,9,0.0006283191106959407,0.0002760162648378639,2
6,0.05,12,3,10,0.0002029094573750001,6.849514554829739e-05,1
6,0.05,12,4,1,2.163449587510158,5.023020489262786,8
6,0.05,12,4,2,1.4708338103880436,3.707200113582646,7
6,0.05,12,4,3,0.7790954550113796,2.10269262153866,6
6,0.05,12,4,4,0.45319248865829564,1.3293266735121456,3
6,0.05,12,4,5,0.2830436839563646,0.8200135089592155,2
6,0.05,12,4,6,0.125547196007453,0.2550716432182494,3
6,0.05,12,4,7,0.062297533396638016,0.09003101338852382,2
6,0.05,12,4,8,0.022099258746681727,0.017246284656208033,1
6,0.05,12,4,9,0.004597944655813535,0.0025300946689537085,2
6,0.05,12,4,10,0.0019734328776337406,0.000563674935859737,1
6,0.05,12,5,1,1.5532964055793599,3.737087807728404,2
6,0.05,12,5,2,0.9802276524183817,2.5327681115227136,4
6,0.05,12,5,3,0.6190990658445372,1.5009166599289614,3
6,0.05,12,5,4,0.411727435099575,1.0480027195695865,2
6,0.05,12,5,5,0.1123287933021544,0.3387750883635192,4
6,0.05,12,5,6,0.03361896779866669,0.08892023171815211,4
6,0.05,12,5,7,0.01221898723331094,0.025437021265672044,2
6,0.05,12,5,8,0.003972680457721367,0.006523218011494691,2
6,0.05,12,5,9,0.0010303103119078116,0.0009790444111867913,1
6,0.05,12,5,10,0.00021737094971285842,0.00011167997566374765,1
6,0.05,12,6,1,2.3100224845289077,5.09370757156498,9
6,0.05,12,6,2,1.6482855923722113,3.778841599300449,8
6,0.05,12,6,3,1.024819778552498,2.5504318233708894,7
6,0.05,12,6,4,0.6784648967909384,1.7299858433493505,5
6,0.05,12,6,5,0.3899812747846845,0.8291189346081538,5
6,0.05,12,6,6,0.1498999890971966,0.44361740260404936,3
6,0.05,12,6,7,0.066880685379207,0.15540273753361333,3
6,0.05,12,6,8,0.02530099201233682,0.026741382853060713,3
6,0.05,12,6,9,0.004830995768834612,0.00398750782700219,2
6,0.05,12,6,10,0.0006526719751640542,0.00018904441409617334,1
6,0.05,12,7,1,1.9182760430906107,4.4090978426510485,2
6,0.05,12,7,2,1.4285942639464118,3.5763667514080293,8
6,0.05,12,7,3,0.7732793567036431,1.8834672176283433,2
6,0.05,12,7,4,0.3921299086991432,1.0383487375365412,6
6,0.05,12,7,5,0.1578570349495969,0.4386880971883276,5
6,0.05,12,7,6,0.0862774461608602,0.2649867200584559,2
6,0.05,12,7,7,0.0275009974757765,0.04641941452185527,3
6,0.05,12,7,8,0.017511837858616985,0.02874186662537248,2
6,0.05,12,7,9,0.004319903014216919,0.005312586566981636,1
6,0.05,12,7,10,0.0008702862635878716,0.0004914772877953055,1
6,0.05,12,8,1,2.1333890622743006,5.2192157920230695,2
6,0.05,12,8,2,1.580587165289554,4.075715168403226,2
6,0.05,12,8,3,1.0758188300038718,2.892523861446387,3
6,0.05,12,8,4,0.6142804114953826,1.6367307297714984,2
6,0.05,12,8,5,0.31888977886565684,0.9291672376951698,3
6,0.05,12,8,6,0.12630653791962487,0.2764083863296882,4
6,0.05,12,8,7,0.06673129753692209,0.11502278274047306,3
6,0.05,12,8,8,0.025134165295671806,0.029497013705777064,2
6,0.05,12,8,9,0.009329742834214727,0.005398257179814792,1
6,0.05,12,8,10,0.0010655364283600477,0.0003185368466169791,1
6,0.05,12,9,1,2.04417652996527,4.630187827949076,2
6,0.05,12,9,2,1.3762919386313257,3.3306925810086554,2
6,0.05,12,9,3,0.7946664071658276,2.063856632354856,2
6,0.05,12,9,4,0.29126390771141786,0.6800452902777341,1
6,0.05,12,9,5,0.07724569838160988,0.10413474375497245,2
6,0.05,12,9,6,0.027781278837299084,0.020197709422674848,1
6,0.05,12,9,7,7.105427357601002e-15,-1.7763568394002505e-15,1
6,0.05,12,9,8,3.552713678800501e-15,0.0,2
6,0.05,12,9,9,3.552713678800501e-15,1.7763568394002505e-15,1
6,0.05,12,9,10,0.0,1.7763568394002505e-15,1
6,0.05,12,10,1,2.033190705185163,4.830501380778895,3
6,0.05,12,10,2,1.3910105346246127,3.2972889560573755,2
6,0.05,12,10,3,0.9468990081697228,1.9474615861638647,1
6,0.05,12,10,4,0.36425697083222985,1.0978096073803592,4
6,0.05,12,10,5,0.1658171047630077,0.43329190829708075,3
6,0.05,12,10,6,0.05048830883256272,0.0816720346679638,4
6,0.05,12,10,7,0.027274801490559497,0.02422484458144325,1
6,0.05,12,10,8,0.0064868884453197495,0.0033376930690138806,1
6,0.05,12,10,9,0.0030903788768945617,0.001015370688232764,1
6,0.05,12,10,10,0.0008560005257187697,0.00022940024701334494,1
6,0.05,12,11,1,2.2760181914691913,5.222812129195763,8
6,0.05,12,11,2,1.7132910047168721,3.9700025168670727,8
6,0.05,12,11,3,0.8854917200651329,2.0707316892867773,8
6,0.05,12,11,4,0.5045976430051411,1.2254798198111345,5
6,0.05,12,11,5,0.32529243776860284,0.7949767861225148,4
6,0.05,12,11,6,0.07878601608943825,0.21950164711408604,4
6,0.05,12,11,7,0.041785521910789214,0.10234960853640196,4
6,0.05,12,11,8,0.008651864332055226,0.015054954043231206,1
6,0.05,12,11,9,0.00329177525150115,0.004098493987974905,1
6,0.05,12,11,10,0.0013543558458977145,0.0014658519751442611,1
6,0.05,12,12,1,1.7340382310766813,4.005036037757499,8
6,0.05,12,12,2,1.4166386422057897,3.2902597243348346,7
6,0.05,12,12,3,0.7172993538409429,1.759432437508611,6
6,0.05,12,12,4,0.4475979641795611,1.1151093894248607,5
6,0.05,12,12,5,0.2340625121824189,0.4663821275240494,4
6,0.05,12,12,6,0.0582746732616215,0.11436491307307328,1
6,0.05,12,12,7,0.035292456536790695,0.06628863088270265,2
6,0.05,12,12,8,0.02101821172148277,0.023062828703654503,1
6,0.05,12,12,9,0.00169058824091195,0.0012404222349893246,1
6,0.05,12,12,10,0.0007821822679403567,0.00030924910321061816,1
6,0.05,12,13,1,1.8710362826299587,4.310238473677796,4
6,0.05,12,13,2,1.7352733296884146,3.912634823501552,4
6,0.05,12,13,3,1.1446975722145005,2.4523696694553188,4
6,0.05,12,13,4,0.5632381431742424,1.2274245899380034,2
6,0.05,12,13,5,0.2410844295459249,0.3595275806446594,2
6,0.05,12,13,6,0.13080215242661097,0.22467087425759225,4
6,0.05,12,13,7,0.029345485254950177,0.02778042176801243,4
6,0.05,12,13,8,0.008722780877388203,0.005638856028657102,2
6,0.05,12,13,9,0.0030935018689319804,0.0010736559740500695,1
6,0.05,12,13,10,0.0007949269062343944,0.00018258648914226683,1
6,0.05,12,14,1,2.2108930040871257,5.267146882893655,2
6,0.05,12,14,2,1.4472233212807168,3.7514434864097623,2
6,0.05,12,14,3,0.9772950287714615,2.6716009107980483,3
6,0.05,12,14,4,0.6010820557587806,1.6353704479501943,3
6,0.05,12,14,5,0.283688784889371,0.7457804099053238,2
6,0.05,12,14,6,0.09894537170852047,0.27643393181860887,3
6,0.05,12,14,7,0.04347549084184621,0.07145100860582865,2
6,0.05,12,14,8,0.01708494732325505,0.00877462718931099,1
6,0.05,12,14,9,0.002281568529713951,0.002143274010895979,2
6,0.05,12,14,10,0.0007113901340431994,0.00023718712370879302,1
6,0.05,12,15,1,1.5679132221741732,3.6289863102373143,6
6,0.05,12,15,2,0.977817575829711,2.3379244556012413,5
6,0.05,12,15,3,0.6638766060429084,1.623952335818137,5
6,0.05,12,15,4,0.4548192029710769,1.0181841818174284,5
6,0.05,12,15,5,0.17632495707504958,0.3304723939383578,5
6,0.05,12,15,6,0.029122250672461547,0.05422110640200728,3
6,0.05,12,15,7,0.011638930565762706,0.01423014652278809,3
6,0.05,12,15,8,0.002544902848587327,0.0022772363400758167,1
6,0.05,12,15,9,0.0011645573587983904,0.0006721800704703185,1
6,0.05,12,15,10,0.00013370589906358532,3.515376219098698e-05,1
6,0.05,12,16,1,1.939076599081993,4.7039011150015515,8
6,0.05,12,16,2,1.418482848303082,3.4926302961515976,8
6,0.05,12,16,3,0.7843228355605767,1.7583773837709273,8
6,0.05,12,16,4,0.41147767536871527,1.0577841853444045,3
6,0.05,12,16,5,0.1413589371812165,0.4391248823356939,3
6,0.05,12,16,6,0.08065634958342471,0.17778047567422206,3
6,0.05,12,16,7,0.029003040488220222,0.04711979239060504,3
6,0.05,12,16,8,0.014521596708867435,0.01013480235821973,3
6,0.05,12,16,9,0.003466962107399496,0.0023423536543614176,1
6,0.05,12,16,10,0.0015833586372977493,0.00047843064307961924,1
6,0.05,12,17,1,1.9470399880902676,4.771082060513374,5
6,0.05,12,17,2,1.4458853547993584,3.596979115216529,4
6,0.05,12,17,3,0.8998374899422288,2.3209512303346767,3
6,0.05,12,17,4,0.38843096542816014,0.9967789524025363,3
6,0.05,12,17,5,0.12954738914743302,0.33596895350778944,1
6,0.05,12,17,6,0.056585160020901526,0.09290489606087782,1
6,0.05,12,17,7,0.020240645236444976,0.01637246969218964,1
6,0.05,12,17,8,0.003060369126437479,0.001847165203185952,3
6,0.05,12,17,9,0.0013658608044373466,0.0010050310221476622,1
6,0.05,12,17,10,0.0004382544363039642,0.0001292529408498666,1
6,0.05,12,18,1,2.0082972919659987,4.880301607027905,2
6,0.05,12,18,2,1.5733936818988319,3.969859013065884,3
6,0.05,12,18,3,0.9053927489661042,2.355854207716236,3
6,0.05,12,18,4,0.49397512992624826,1.393556240119132,2
6,0.05,12,18,5,0.1402529453058179,0.3640807441000842,2
6,0.05,12,18,6,0.08690795059237288,0.28877339213793185,3
6,0.05,12,18,7,0.028278967976465452,0.06547435912485433,2
6,0.05,12,18,8,0.011832917802188092,0.0164984007532194,3
6,0.05,12,18,9,0.004904488564573484,0.004228418696738956,2
6,0.05,12,18,10,0.0009264072485812846,0.00041386674686805236,1
6,0.05,12,19,1,2.1618471732512496,4.688233506170709,9
6,0.05,12,19,2,1.6125461206760079,3.762680827713128,7
6,0.05,12,19,3,1.1677081258573239,2.714487997722623,6
6,0.05,12,19,4,0.6477455979505251,1.4126435651964968,6
6,0.05,12,19,5,0.3402629980782734,0.616630116066613,5
6,0.05,12,19,6,0.09988408935032922,0.23193055215747727,3
6,0.05,12,19,7,0.03525406873334447,0.07741298557184884,3
6,0.05,12,19,8,0.017746065107044018,0.018487770060211517,3
6,0.05,12,19,9,0.0006746086619564551,0.0007022566525041185,2
6,0.05,12,19,10,0.00014292518680036892,0.00010090831354503393,1
6,0.05,12,20,1,1.4999987444565193,3.3104487939160734,2
6,0.05,12,20,2,0.9402531186176581,2.0203828977545975,2
6,0.05,12,20,3,0.5027654342012013,1.3406439088397484,4
6,0.05,12,20,4,0.2675233536085635,0.726470706448314,3
6,0.05,12,20,5,0.11188420418319822,0.2770027721190349,2
6,0.05,12,20,6,0.035105447441527105,0.05405964322465273,2
6,0.05,12,20,7,0.003450263320676328,0.007072018263968971,1
6,0.05,12,20,8,0.0011137815591091282,0.0010679422666974858,2
6,0.05,12,20,9,0.00035560303346926503,0.00020861231950064507,2
6,0.05,12,20,10,3.4847246020319744e-05,2.3091253014584368e-05,1
6,0.05,12,21,1,1.4641799783956344,3.47982954859563,7
6,0.05,12,21,2,0.8739219652705614,2.0808498796006507,8
6,0.05,12,21,3,0.4622961678688675,1.066056287303491,8
6,0.05,12,21,4,0.19524251151597838,0.3271428351635457,6
6,0.05,12,21,5,0.12071450607443879,0.15783456482830083,5
6,0.05,12,21,6,0.029171677906035143,0.0387096206026758,4
6,0.05,12,21,7,0.009755488146304003,0.007484311372586205,3
6,0.05,12,21,8,0.0023788874204200283,0.0014215566575419558,2
6,0.05,12,21,9,0.0011687644813882514,0.0004941862152385568,1
6,0.05,12,21,10,0.00016579011655082354,7.768692590914839e-05,1
6,0.05,12,22,1,1.6598677751176787,3.1472237142958885,5
6,0.05,12,22,2,1.1552083376326863,2.859975837826484,3
6,0.05,12,22,3,0.586732442928735,1.4409706464146392,2
6,0.05,12,22,4,0.27716787690412303,0.7707276052384788,1
6,0.05,12,22,5,0.0735136960423759,0.0839213555862024,1
6,0.05,12,22,6,0.007700943622339196,0.016100064078790055,4
6,0.05,12,22,7,0.0029229647508444145,0.0036805678502442873,4
6,0.05,12,22,8,0.0004812651145833513,0.0006246567533185754,3
6,0.05,12,22,9,0.0001436448007332558,8.924073369165342e-05,2
6,0.05,12,22,10,5.7606192729764416e-05,2.3921223007761228e-05,1
6,0.05,12,23,1,1.9069895495779718,4.542144091201999,7
6,0.05,12,23,2,1.4010767205710337,3.385141096011031,6
6,0.05,12,23,3,0.9508981332217985,2.4266240059065662,3
6,0.05,12,23,4,0.5848500828724141,1.4299881385395317,3
6,0.05,12,23,5,0.2511816670707425,0.5762781261207071,3
6,0.05,12,23,6,0.09303572438856378,0.20774581107179024,3
6,0.05,12,23,7,0.03919555061023061,0.04574864672381729,2
6,0.05,12,23,8,0.014584292059197423,0.011991205219935352,2
6,0.05,12,23,9,0.005054539246792444,0.0024890343177297325,2
6,0.05,12,23,10,0.0005814138185264994,0.0001779128656060891,1
6,0.05,12,24,1,1.7789621784083955,4.648867754318903,8
6,0.05,12,24,2,1.134656628414195,2.995352448861464,8
6,0.05,12,24,3,0.7437637916436479,2.110291740293949,6
6,0.05,12,24,4,0.3984640590105144,1.1926081370858785,5
6,0.05,12,24,5,0.17842918227827909,0.4319653616507715,5
6,0.05,12,24,6,0.07430857818167169,0.1991922921732936,3
6,0.05,12,24,7,0.04404033833214527,0.0834869470211892,2
6,0.05,12,24,8,0.02080107164230327,0.021235885423017464,2
6,0.05,12,24,9,0.004449672991256648,0.002079315291085848,2
6,0.05,12,24,10,0.0005803055580209104,0.00019979557346871957,1
6,0.05,12,25,1,1.8307338917607332,3.9320631292739066,5
6,0.05,12,25,2,1.2513690346885546,2.755339933517945,5
6,0.05,12,25,3,0.7327083628590181,1.682256726102466,5
6,0.05,12,25,4,0.46423336895169953,1.0753776790208036,5
6,0.05,12,25,5,0.3595759687180937,0.8173437520328442,4
6,0.05,12,25,6,0.030846005019633083,0.05371245487124909,3
6,0.05,12,25,7,0.012744527946793482,0.010353321553321138,2
6,0.05,12,25,8,0.006709371264264519,0.0035911319864752045,1
6,0.05,12,25,9,0.00012023756882229009,7.936358903748442e-05,2
6,0.05,12,25,10,6.758485086777455e-05,3.0302951506300246e-05,1
6,0.05,12,26,1,1.9371929937341683,4.705621938593721,9
6,0.05,12,26,2,1.3711218753702425,3.532149720238335,8
6,0.05,12,26,3,0.701712368881747,1.5717507909224917,3
6,0.05,12,26,4,0.3577931348343739,0.9722792781462015,6
6,0.05,12,26,5,0.22780653309267862,0.7187903465101133,4
6,0.05,12,26,6,0.08119490233957904,0.23284200200038185,4
6,0.05,12,26,7,0.014588068303339696,0.023624060345580844,4
6,0.05,12,26,8,0.008530512984471272,0.01634385783876091,1
6,0.05,12,26,9,0.00364387964391355,0.004807000426881203,1
6,0.05,12,26,10,0.0009678934563019936,0.0007359052588693515,1
6,0.05,12,27,1,2.0298596093069037,4.574486255198904,4
6,0.05,12,27,2,1.331198423684949,3.009432046722887,4
6,0.05,12,27,3,0.6685840170280741,1.562843495486975,3
6,0.05,12,27,4,0.39431829784824757,0.9113720799661618,2
6,0.05,12,27,5,0.12466987695349019,0.3915396631374044,5
6,0.05,12,27,6,0.08329909260934798,0.17172303895408092,4
6,0.05,12,27,7,0.03122596835942204,0.04411477464538471,3
6,0.05,12,27,8,0.010293890948030793,0.005482514890067236,3
6,0.05,12,27,9,0.0025079457711889575,0.001341603465126795,2
6,0.05,12,27,10,0.00021999685084495013,8.173788855891928e-05,1
6,0.05,12,28,1,1.8159907300386386,4.216846235302194,9
6,0.05,12,28,2,1.1531287710030291,2.5709784944877594,9
6,0.05,12,28,3,0.6162396126159173,1.470138146491383,2
6,0.05,12,28,4,0.33049208311069833,0.8124230071107004,2
6,0.05,12,28,5,0.07784613387188699,0.19972810510702743,1
6,0.05,12,28,6,0.031414493865487,0.06975462376808927,3
6,0.05,12,28,7,0.012447215720303717,0.019476477693538996,2
6,0.05,12,28,8,0.002700611749173021,0.003084592994071045,2
6,0.05,12,28,9,0.0009602833247974729,0.0005635005417925498,2
6,0.05,12,28,10,0.00017844735426209013,0.00010334703656589284,1
6,0.05,12,29,1,2.2667848930497847,5.556778664325703,8
6,0.05,12,29,2,1.4074259504454822,3.5617727194861946,8
6,0.05,12,29,3,0.8744024612173931,2.1620293620317437,8
6,0.05,12,29,4,0.34668725502926634,1.0892521307082088,5
6,0.05,12,29,5,0.19300907461922634,0.5508046864813974,4
6,0.05,12,29,6,0.07052409353293854,0.15405603462308903,3
6,0.05,12,29,7,0.027418381196302022,0.046935869630239324,2
6,0.05,12,29,8,0.010500057649366568,0.011244152729105394,1
6,0.05,12,29,9,0.003368028508720755,0.002192313536186319,2
6,0.05,12,29,10,0.001302914380580944,0.0005023062671138945,1
6,0.05,12,30,1,1.5571590950263854,3.60107959849166,8
6,0.05,12,30,2,0.988885234984533,2.4558944011887025,8
6,0.05,12,30,3,0.6132038304208578,1.4625672445975741,8
6,0.05,12,30,4,0.28979556808925366,0.7551687463502237,1
6,0.05,12,30,5,0.02346689316349071,0.07701030643643314,5
6,0.05,12,30,6,0.011855486957813355,0.023673901287834198,5
6,0.05,12,30,7,0.0033025410131521937,0.009496782907502777,1
6,0.05,12,30,8,0.0009982919725217698,0.001513847595971285,1
6,0.05,12,30,9,0.00012888947829736708,0.00012010260532768768,2
6,0.05,12,30,10,6.43300304474792e-05,6.8156149117371e-05,1
6,0.05,12,31,1,2.2294388444551423,5.327556765558954,7
6,0.05,12,31,2,1.593871121572903,3.741934910287698,7
6,0.05,12,31,3,1.1025608306167847,2.9039657743984737,5
6,0.05,12,31,4,0.5333026165229953,1.4102741160813412,4
6,0.05,12,31,5,0.23631980312391576,0.6484175567289441,5
6,0.05,12,31,6,0.07976200878294293,0.15262936058514498,5
6,0.05,12,31,7,0.02849631503260497,0.030700793352556488,4
6,0.05,12,31,8,0.01116127284532098,0.00443699406015341,3
6,0.05,12,31,9,0.002380969368871888,0.0009217780959644983,2
6,0.05,12,31,10,0.0005091721169421248,0.000231048229084152,1
6,0.05,12,32,1,2.2261931210538606,5.300091602397309,3
6,0.05,12,32,2,1.6179394177523108,4.026782472358235,3
6,0.05,12,32,3,1.1793530075218577,2.9652412501484164,4
6,0.05,12,32,4,0.7145794004095336,1.749844514252466,3
6,0.05,12,32,5,0.30405631628854835,0.824222358641217,3
6,0.05,12,32,6,0.14794249137332827,0.3712670838051384,3
6,0.05,12,32,7,0.06940774173973807,0.10565550359273956,3
6,0.05,12,32,8,0.023952505503469723,0.015505838800823568,3
6,0.05,12,32,9,0.006981448183381644,0.005307346304967098,1
6,0.05,12,32,10,0.002803908718014725,0.0008274305095881118,1
6,0.05,12,33,1,1.8142246009548693,4.081613393035973,9
6,0.05,12,33,2,1.4197842401985916,3.3586407608150104,2
6,0.05,12,33,3,0.5699305660135998,1.3448372488770772,1
6,0.05,12,33,4,0.17690918912703424,0.5491112863266139,2
6,0.05,12,33,5,0.08133049446388085,0.20999900358676804,5
6,0.05,12,33,6,0.048357068782284074,0.08997909367486123,4
6,0.05,12,33,7,0.010883922177210792,0.015535807137272428,3
6,0.05,12,33,8,0.008291362128691304,0.008004848243839291,2
6,0.05,12,33,9,0.0009758933945995807,0.0005522939921007719,1
6,0.05,12,33,10,8.788046191554599e-05,3.095363283733832e-05,1
6,0.05,12,34,1,1.9726171037150344,4.78682719091082,2
6,0.05,12,34,2,1.4998995261981634,3.9873959640776455,3
6,0.05,12,34,3,0.8846274344531189,2.420475726100829,2
6,0.05,12,34,4,0.5457984965090148,1.4497147825105383,3
6,0.05,12,34,5,0.19859240967307912,0.319008477717162,6
6,0.05,12,34,6,0.08990771461904856,0.1369972398820618,5
6,0.05,12,34,7,0.04167075790497421,0.08730337416599632,3
6,0.05,12,34,8,0.021545045322440615,0.020476150389603376,3
6,0.05,12,34,9,0.006121098323600194,0.0030510176679392487,2
6,0.05,12,34,10,0.0023047745667952313,0.00040800839292387536,1
6,0.05,12,35,1,2.1047713177336895,5.032800416968778,6
6,0.05,12,35,2,1.6313395806228428,3.944043524258296,5
6,0.05,12,35,3,0.8323940255970683,2.1474842601617166,7
6,0.05,12,35,4,0.5158447029287174,1.3460606115547211,5
6,0.05,12,35,5,0.12912981952364788,0.3403597146570352,5
6,0.05,12,35,6,0.052312150186001105,0.17112953923213325,3
6,0.05,12,35,7,0.01212929137817298,0.028357692310317262,3
6,0.05,12,35,8,0.005117176498551146,0.005843652416793077,3
6,0.05,12,35,9,0.0005480224136533707,0.0002640814985639395,2
6,0.05,12,35,10,0.00016183798183888598,5.5660882575025994e-05,1
6,0.05,12,36,1,2.390919607970627,5.896861618597535,6
6,0.05,12,36,2,1.977285584373714,4.790386529948323,5
6,0.05,12,36,3,1.3608065461769066,3.221016117354372,5
6,0.05,12,36,4,0.8215704767701624,2.0297504196919984,3
6,0.05,12,36,5,0.4843061410057352,1.3089172590370577,2
6,0.05,12,36,6,0.13600283281151704,0.23213447781867735,1
6,0.05,12,36,7,0.04356212470552734,0.061967289721374996,2
6,0.05,12,36,8,0.014043457952809035,0.0074094352462719115,1
6,0.05,12,36,9,0.0021077398332245423,0.00034100314641172247,1
6,0.05,12,36,10,0.0002529067720367095,6.427929648111785e-05,1
6,0.05,12,37,1,1.6782833185263861,4.14500866666118,6
6,0.05,12,37,2,1.303672332396971,3.4239344549817794,7
6,0.05,12,37,3,0.9701285052642774,2.4065332520642357,6
6,0.05,12,37,4,0.35379064533053395,0.8837428901706446,6
6,0.05,12,37,5,0.14588290180007846,0.3972854166947535,3
6,0.05,12,37,6,0.0659471867766257,0.15673574842199223,3
6,0.05,12,37,7,0.025793839503634786,0.038620529013632776,2
6,0.05,12,37,8,0.009310138888228181,0.007925975700906918,2
6,0.05,12,37,9,0.002122419978668688,0.0013031203061331098,2
6,0.05,12,37,10,0.0003531937680776309,0.00011704311014781865,1
6,0.05,12,38,1,2.128983437971815,4.867877388133646,2
6,0.05,12,38,2,1.350502748420233,3.2128341606346247,2
6,0.05,12,38,3,0.8344646969115814,2.229121432065618,3
6,0.05,12,38,4,0.5323709358216071,1.4180505518877329,2
6,0.05,12,38,5,0.29350558532623694,0.8433253004138006,2
6,0.05,12,38,6,0.11675108168209292,0.28493911741573896,2
6,0.05,12,38,7,0.06475322291257157,0.12981137218784689,2
6,0.05,12,38,8,0.02291982275164628,0.047980823539251816,1
6,0.05,12,38,9,0.006985396915617059,0.007389677993192123,2
6,0.05,12,38,10,0.0019036314550895383,0.0015861606000520112,1
6,0.05,12,39,1,1.7165430489132945,4.029801294853344,6
6,0.05,12,39,2,1.23847815136212,2.9457643697368088,5
6,0.05,12,39,3,0.8959114209423582,2.2165599085378016,4
6,0.05,12,39,4,0.4336681679959895,1.2257712397844944,2
6,0.05,12,39,5,0.17397879061238797,0.450039506688233,2
6,0.05,12,39,6,0.08866234842809106,0.12651810452779877,1
6,0.05,12,39,7,0.018903138189855895,0.01886382602041614,1
6,0.05,12,39,8,0.00382436582222212,0.005081338201675223,2
6,0.05,12,39,9,0.00222096767098634,0.001840688029520976,2
6,0.05,12,39,10,0.0009776920777717635,0.00042677885732977927,1
6,0.05,12,40,1,2.2700887104773315,5.522020761551008,7
6,0.05,12,40,2,1.7770260077723705,4.334765073481801,6
6,0.05,12,40,3,1.2690245106998326,3.0922852230290694,3
6,0.05,12,40,4,0.6898227974155802,1.800652218646423,4
6,0.05,12,40,5,0.5997617477354709,1.5193223672034826,3
6,0.05,12,40,6,0.19266199348873414,0.4684363805707452,2
6,0.05,12,40,7,0.057169302480428286,0.11449607864402012,2
6,0.05,12,40,8,0.012725457144831864,0.009932557757014848,3
6,0.05,12,40,9,0.0055709566973405344,0.0025511858838314083,2
6,0.05,12,40,10,0.000843431150350682,0.00019816883554923947,1
6,0.05,12,41,1,2.2721098734016323,5.334726219947136,8
6,0.05,12,41,2,1.2603249779862935,3.0449647152812815,6
6,0.05,12,41,3,1.1534793709246216,2.80170259325185,6
6,0.05,12,41,4,0.3547679432373627,1.0017873456147122,2
6,0.05,12,41,5,0.14389164271825905,0.3086450819655475,6
6,0.05,12,41,6,0.030888596327262263,0.08116592689941271,3
6,0.05,12,41,7,0.016336954200845355,0.028549016977221342,2
6,0.05,12,41,8,0.009019465823929096,0.013469586813279477,1
6,0.05,12,41,9,0.001602007107468495,0.0012282374668153295,1
6,0.05,12,41,10,0.0007080834692203553,0.0003783634187612961,1
6,0.05,12,42,1,1.5387863679819027,3.78396857892848,6
6,0.05,12,42,2,1.1135788815361742,2.9006837388027122,8
6,0.05,12,42,3,0.6113957012706628,1.5693206466179568,4
6,0.05,12,42,4,0.3377379737540416,0.9938052025096855,6
6,0.05,12,42,5,0.23048895374405376,0.6223743214030932,5
6,0.05,12,42,6,0.08206659353035306,0.19586893726825494,4
6,0.05,12,42,7,0.022506450351624352,0.027859319684226946,4
6,0.05,12,42,8,0.005576815705811811,0.007791272634232627,2
6,0.05,12,42,9,0.0020784257902697334,0.0013580086555222692,2
6,0.05,12,42,10,0.0007477724745577063,0.0003067255418685022,1
6,0.05,12,43,1,1.7813553717956694,4.371574731456365,7
6,0.05,12,43,2,1.4973669223310289,3.7503664936326917,5
6,0.05,12,43,3,0.9474579180319651,2.4890352477414996,5
6,0.05,12,43,4,0.4536456765089518,1.1045584156790884,5
6,0.05,12,43,5,0.12702551500827752,0.35666401331205755,2
6,0.05,12,43,6,0.04650407626071029,0.10030780778692083,2
6,0.05,12,43,7,0.014048688629863193,0.01440920495393705,2
6,0.05,12,43,8,0.004920760347584263,0.0035856162693690408,2
6,0.05,12,43,9,0.0011930370980977045,0.0005013502278501392,1
6,0.05,12,43,10,5.137904522811709e-05,2.267038462555604e-05,1
6,0.05,12,44,1,2.1725267334931857,5.252793646684575,8
6,0.05,12,44,2,1.6862201604166458,4.117417846438206,6
6,0.05,12,44,3,1.2301518433135605,3.0056184707616094,6
6,0.05,12,44,4,0.7691795222892637,1.8083772341471693,6
6,0.05,12,44,5,0.23878012935541548,0.6451750379872685,5
6,0.05,12,44,6,0.07109676584664015,0.14397683844353004,3
6,0.05,12,44,7,0.03218642991797438,0.04539630747269996,3
6,0.05,12,44,8,0.011344434221584265,0.016432486259869705,1
6,0.05,12,44,9,0.004848246364826281,0.0046330078716092515,1
6,0.05,12,44,10,0.001317581105439558,0.0011876403376707145,1
6,0.05,12,45,1,2.1059363602568233,4.525667687418984,8
6,0.05,12,45,2,1.6481630143995964,4.210641330985844,4
6,0.05,12,45,3,1.2404704330223026,3.1165528856811093,3
6,0.05,12,45,4,0.9170473597570705,2.281860311380324,2
6,0.05,12,45,5,0.3294332238965083,0.9329398992577342,4
6,0.05,12,45,6,0.12132514839618125,0.2989942796692109,3
6,0.05,12,45,7,0.09142479796647862,0.16826249466972243,2
6,0.05,12,45,8,0.019340160467645973,0.014193627906420758,1
6,0.05,12,45,9,0.0027900164924048454,0.001795591806775576,2
6,0.05,12,45,10,0.0005807307144820584,0.00015058548472701716,1
6,0.05,12,46,1,1.9250454908720904,4.547896977551533,5
6,0.05,12,46,2,1.5007440550220323,3.524323731805799,4
6,0.05,12,46,3,0.8212282964015394,1.8824150055469833,3
6,0.05,12,46,4,0.28508063299869946,0.6101236511664769,2
6,0.05,12,46,5,0.1596850110967658,0.1715351985457101,1
6,0.05,12,46,6,0.034345032721002866,0.03564653482612634,3
6,0.05,12,46,7,0.01336655855556046,0.0039284186003172294,1
6,0.05,12,46,8,0.007102538301460015,0.0012980460763660773,1
6,0.05,12,46,9,0.0009481001770481612,0.0002918746931488414,1
6,0.05,12,46,10,0.00019884532853353676,2.439656369723764e-05,1
6,0.05,12,47,1,2.366466331566965,5.943708224898552,3
6,0.05,12,47,2,1.9942401722603265,4.906356358140178,2
6,0.05,12,47,3,1.3547257709651142,3.558307354459414,4
6,0.05,12,47,4,0.8703540752768326,2.4196751871192586,3
6,0.05,12,47,5,0.5366901404599957,1.2919478405010043,3
6,0.05,12,47,6,0.24984540165339197,0.5001267229064457,2
6,0.05,12,47,7,0.06276227598806017,0.11611345666134198,2
6,0.05,12,47,8,0.029573798863530953,0.03343493245610496,2
6,0.05,12,47,9,0.011322275250758906,0.010135541457390929,2
6,0.05,12,47,10,0.0020130070469619454,0.0008954580188333949,1
6,0.05,12,48,1,2.205290272502925,4.620722711963911,9
6,0.05,12,48,2,1.4367894710111138,3.291506601845864,8
6,0.05,12,48,3,0.96215522894693,2.1343279112544096,7
6,0.05,12,48,4,0.4373562058563216,0.8571159899895715,7
6,0.05,12,48,5,0.16417297057688884,0.26465825571118096,6
6,0.05,12,48,6,0.04466522566763942,0.0925848703608132,4
6,0.05,12,48,7,0.018241148432775134,0.02003858598385122,4
6,0.05,12,48,8,0.0036189656335992026,0.003525664980433163,3
6,0.05,12,48,9,0.0017832412087095406,0.0019557042667877056,1
6,0.05,12,48,10,0.0006308945346944483,0.0003638287660248096,1
6,0.05,12,49,1,1.8698339121348049,4.500702871928352,3
6,0.05,12,49,2,1.2677809809706453,3.2066741410899287,3
6,0.05,12,49,3,0.8710488003492323,2.151471386144234,2
6,0.05,12,49,4,0.38209954413040137,0.8624560895402364,1
6,0.05,12,49,5,0.1186361358403758,0.2682523599168736,4
6,0.05,12,49,6,0.03776210924256773,0.0671367815464965,4
6,0.05,12,49,7,0.016007857944924098,0.021155184454810794,4
6,0.05,12,49,8,0.005395444577771968,0.0027932154399863407,1
6,0.05,12,49,9,0.0015597468833128403,0.0006465009187248683,1
6,0.05,12,49,10,0.0006869135791447434,0.00020224840325511195,1
6,0.05,12,50,1,1.7090968599937177,3.8935344751958,6
6,0.05,12,50,2,0.9403616759245246,2.301613299086693,6
6,0.05,12,50,3,0.47139574811614793,1.1780552870346455,8
6,0.05,12,50,4,0.2057807128758462,0.5370145392825059,7
6,0.05,12,50,5,0.07680326276415883,0.16268419362172892,6
6,0.05,12,50,6,0.01981081363303616,0.06365116526402126,2
6,0.05,12,50,7,0.005430737216428838,0.007303561251099211,1
6,0.05,12,50,8,0.002629246287892073,0.00662043519086275,2
6,0.05,12,50,9,0.001390164104353886,0.0019111917904961473,2
6,0.05,12,50,10,0.0003318339035303097,0.00018660492571953569,1
6,0.05,12,51,1,1.7969703602637672,4.246710194375503,2
6,0.05,12,51,2,1.413332765922089,3.45560537879339,2
6,0.05,12,51,3,0.873425968441012,2.346334159414404,2
6,0.05,12,51,4,0.5410705574125529,1.431593023854525,2
6,0.05,12,51,5,0.38147005457716077,1.0423010785257603,2
6,0.05,12,51,6,0.14008779512776925,0.4462244963473889,2
6,0.05,12,51,7,0.036982746850164006,0.06526634632475137,2
6,0.05,12,51,8,0.02261904861061481,0.03074029584153415,2
6,0.05,12,51,9,0.0065856769453986885,0.00438373359450317,2
6,0.05,12,51,10,0.000727978143650887,0.0003862519236008666,1
6,0.05,12,52,1,1.9165682363869934,4.49006284019533,8
6,0.05,12,52,2,1.3240858592185702,3.090224689360655,8
6,0.05,12,52,3,0.6964624301772631,1.7997531282781676,5
6,0.05,12,52,4,0.259977178220268,0.6435128325097992,1
6,0.05,12,52,5,0.10364041307815341,0.23318276831945006,1
6,0.05,12,52,6,0.04046825510284435,0.0586692443639425,2
6,0.05,12,52,7,0.02411403623529651,0.020905526499069182,1
6,0.05,12,52,8,0.006671484385030624,0.004577216775993875,1
6,0.05,12,52,9,0.002574775267557783,0.001101557497166894,1
6,0.05,12,52,10,0.0007228554044758084,0.00013784689003593087,1
6,0.05,12,53,1,2.014978220698506,5.0844680070929975,8
6,0.05,12,53,2,1.4989461101867647,3.867838603442838,7
6,0.05,12,53,3,0.8804131966131479,2.2621816270240913,7
6,0.05,12,53,4,0.5248360664698346,1.5732982400890698,4
6,0.05,12,53,5,0.3558651303133935,1.0373666187905854,3
6,0.05,12,53,6,0.1561397748590494,0.5015613544411082,3
6,0.05,12,53,7,0.03860555067649685,0.09009207792182217,3
6,0.05,12,53,8,0.019889675112953142,0.017306368621806456,3
6,0.05,12,53,9,0.002738390258283374,0.0013147752852766814,2
6,0.05,12,53,10,0.0009541625693998412,0.00037803489944820967,1
6,0.05,12,54,1,1.8929603304353613,4.499242213870783,2
6,0.05,12,54,2,1.2033958839177963,2.9325680219178665,8
6,0.05,12,54,3,0.8088172994625715,1.9788870510700427,5
6,0.05,12,54,4,0.4977297764096633,1.1868915800503714,5
6,0.05,12,54,5,0.20264111774790194,0.47613702044870543,5
6,0.05,12,54,6,0.05911625060733883,0.13620855339628335,3
6,0.05,12,54,7,0.034784420560797,0.05680180637126497,3
6,0.05,12,54,8,0.009855541108276356,0.013695395191518855,2
6,0.05,12,54,9,0.0027561991883473524,0.0022475442900251608,1
6,0.05,12,54,10,0.0007067756219889532,0.00026876407475384667,1
6,0.05,12,55,1,1.9442815500374557,4.946817581473754,5
6,0.05,12,55,2,1.4895954233135633,3.739191022359938,6
6,0.05,12,55,3,0.9702279792809776,2.5520091260861566,5
6,0.05,12,55,4,0.4880808308034368,1.3398809351538983,4
6,0.05,12,55,5,0.2963981734343193,0.6142960408657334,4
6,0.05,12,55,6,0.08866353931677295,0.13853077646244039,2
6,0.05,12,55,7,0.02564621908222975,0.02772936628270095,2
6,0.05,12,55,8,0.007474972781466249,0.004748645427865128,1
6,0.05,12,55,9,0.0025351114081395565,0.0011697657508431547,2
6,0.05,12,55,10,0.0006820596209209384,0.00018938900028508954,1
6,0.05,12,56,1,2.118148586393133,4.941782865175037,9
6,0.05,12,56,2,1.745442515903683,4.303189490521818,7
6,0.05,12,56,3,1.1610576961162735,2.872565881380977,7
6,0.05,12,56,4,0.563754061715315,1.1124339372244787,7
6,0.05,12,56,5,0.24642926754059147,0.6027554622981075,4
6,0.05,12,56,6,0.10469126071857104,0.21346124432621316,3
6,0.05,12,56,7,0.03581647101062657,0.06610344915258715,2
6,0.05,12,56,8,0.012949933429659666,0.015993532072037908,2
6,0.05,12,56,9,0.004086413410679057,0.0019798949892564366,2
6,0.05,12,56,10,0.000976795570739597,0.0002511744924547088,1
6,0.05,12,57,1,2.1050133664698514,5.003060895479109,3
6,0.05,12,57,2,1.4165576287642665,3.696602685281821,8
6,0.05,12,57,3,0.862094521990624,2.1912735141307813,5
6,0.05,12,57,4,0.6774864062696224,1.6557246938701127,4
6,0.05,12,57,5,0.3876554022006218,0.9522152443993424,3
6,0.05,12,57,6,0.11509248474229139,0.3298311749407947,4
6,0.05,12,57,7,0.07667881315751401,0.19374750212872982,3
6,0.05,12,57,8,0.022372640275555966,0.03521527042322603,2
6,0.05,12,57,9,0.009674768794656785,0.01229606501354219,1
6,0.05,12,57,10,0.0023463942670929328,0.0007841324303328179,1
6,0.05,12,58,1,2.2951863773141454,5.334232121626654,8
6,0.05,12,58,2,1.6125795806059422,3.9262037819963584,8
6,0.05,12,58,3,1.062565955548223,2.735276122495188,7
6,0.05,12,58,4,0.721350292631044,1.7850171909373724,6
6,0.05,12,58,5,0.25528666400331446,0.41794846441993094,6
6,0.05,12,58,6,0.04632852713871927,0.06780659026513547,5
6,0.05,12,58,7,0.011041750677676987,0.008090466282189013,4
6,0.05,12,58,8,0.004311531397558355,0.006717375258794789,1
6,0.05,12,58,9,0.0015271111226837775,0.001761380154375658,1
6,0.05,12,58,10,0.0005627880697858245,0.00023592691258933485,1
6,0.05,12,59,1,1.658211293990835,3.949206144558966,7
6,0.05,12,59,2,1.0609238565781496,2.6421390926484545,8
6,0.05,12,59,3,0.677440121978254,1.8455120944971082,7
6,0.05,12,59,4,0.31689603389072474,0.7249648658045214,7
6,0.05,12,59,5,0.06675115016361133,0.11004949618861737,6
6,0.05,12,59,6,0.011789534185922435,0.011653442026501537,5
6,0.05,12,59,7,0.0010757536755789943,0.001177827665925335,3
6,0.05,12,59,8,0.0007113450923519338,0.0006787886120793729,2
6,0.05,12,59,9,0.00043353869557094526,0.00018284396858625485,2
6,0.05,12,59,10,3.263583931101266e-05,1.7453736777639506e-05,1
6,0.05,12,60,1,1.720752956092312,4.0632818947249785,9
6,0.05,12,60,2,1.149256935600068,2.9965114756586235,7
6,0.05,12,60,3,0.888274849973488,2.4369695760555636,6
6,0.05,12,60,4,0.4356664489552955,1.2185991051205889,6
6,0.05,12,60,5,0.28777639666366284,0.8541068300953238,4
6,0.05,12,60,6,0.10908680378651425,0.23561969072228273,3
6,0.05,12,60,7,0.028199276804080853,0.03914983145064177,3
6,0.05,12,60,8,0.00901258569974317,0.005435184552746719,3
6,0.05,12,60,9,0.0016561363556668596,0.0009394751223847919,1
6,0.05,12,60,10,0.0005131953580423954,0.000126992917762081,1
6,0.05,12,61,1,1.9821422089603509,4.962718271226651,5
6,0.05,12,61,2,1.584238535813018,3.961224992508887,3
6,0.05,12,61,3,0.9669420400571802,2.572353441133261,5
6,0.05,12,61,4,0.6281402882546949,1.7028730503069216,5
6,0.05,12,61,5,0.36932799957988394,0.9080590752978548,4
6,0.05,12,61,6,0.10347990693998455,0.2412540628760702,4
6,0.05,12,61,7,0.04101434266998538,0.07096411174506478,3
6,0.05,12,61,8,0.011098728024354187,0.010749382182767775,2
6,0.05,12,61,9,0.00432338527285836,0.0023201086575266316,1
6,0.05,12,61,10,0.0005802409219306526,0.0001579998446139541,1
6,0.05,12,62,1,1.9702119187204978,4.836486143629184,8
6,0.05,12,62,2,1.2739428203040006,3.14744817086687,7
6,0.05,12,62,3,0.7916583754060511,1.8195778772262727,2
6,0.05,12,62,4,0.30871651631439434,0.587828735963349,1
6,0.05,12,62,5,0.1023210795716345,0.12061057850544721,1
6,0.05,12,62,6,0.025641604870923373,0.0673724166589853,2
6,0.05,12,62,7,0.014431048509340627,0.021351314567862545,1
6,0.05,12,62,8,0.006958102146636946,0.007463056570768956,1
6,0.05,12,62,9,0.0013008278037816012,0.0007588086881646916,2
6,0.05,12,62,10,0.0007205130622160993,0.00023189521136046665,1
6,0.05,12,63,1,2.2022728357154016,4.998114680505042,3
6,0.05,12,63,2,1.5368835735412354,3.820840192505928,4
6,0.05,12,63,3,1.0125720385324577,2.5533113662869997,7
6,0.05,12,63,4,0.44567300301885737,1.2572807553562715,6
6,0.05,12,63,5,0.2087507199610279,0.5729765600904049,5
6,0.05,12,63,6,0.12203050749780076,0.3050312315592425,4
6,0.05,12,63,7,0.04905921520285261,0.07602821724022135,3
6,0.05,12,63,8,0.013889205768943924,0.015187331840998297,2
6,0.05,12,63,9,0.008396718817458293,0.005964442313947771,1
6,0.05,12,63,10,0.0017905122965196085,0.0007485372123614553,1
6,0.05,12,64,1,2.1979052275181274,5.144377501320083,7
6,0.05,12,64,2,1.64929153687941,3.894554004493852,6
6,0.05,12,64,3,1.2123498639229808,2.906980148967609,5
6,0.05,12,64,4,0.6925670427215778,1.7015335853127809,5
6,0.05,12,64,5,0.41661922303494237,0.935601806713132,4
6,0.05,12,64,6,0.16725172771528207,0.3973921299306884,2
6,0.05,12,64,7,0.04889373169910627,0.10972751039681938,2
6,0.05,12,64,8,0.02685518886321603,0.02935622978728958,2
6,0.05,12,64,9,0.005274637105664226,0.004814444928692652,2
6,0.05,12,64,10,0.0012359387679694578,0.0006299766385886585,1
6,0.05,12,65,1,1.8153582907646921,4.48826381438098,8
6,0.05,12,65,2,1.303024989848442,3.140955137158679,8
6,0.05,12,65,3,0.7866001450427049,1.6777478808844375,8
6,0.05,12,65,4,0.3415953994005747,0.7097140249492444,1
6,0.05,12,65,5,0.15885287792652392,0.4982435213260086,4
6,0.05,12,65,6,0.05352768707121669,0.11109368846187806,4
6,0.05,12,65,7,0.0200391703634466,0.020509627906493577,4
6,0.05,12,65,8,0.007078050466482466,0.007801401460978852,1
6,0.05,12,65,9,0.0025019381905586613,0.00154688377058676,1
6,0.05,12,65,10,0.0010644738649254748,0.00032717260784842495,1
6,0.05,12,66,1,1.9089112800142232,4.527878893168316,4
6,0.05,12,66,2,1.093810072754902,2.6414918617271024,4
6,0.05,12,66,3,0.6654234014865885,1.6252084687179806,7
6,0.05,12,66,4,0.34264725950062314,0.8734728734862127,6
6,0.05,12,66,5,0.151030750818542,0.42879001939023986,5
6,0.05,12,66,6,0.05211399557628482,0.11899129612293358,4
6,0.05,12,66,7,0.012863973660646622,0.02513307619667593,3
6,0.05,12,66,8,0.00373372729297472,0.005586309071853535,2
6,0.05,12,66,9,0.0015413528426755363,0.0011325939674353691,1
6,0.05,12,66,10,0.0002531158606835504,9.585605849160572e-05,1
6,0.05,12,67,1,2.2102364166164925,5.469858426324615,7
6,0.05,12,67,2,1.4857338909756734,3.43252005083159,2
6,0.05,12,67,3,1.1100789286614337,2.7799624829096476,7
6,0.05,12,67,4,0.44330290373129344,1.2920072085245486,3
6,0.05,12,67,5,0.288200993442004,0.8084519202722618,3
6,0.05,12,67,6,0.1296015690705019,0.24907339346964896,2
6,0.05,12,67,7,0.04204454019253134,0.06025135076530752,3
6,0.05,12,67,8,0.019027030228240704,0.0158411814895576,2
6,0.05,12,67,9,0.006630345375754132,0.002919309294727057,1
6,0.05,12,67,10,0.000749379150008167,0.00022165967684095733,1
6,0.05,12,68,1,1.7600586495832573,4.353680030734212,6
6,0.05,12,68,2,1.4066534154626602,3.7169938013929897,4
6,0.05,12,68,3,0.944918870385365,2.343305820904776,3
6,0.05,12,68,4,0.6360843410255086,1.406828024294116,3
6,0.05,12,68,5,0.262224350045571,0.48492762803636325,3
6,0.05,12,68,6,0.07929464211660076,0.16031823441773874,2
6,0.05,12,68,7,0.022188619102081475,0.01735069154876534,3
6,0.05,12,68,8,0.008254815168207585,0.006129431241607364,2
6,0.05,12,68,9,0.002388993348873214,0.0015994741671754298,2
6,0.05,12,68,10,0.0005763062763755045,0.00020937466315196218,1
6,0.05,12,69,1,1.6607571559061753,3.89965596292946,9
6,0.05,12,69,2,1.2220433001802675,3.002007403682656,8
6,0.05,12,69,3,0.8967657723335591,2.36011994816265,7
6,0.05,12,69,4,0.33473696939604736,0.9492656077794184,7
6,0.05,12,69,5,0.14646794942756003,0.3254623393733631,5
6,0.05,12,69,6,0.05322210337823208,0.06879592325505435,5
6,0.05,12,69,7,0.02036920310735013,0.030659978595901194,3
6,0.05,12,69,8,0.008555606289391449,0.006587669437903898,3
6,0.05,12,69,9,0.0014427260510601059,0.000884980720394779,1
6,0.05,12,69,10,0.000642064999524905,0.00019333812708310916,1
6,0.05,12,70,1,1.7865371453301684,4.543032302467786,6
6,0.05,12,70,2,1.4184769456063187,3.745218724612073,4
6,0.05,12,70,3,0.9490023808670998,2.483250356172256,4
6,0.05,12,70,4,0.5319427661914453,1.513617199515414,2
6,0.05,12,70,5,0.277646568373882,0.6374075833361807,5
6,0.05,12,70,6,0.1364193078083744,0.2560182829996247,4
6,0.05,12,70,7,0.040024951815635035,0.061953313109517794,2
6,0.05,12,70,8,0.01999526914034533,0.02060637993101544,2
6,0.05,12,70,9,0.008200864241057815,0.004467867264914105,1
6,0.05,12,70,10,0.001271136487670077,0.0004980660923052938,1
6,0.05,12,71,1,1.5497416762902603,3.480355775509617,8
6,0.05,12,71,2,0.8982493242871641,1.8797167733493794,8
6,0.05,12,71,3,0.28410700268196365,0.5638753423970169,7
6,0.05,12,71,4,0.1041113570893053,0.198373196914428,1
6,0.05,12,71,5,0.027050508911617754,0.10390583660294084,4
6,0.05,12,71,6,0.019619758760992312,0.05328312619299247,3
6,0.05,12,71,7,0.007812303587577674,0.009841370863203025,3
6,0.05,12,71,8,0.001646656386075307,0.001951014790225969,1
6,0.05,12,71,9,0.0006540886721850825,0.00035641905700600773,1
6,0.05,12,71,10,3.162440416204504e-05,1.1115788364435275e-05,1
6,0.05,12,72,1,1.8857242483182475,4.314751251430602,3
6,0.05,12,72,2,1.166561114767859,2.6392483543771785,2
6,0.05,12,72,3,0.7585084465541705,1.5396895409591682,1
6,0.05,12,72,4,0.5666443076443635,1.4182217460078501,3
6,0.05,12,72,5,0.30282690786591715,0.7073079158776405,3
6,0.05,12,72,6,0.06735545454841585,0.11090950921802012,2
6,0.05,12,72,7,0.02872898423130721,0.029195271443230197,1
6,0.05,12,72,8,0.00696247931212568,0.006749082021517694,3
6,0.05,12,72,9,0.0019109337079363797,0.0009884957882011491,2
6,0.05,12,72,10,0.0007304825961114148,0.0002655358579080058,1
6,0.05,12,73,1,2.0439682905613736,5.3918838812716245,6
6,0.05,12,73,2,1.5894612258569474,3.9561968254081563,4
6,0.05,12,73,3,1.0578278601671904,2.8197719660948266,4
6,0.05,12,73,4,0.49701061743185093,1.25569285132649,3
6,0.05,12,73,5,0.19939656611037648,0.42360286943633874,2
6,0.05,12,73,6,0.055007536670032664,0.09588719097089538,5
6,0.05,12,73,7,0.02253998156163206,0.026820271364114134,4
6,0.05,12,73,8,0.005794946688698843,0.003888719746878877,3
6,0.05,12,73,9,0.002459240525322315,0.0009710493752628224,2
6,0.05,12,73,10,0.0006820213236871098,0.00030637424965362925,1
6,0.05,12,74,1,1.667892118753013,3.810570208799419,3
6,0.05,12,74,2,1.3222940505183338,3.3070811620132368,6
6,0.05,12,74,3,1.015305356709593,2.5848803257494914,6
6,0.05,12,74,4,0.48555857905764555,1.3577411798659043,6
6,0.05,12,74,5,0.31004514140649775,0.8960947590644572,5
6,0.05,12,74,6,0.05757051086352405,0.10985948032176118,4
6,0.05,12,74,7,0.02577639601093651,0.0399854141216025,3
6,0.05,12,74,8,0.004275801714090477,0.0037324715877709025,3
6,0.05,12,74,9,0.002188921319508097,0.0014343433048402687,1
6,0.05,12,74,10,0.000326010396914711,0.0001231380474067123,1
6,0.05,12,75,1,1.7305939124244247,4.041403005559209,2
6,0.05,12,75,2,1.2127282234763648,3.1611393176368434,3
6,0.05,12,75,3,0.7199961260709387,1.8603441777299334,6
6,0.05,12,75,4,0.4018541030349212,1.1475916670420556,5
6,0.05,12,75,5,0.1247646436930907,0.38233206605844927,4
6,0.05,12,75,6,0.04749890172007909,0.07573597197505144,5
6,0.05,12,75,7,0.017008853580524175,0.020718757038938662,4
6,0.05,12,75,8,0.00578317469689793,0.005528729409062905,3
6,0.05,12,75,9,0.001972578399595193,0.0011819445115346383,2
6,0.05,12,75,10,0.0007544153659679864,0.00021836382074091887,1
6,0.05,12,76,1,1.44704191044098,3.002809743330616,10
6,0.05,12,76,2,0.9093346136802367,2.0248316881262785,4
6,0.05,12,76,3,0.37442557480885696,0.7382763111976285,8
6,0.05,12,76,4,0.12167134109249389,0.22555095740537645,2
6,0.05,12,76,5,0.025050075801569704,0.03157411054240278,1
6,0.05,12,76,6,0.004032004830328617,0.0028298968096596155,1
6,0.05,12,76,7,0.00035222416313729354,0.0002670814622813822,1
6,0.05,12,76,8,0.0,-1.7763568394002505e-15,2
6,0.05,12,76,9,3.552713678800501e-15,-1.7763568394002505e-15,2
6,0.05,12,76,10,3.552713678800501e-15,-1.7763568394002505e-15,1
6,0.05,12,77,1,1.823376837632214,4.520576217231888,5
6,0.05,12,77,2,1.2082483307434835,2.899220105316463,6
6,0.05,12,77,3,0.750367413004458,1.74439779254023,6
6,0.05,12,77,4,0.3564642145968584,0.8031207517106367,5
6,0.05,12,77,5,0.08439208752123761,0.19509485221655254,6
6,0.05,12,77,6,0.03790405351298176,0.07314964448517358,5
6,0.05,12,77,7,0.009657487170695589,0.010568611285162177,2
6,0.05,12,77,8,0.00363984196672007,0.004155189302467832,3
6,0.05,12,77,9,0.0011055381263140873,0.000898982630133105,2
6,0.05,12,77,10,0.00029509431234586714,0.00013040667586849963,1
6,0.05,12,78,1,2.106929730904035,5.150373443590201,5
6,0.05,12,78,2,1.5019119567748511,3.608573075283889,5
6,0.05,12,78,3,0.9456997157590017,2.2991578482832686,5
6,0.05,12,78,4,0.5053440535250608,1.2144951068428913,3
6,0.05,12,78,5,0.1677030668231403,0.298196972365794,6
6,0.05,12,78,6,0.052602070993042815,0.07248033052961489,5
6,0.05,12,78,7,0.012079152803931237,0.010410696977244172,1
6,0.05,12,78,8,0.004717782031200102,0.0025994950643664083,3
6,0.05,12,78,9,0.0012156653435937415,0.0005219253259127754,2
6,0.05,12,78,10,0.0004667091622430064,9.272190245823708e-05,1
6,0.05,12,79,1,2.0806475523321843,4.816872865300054,8
6,0.05,12,79,2,1.5806652088872717,3.619175473688939,8
6,0.05,12,79,3,1.0678941394533048,2.4855039469574773,7
6,0.05,12,79,4,0.6749858552653158,1.567174858724874,6
6,0.05,12,79,5,0.3236161154466437,0.6183748355755281,6
6,0.05,12,79,6,0.03658330635565932,0.05201269117494611,1
6,0.05,12,79,7,0.008611807996768306,0.010669919144072892,1
6,0.05,12,79,8,0.0037088419381063886,0.005037251715064528,1
6,0.05,12,79,9,0.000650717299919279,0.0007028682740948256,1
6,0.05,12,79,10,0.0003252903356987247,0.00015928758647909547,1
6,0.05,12,80,1,1.5925078933665837,3.673568187502168,8
6,0.05,12,80,2,1.0608804474955917,2.4599164504812006,8
6,0.05,12,80,3,0.6280599145952444,1.322777654622195,8
6,0.05,12,80,4,0.19619342904142556,0.3990608424213189,7
6,0.05,12,80,5,0.0624007689845989,0.1541284922343884,5
6,0.05,12,80,6,0.027840351301193778,0.03949925151971634,5
6,0.05,12,80,7,0.004726079355105384,0.007377734499941724,3
6,0.05,12,80,8,0.0022514301934570824,0.0022452587919321587,3
6,0.05,12,80,9,0.0003065822790873085,0.0002610426267342092,1
6,0.05,12,80,10,0.00013914043729101877,7.339164961983613e-05,1
6,0.05,12,81,1,1.377719714053061,2.9606774123341424,1
6,0.05,12,81,2,0.8836271956963451,2.3250812856737024,2
6,0.05,12,81,3,0.5397916826874543,1.2717647819249418,1
6,0.05,12,81,4,0.13110007266556067,0.2917050115104658,1
6,0.05,12,81,5,0.042995995205927784,0.06073843808152901,6
6,0.05,12,81,6,0.01328759202981189,0.02672708181705019,3
6,0.05,12,81,7,0.006012130919835101,0.011242765647962116,2
6,0.05,12,81,8,0.002595811146534288,0.0033410664685398217,2
6,0.05,12,81,9,0.0010206986901515336,0.0007361321335022097,1
6,0.05,12,81,10,0.0002770618573855188,0.00010731977266509318,1
6,0.05,12,82,1,1.8837027936605786,3.9551592625614287,4
6,0.05,12,82,2,1.1826833091101214,2.4246317320319353,4
6,0.05,12,82,3,0.7583778940985759,1.8938268900591364,7
6,0.05,12,82,4,0.35401531522395047,0.6203882036670691,1
6,0.05,12,82,5,0.16207029879330292,0.36968845634580205,6
6,0.05,12,82,6,0.04110889771343906,0.09997183196557735,5
6,0.05,12,82,7,0.012575727923227475,0.01708746802147587,4
6,0.05,12,82,8,0.002715372669364058,0.0021613939341609267,3
6,0.05,12,82,9,0.001424867310966249,0.0008792653450218069,1
6,0.05,12,82,10,0.0006763756633212381,0.000267801218859276,1
6,0.05,12,83,1,2.0869493196848907,5.556818700515686,7
6,0.05,12,83,2,1.603719873769215,3.8936695749497563,8
6,0.05,12,83,3,1.2419522508104635,3.4298661540198303,4
6,0.05,12,83,4,0.8993072666352333,2.431598452217047,3
6,0.05,12,83,5,0.700933113487114,1.8262136762533459,3
6,0.05,12,83,6,0.1724859305461237,0.41023385946959756,4
6,0.05,12,83,7,0.10320020603001012,0.15670647184372477,3
6,0.05,12,83,8,0.03634045650562001,0.022186722835622064,3
6,0.05,12,83,9,0.007511081506613948,0.0030315739924091645,2
6,0.05,12,83,10,0.002279058196567263,0.00046696193057371715,1
6,0.05,12,84,1,2.0260989983059012,4.7901237896514,2
6,0.05,12,84,2,1.299688761602546,3.285919746863378,2
6,0.05,12,84,3,0.9208585295158933,2.5731043544076257,3
6,0.05,12,84,4,0.4571701837269764,1.27244261303969,2
6,0.05,12,84,5,0.2333739818979801,0.4822387311592209,1
6,0.05,12,84,6,0.07239854033163695,0.10555578019568479,1
6,0.05,12,84,7,0.022519063622336688,0.028577167762628974,3
6,0.05,12,84,8,0.006376130286771087,0.004899885628066869,2
6,0.05,12,84,9,0.002860777079430221,0.001218137164551436,1
6,0.05,12,84,10,0.00043213334947367343,0.00012967890659965065,1
6,0.05,12,85,1,1.8778860099879893,4.738802336296237,3
6,0.05,12,85,2,1.3465577523158672,3.340103121808477,2
6,0.05,12,85,3,0.7502686715218552,1.663709471445605,1
6,0.05,12,85,4,0.38556476269738127,1.1372401142051114,3
6,0.05,12,85,5,0.16390394622583315,0.4000117086845467,2
6,0.05,12,85,6,0.06973316590634937,0.1636167937008448,3
6,0.05,12,85,7,0.022497104149085345,0.030820004475581086,2
6,0.05,12,85,8,0.01015604524393865,0.005634160062326643,1
6,0.05,12,85,9,0.0019297988902167162,0.0010190136149059725,1
6,0.05,12,85,10,0.0005912376139640685,0.00015124011665612613,1
6,0.05,12,86,1,2.0149360785136494,4.47827989176481,5
6,0.05,12,86,2,1.4363675271213054,3.254998822805341,4
6,0.05,12,86,3,0.8089340503099045,2.0414977331002024,2
6,0.05,12,86,4,0.4793891792703491,1.149988304350872,2
6,0.05,12,86,5,0.11205900850930561,0.1853858436391551,2
6,0.05,12,86,6,0.02005849443252572,0.027119477817578286,1
6,0.05,12,86,7,0.007875829293972458,0.008825523001471325,2
6,0.05,12,86,8,0.0013532017230524218,0.0012750559389687055,2
6,0.05,12,86,9,0.00045782347285694414,0.0003271354600826726,2
6,0.05,12,86,10,7.419105434181006e-05,3.6420811202475534e-05,1
6,0.05,12,87,1,1.7848744419265152,4.391564491496139,9
6,0.05,12,87,2,1.0797884408055722,2.466392954562428,1
6,0.05,12,87,3,0.7966450328231822,2.025235765004373,7
6,0.05,12,87,4,0.1889606718112553,0.5862382893682092,3
6,0.05,12,87,5,0.08936169966837681,0.2294437813654575,2
6,0.05,12,87,6,0.024699142132334373,0.0321358937645595,1
6,0.05,12,87,7,0.015378967443876235,0.035052951865543136,3
6,0.05,12,87,8,0.008064412737134319,0.01591747330897242,2
6,0.05,12,87,9,0.001947057226832527,0.0017090668422650168,1
6,0.05,12,87,10,0.0004339356293208141,0.00013138839808135572,1
6,0.05,12,88,1,1.7867474261290965,4.372357986604358,3
6,0.05,12,88,2,1.252832367097085,3.1340903645943694,2
6,0.05,12,88,3,0.7307589878852738,1.9336859699412354,3
6,0.05,12,88,4,0.21942959531392958,0.4413509171022625,1
6,0.05,12,88,5,0.08150135842811679,0.15986128621329065,1
6,0.05,12,88,6,0.02800325941248616,0.07201866561001857,4
6,0.05,12,88,7,0.007673446355248359,0.019256555953736765,3
6,0.05,12,88,8,0.002886374647662393,0.0047671057787948,2
6,0.05,12,88,9,0.0012949415188963087,0.0008557886488862465,1
6,0.05,12,88,10,0.0003316769934151864,0.0001084525548709081,1
6,0.05,12,89,1,1.8609441349343072,4.492117316779757,4
6,0.05,12,89,2,1.4163456842461066,3.3945196605658357,4
6,0.05,12,89,3,0.912558749008209,2.311352395495243,5
6,0.05,12,89,4,0.643914766945695,1.577511041042543,4
6,0.05,12,89,5,0.23059368836962335,0.5349529127311072,4
6,0.05,12,89,6,0.05456571866907822,0.1130297735030581,3
6,0.05,12,89,7,0.020951293932633064,0.018693400226954537,4
6,0.05,12,89,8,0.006226270679132284,0.006786358654059299,1
6,0.05,12,89,9,0.0013247017147328677,0.0006282968994977267,2
6,0.05,12,89,10,0.0005657435529577981,0.00020761361579602067,1
6,0.05,12,90,1,1.8232112767396345,4.414183179293742,5
6,0.05,12,90,2,1.288489067940958,3.2398317569627206,4
6,0.05,12,90,3,0.8540472487956485,2.146946787163804,4
6,0.05,12,90,4,0.5715401470298751,1.4737284194945008,3
6,0.05,12,90,5,0.3074406876788949,0.8431161329652834,3
6,0.05,12,90,6,0.09102909870131626,0.2259368473411758,3
6,0.05,12,90,7,0.011424445942616046,0.020983921873206413,2
6,0.05,12,90,8,0.007247272110447511,0.010357234506901847,3
6,0.05,12,90,9,0.000690137563086779,0.0009582818188729192,2
6,0.05,12,90,10,0.0002575547649179555,0.00018070554034110842,1
6,0.05,12,91,1,2.052876426309968,4.616140233490301,7
6,0.05,12,91,2,1.3504327685611344,3.225241870590187,6
6,0.05,12,91,3,0.9513433065236008,2.1358062348074363,7
6,0.05,12,91,4,0.608652852324429,1.3345232059103136,6
6,0.05,12,91,5,0.4232174862545328,0.9548989959375369,6
6,0.05,12,91,6,0.058068470228544555,0.1327720019616958,5
6,0.05,12,91,7,0.015236348084258111,0.016315969732408675,1
6,0.05,12,91,8,0.004024610868352596,0.0029088287273282276,2
6,0.05,12,91,9,0.001857921379848193,0.0008937812699532088,1
6,0.05,12,91,10,0.0005771804039476081,0.00022793015823374674,1
6,0.05,12,92,1,2.043020202951883,5.118269244815917,8
6,0.05,12,92,2,1.4613734667267195,3.8850885641249526,7
6,0.05,12,92,3,0.8292132572384716,2.1815619219641817,7
6,0.05,12,92,4,0.38596473049091884,1.1330874893247138,5
6,0.05,12,92,5,0.17150172354718407,0.4346461495131777,2
6,0.05,12,92,6,0.06408494482666782,0.13704786412690417,2
6,0.05,12,92,7,0.04482289473398282,0.06973757064699271,2
6,0.05,12,92,8,0.017350676049204594,0.014100274161521043,2
6,0.05,12,92,9,0.005944010517723086,0.0028621892393747572,2
6,0.05,12,92,10,0.0008506427997190258,0.0003003518249933279,1
6,0.05,12,93,1,1.9122888210198639,4.501188668004307,3
6,0.05,12,93,2,1.3570334558103738,3.1198190166330306,2
6,0.05,12,93,3,0.870784469675705,2.2287793353726926,3
6,0.05,12,93,4,0.5157669371637894,1.253340928610431,4
6,0.05,12,93,5,0.24979794816193746,0.8362503117037132,5
6,0.05,12,93,6,0.0639143381299867,0.1721365661421288,4
6,0.05,12,93,7,0.023530083667530732,0.026566478407115568,2
6,0.05,12,93,8,0.013208225313018573,0.013120938720589947,2
6,0.05,12,93,9,0.0034026589183184797,0.00279359327164741,1
6,0.05,12,93,10,0.0010025534890374388,0.0005068866124080529,1
6,0.05,12,94,1,2.245705894892197,5.431152408101083,3
6,0.05,12,94,2,1.6419860287149994,4.016571497426886,2
6,0.05,12,94,3,1.025499156368081,2.454563725840682,2
6,0.05,12,94,4,0.5202020312785365,1.4276262396579629,4
6,0.05,12,94,5,0.16176351822515755,0.5436403663852261,3
6,0.05,12,94,6,0.0782653575277159,0.17382993529433222,4
6,0.05,12,94,7,0.03375233344567263,0.06123543749796667,3
6,0.05,12,94,8,0.009017354570076463,0.012481672995098947,2
6,0.05,12,94,9,0.004851029126577089,0.0025998857067701664,1
6,0.05,12,94,10,0.0012273460417375759,0.00033826936553715825,1
6,0.05,12,95,1,1.9877134955494,4.7623584192155,5
6,0.05,12,95,2,1.3357532848529061,3.1177962717543846,3
6,0.05,12,95,3,0.675273484562581,1.8522324378707804,3
6,0.05,12,95,4,0.42397128468748946,1.0837427912632336,5
6,0.05,12,95,5,0.28244471476282484,0.6494249786789776,5
6,0.05,12,95,6,0.07174571211478309,0.10964415885154821,5
6,0.05,12,95,7,0.020286843284253564,0.03737178034601918,3
6,0.05,12,95,8,0.006331766180807108,0.01984176822630168,2
6,0.05,12,95,9,0.003921515809715004,0.01642137707138147,1
6,0.05,12,95,10,0.0008235343255194039,0.0014563679661048212,1
6,0.05,12,96,1,2.117322322694406,5.430508343476486,8
6,0.05,12,96,2,1.5799108710723857,3.9495254974410585,8
6,0.05,12,96,3,1.0745134966906917,2.7503787095632752,5
6,0.05,12,96,4,0.5822612070873987,1.6253881830705659,4
6,0.05,12,96,5,0.33089099004324396,0.8633205098385179,3
6,0.05,12,96,6,0.13679608784421404,0.33716252168688854,2
6,0.05,12,96,7,0.057942050578944304,0.1276746970714271,2
6,0.05,12,96,8,0.030436579788805318,0.03688219901241929,2
6,0.05,12,96,9,0.008143033078894746,0.004332052402038045,1
6,0.05,12,96,10,0.0022403820264145224,0.0011363854342221202,1
6,0.05,12,97,1,2.0041113315883514,4.808646235495502,3
6,0.05,12,97,2,1.5318192237289452,3.7051597357690405,5
6,0.05,12,97,3,1.0893030044778271,2.6914602456463292,4
6,0.05,12,97,4,0.7039019910103761,1.8718484505694004,3
6,0.05,12,97,5,0.5006867389100158,1.254031247999574,3
6,0.05,12,97,6,0.11826792905251082,0.2223331405152713,2
6,0.05,12,97,7,0.04021147530258773,0.07480118514395251,3
6,0.05,12,97,8,0.010727499286350195,0.010165890018051016,2
6,0.05,12,97,9,0.0017720355498518359,0.0007297368620449163,1
6,0.05,12,97,10,0.00020604776655019919,5.720170546297254e-05,1
6,0.05,12,98,1,1.807333490355468,4.213800904639159,8
6,0.05,12,98,2,1.3623431058371835,3.2307135549484958,7
6,0.05,12,98,3,0.7278622058969972,1.4996534149777307,8
6,0.05,12,98,4,0.3800666335458054,1.0181973305516596,5
6,0.05,12,98,5,0.19521507603986166,0.38683736274538916,4
6,0.05,12,98,6,0.04619238198407771,0.05923544916224266,5
6,0.05,12,98,7,0.022918331732828534,0.04326045235303688,2
6,0.05,12,98,8,0.006276004203815688,0.007626454091669288,2
6,0.05,12,98,9,0.0034102909561113393,0.0021453434936198335,2
6,0.05,12,98,10,0.0005084457435344802,0.00011512867988727749,1
6,0.05,12,99,1,2.4219589026451125,6.102022422534768,7
6,0.05,12,99,2,1.8516874938931274,4.843096452115619,7
6,0.05,12,99,3,1.1082618773358597,3.103655437433149,6
6,0.05,12,99,4,0.5340962749676557,1.3810801795858207,7
6,0.05,12,99,5,0.259551167654795,0.7169356291091304,4
6,0.05,12,99,6,0.056398300905435406,0.1145621243899857,4
6,0.05,12,99,7,0.03090507245465801,0.03444160358974635,4
6,0.05,12,99,8,0.005836330569291448,0.004459496111373085,3
6,0.05,12,99,9,0.0018507136587047057,0.0009856309563183174,2
6,0.05,12,99,10,0.0005518083484510328,0.00019152343157813334,1
6,0.05,12,100,1,2.0533499226265377,4.721460050016422,9
6,0.05,12,100,2,1.3169131075488494,3.2333138659476575,8
6,0.05,12,100,3,1.0161322179974093,2.521695531533517,7
6,0.05,12,100,4,0.6479361312104857,1.570057263308044,7
6,0.05,12,100,5,0.344142232774999,0.6973012734420365,6
6,0.05,12,100,6,0.02059287274442312,0.040349626287547125,5
6,0.05,12,100,7,0.007110590895219815,0.007646119719805,4
6,0.05,12,100,8,0.001289053158167519,0.0018063230748861514,2
6,0.05,12,100,9,0.0006477946655465416,0.0006828269299639089,2
6,0.05,12,100,10,0.00015757247197001334,0.00010198401850836092,1
6,0.05,12,101,1,1.674824055170614,4.218846483551388,5
6,0.05,12,101,2,1.178110561006804,2.7652977387778996,3
6,0.05,12,101,3,0.6993203804776371,1.8345492886419414,2
6,0.05,12,101,4,0.4883666665364146,1.2880007606745743,2
6,0.05,12,101,5,0.11276506543341114,0.23257210404158002,1
6,0.05,12,101,6,0.01826318626175194,0.036721342668107226,5
6,0.05,12,101,7,0.0064529484313666785,0.010653962535865702,2
6,0.05,12,101,8,0.0022889016940297324,0.0019838323296372806,1
6,0.05,12,101,9,0.0009780159853427506,0.000822366617667214,2
6,0.05,12,101,10,0.00025406502372504747,0.00013025511273312418,1
6,0.05,12,102,1,2.1028370313800444,5.124708996095917,7
6,0.05,12,102,2,1.603029647787455,3.921167239089522,7
6,0.05,12,102,3,1.0648619668469443,2.718834481177206,6
6,0.05,12,102,4,0.6471313498260756,1.8523077878013687,6
6,0.05,12,102,5,0.3085627040086152,0.9854335867052164,2
6,0.05,12,102,6,0.09190139691690291,0.29416360872513003,2
6,0.05,12,102,7,0.052550151273639045,0.1254764710415035,3
6,0.05,12,102,8,0.0287218914989964,0.05078678494492017,2
6,0.05,12,102,9,0.008177979845772398,0.006475169014212412,1
6,0.05,12,102,10,0.0013808459638759985,0.00035158470336504877,1
6,0.05,12,103,1,1.8006136554853143,4.241728357439618,9
6,0.05,12,103,2,1.093202420031755,2.806175348964162,7
6,0.05,12,103,3,0.8333629665699185,2.1764682465879286,6
6,0.05,12,103,4,0.38818894221285305,1.068710110652992,6
6,0.05,12,103,5,0.12075920553235164,0.2080824914196029,6
6,0.05,12,103,6,0.052183717871592705,0.11695832939797413,4
6,0.05,12,103,7,0.014178382337519224,0.026702722535084433,3
6,0.05,12,103,8,0.008428866176537042,0.010238179391677704,2
6,0.05,12,103,9,0.0020227475569640774,0.0011893181439024403,2
6,0.05,12,103,10,0.00046152803998467107,0.0002250331563882213,1
6,0.05,12,104,1,2.145442901255741,4.998774507538942,2
6,0.05,12,104,2,1.5631098600228803,3.84221794651482,2
6,0.05,12,104,3,0.6802247646981954,1.7184082964202805,6
6,0.05,12,104,4,0.4890381581792518,1.303632654831068,2
6,0.05,12,104,5,0.16518536064905476,0.27348177582713085,1
6,0.05,12,104,6,0.044503040270985394,0.07645778972585937,4
6,0.05,12,104,7,0.02137978734448609,0.03143160418761859,2
6,0.05,12,104,8,0.008481526869921652,0.007446341905739118,2
6,0.05,12,104,9,0.0027665684621211994,0.0008722058008654443,1
6,0.05,12,104,10,0.00045415694957284813,7.535714608231103e-05,1
6,0.05,12,105,1,1.8603802736765402,4.202260616567308,9
6,0.05,12,105,2,1.5526781208717253,3.9094082995105595,7
6,0.05,12,105,3,0.9853623697679552,2.402824846716044,7
6,0.05,12,105,4,0.5225147886251733,1.1559271837195801,7
6,0.05,12,105,5,0.25135031510311734,0.4299267610493889,6
6,0.05,12,105,6,0.06697473372391016,0.12158745557627171,4
6,0.05,12,105,7,0.032422219014524245,0.05951350456860638,2
6,0.05,12,105,8,0.014055480472467963,0.014041315956090372,2
6,0.05,12,105,9,0.006231302350421686,0.0039004795807286996,1
6,0.05,12,105,10,0.0020778276886517233,0.0007359706413190281,1
6,0.05,12,106,1,2.062888255422088,5.016929502588582,3
6,0.05,12,106,2,1.5919217737267317,4.0730891608679265,3
6,0.05,12,106,3,0.9767102860095633,2.4637319910071867,2
6,0.05,12,106,4,0.619438862258157,1.3601734275507873,1
6,0.05,12,106,5,0.36216127882671145,0.6375527940975623,1
6,0.05,12,106,6,0.05493436376747951,0.10437720512343951,2
6,0.05,12,106,7,0.02297160854906366,0.03543497668272266,1
6,0.05,12,106,8,0.009674498406596399,0.009976997490582562,1
6,0.05,12,106,9,0.0033980222262783855,0.002189838681193379,1
6,0.05,12,106,10,0.0010042771867304623,0.00036438308580066803,1
6,0.05,12,107,1,1.9119181604554107,4.634408891710375,3
6,0.05,12,107,2,1.3495189823889362,3.2058283372655048,6
6,0.05,12,107,3,0.932410374759364,2.3062218132242798,4
6,0.05,12,107,4,0.5452169136586633,1.5264417809022248,3
6,0.05,12,107,5,0.1806866852646749,0.3046269800763035,2
6,0.05,12,107,6,0.052645016128895605,0.07908730620211202,2
6,0.05,12,107,7,0.016493312219324707,0.054845628212859765,3
6,0.05,12,107,8,0.00590156609541026,0.006343815617437798,2
6,0.05,12,107,9,0.0008339906187870838,0.00043628282984187194,2
6,0.05,12,107,10,0.00010875750620087388,3.879732507172662e-05,1
6,0.05,12,108,1,1.7779692721272404,4.442302770178738,2
6,0.05,12,108,2,1.3172337566626382,3.2933129679812723,3
6,0.05,12,108,3,0.9651366656461455,2.382224054886983,2
6,0.05,12,108,4,0.49777098627042804,0.9772914886762116,1
6,0.05,12,108,5,0.20494562889234658,0.2931855472980569,1
6,0.05,12,108,6,0.040935239249627386,0.054965986996553085,1
6,0.05,12,108,7,0.020956501210836365,0.041682751781578986,2
6,0.05,12,108,8,0.010091910193448683,0.015350472515361702,3
6,0.05,12,108,9,0.004612244462080639,0.004660773059148582,2
6,0.05,12,108,10,0.0017887495261525999,0.0007780642380872393,1
6,0.05,12,109,1,1.93190209781692,4.774949297228378,5
6,0.05,12,109,2,1.5317222624005211,3.8980552930052887,4
6,0.05,12,109,3,0.8194072637843028,2.0079622555969827,5
6,0.05,12,109,4,0.4192274283679005,1.1310682513738932,4
6,0.05,12,109,5,0.1933682076370964,0.6140855093396898,5
6,0.05,12,109,6,0.08211181383041932,0.2681949810864115,4
6,0.05,12,109,7,0.024072341004668374,0.042162251620395,4
6,0.05,12,109,8,0.005516628065095119,0.008731917016772783,2
6,0.05,12,109,9,0.0022687949746433844,0.0021327947255329605,1
6,0.05,12,109,10,0.0007444983632005631,0.0004041655271436184,1
6,0.05,12,110,1,2.182393089772784,5.028757726289857,7
6,0.05,12,110,2,1.5950605293557807,3.8189855192037356,4
6,0.05,12,110,3,1.0578218045917396,2.58039542238717,4
6,0.05,12,110,4,0.7368791181662253,1.7112538724675748,4
6,0.05,12,110,5,0.2791063234944069,0.3876701302748238,4
6,0.05,12,110,6,0.05767726979986065,0.1261808631288872,2
6,0.05,12,110,7,0.01855998877847398,0.02354839788424279,1
6,0.05,12,110,8,0.007470624348524524,0.004972710072054909,3
6,0.05,12,110,9,0.0020241284122697323,0.0009681038815010368,2
6,0.05,12,110,10,0.0006860186208932362,0.00019365442748764394,1
6,0.05,12,111,1,1.889607824675931,4.58672609654263,9
6,0.05,12,111,2,1.461474803647807,3.632106000845262,8
6,0.05,12,111,3,0.8724065407377353,1.837802698479626,8
6,0.05,12,111,4,0.42401022371414143,1.1588943807073573,6
6,0.05,12,111,5,0.1659295524994775,0.23811525142893508,6
6,0.05,12,111,6,0.0552403749410324,0.03776477052481653,5
6,0.05,12,111,7,0.020811773835387015,0.043419222378375366,3
6,0.05,12,111,8,0.007948002640159046,0.0061506426209447795,3
6,0.05,12,111,9,0.0030576221583160645,0.002105906053486706,1
6,0.05,12,111,10,0.0011458466423341918,0.0002911967091741019,1
6,0.05,12,112,1,1.9324037844866275,4.806299415845162,9
6,0.05,12,112,2,1.4896489548757117,3.62936871120465,2
6,0.05,12,112,3,1.0042868842708152,2.6506819754323807,4
6,0.05,12,112,4,0.7175108714091643,1.8045347566319112,3
6,0.05,12,112,5,0.37728961721828824,1.0021283087078903,2
6,0.05,12,112,6,0.1363941804206945,0.37430806695552654,4
6,0.05,12,112,7,0.07440167476969961,0.15463745316879063,3
6,0.05,12,112,8,0.032757991134367614,0.019255335710001376,3
6,0.05,12,112,9,0.011961914911967853,0.00599849230921734,2
6,0.05,12,112,10,0.002100706220304005,0.0005090249309436246,1
6,0.05,12,113,1,2.0689946946469924,5.158343112341978,4
6,0.05,12,113,2,1.5395251510596744,3.818459372639399,3
6,0.05,12,113,3,1.0121678513612444,2.6252809062205458,2
6,0.05,12,113,4,0.6819672576370408,1.8166155073866612,2
6,0.05,12,113,5,0.24500054320670728,0.6199567698247961,4
6,0.05,12,113,6,0.09435927786329401,0.22214077000552024,2
6,0.05,12,113,7,0.05147914058366254,0.09547896251833698,2
6,0.05,12,113,8,0.014867966192628757,0.009499801790067153,1
6,0.05,12,113,9,0.004226876060766216,0.0027396949539060245,2
6,0.05,12,113,10,0.0011972641473008139,0.00032413599205227683,1
6,0.05,12,114,1,1.6757663106062388,4.10073817777139,8
6,0.05,12,114,2,1.0913173859751062,2.594507502792432,6
6,0.05,12,114,3,0.5866227380142313,1.5623728215451678,6
6,0.05,12,114,4,0.3280439416619316,0.9611404344737089,4
6,0.05,12,114,5,0.2701899010418316,0.7639140550684438,4
6,0.05,12,114,6,0.024034943332335246,0.054730382568255465,2
6,0.05,12,114,7,0.00869460628036478,0.012934662697800192,4
6,0.05,12,114,8,0.0013493909236608204,0.0014025934466133094,2
6,0.05,12,114,9,0.00044900408590109464,0.0002883736472725218,2
6,0.05,12,114,10,3.4930049945813835e-05,2.096997053691041e-05,1
6,0.05,12,115,1,1.872564641426269,4.307819988021034,3
6,0.05,12,115,2,1.3543358299305446,3.163729288259951,6
6,0.05,12,115,3,0.7524298165515049,1.8725580026344648,8
6,0.05,12,115,4,0.5348594058589988,1.2892862048156069,4
6,0.05,12,115,5,0.318180167832228,0.6851074349547481,3
6,0.05,12,115,6,0.05085334111347706,0.0873844380326414,2
6,0.05,12,115,7,0.023797230386719548,0.03383585697652336,4
6,0.05,12,115,8,0.009259416366560913,0.008812972310112244,3
6,0.05,12,115,9,0.0024343966139142026,0.0014308405437510885,2
6,0.05,12,115,10,0.0005008500646006553,0.00021136734524063172,1
6,0.05,12,116,1,2.0249547159277625,4.94763986244833,3
6,0.05,12,116,2,1.4175891915384256,3.587691150051697,3
6,0.05,12,116,3,0.8771817915556568,1.9630027302537965,1
6,0.05,12,116,4,0.49032920043052286,1.1648768973124284,6
6,0.05,12,116,5,0.20275471287968827,0.34992720250012077,1
6,0.05,12,116,6,0.036713691698857076,0.07491148057849273,5
6,0.05,12,116,7,0.014922793438202575,0.019575999843592484,1
6,0.05,12,116,8,0.006664618015570056,0.01221504487311087,3
6,0.05,12,116,9,0.002412328828750532,0.0017174680753448968,1
6,0.05,12,116,10,0.0011247248292676204,0.0006537935105743742,1
6,0.05,12,117,1,1.65203945204615,4.121046936699804,6
6,0.05,12,117,2,0.9844914987685556,2.5084285490704357,6
6,0.05,12,117,3,0.5704947408781145,1.5874168621021507,4
6,0.05,12,117,4,0.2884741675545115,0.6827489146758854,4
6,0.05,12,117,5,0.12190206764242717,0.17721014165690718,6
6,0.05,12,117,6,0.0465027324637326,0.09086620586430172,1
6,0.05,12,117,7,0.017923204043462704,0.023127167044036057,1
6,0.05,12,117,8,0.004197068622382005,0.0024619688629794467,3
6,0.05,12,117,9,0.0020302850995506105,0.0008286275552134015,2
6,0.05,12,117,10,0.0010268523318721634,0.0002819146857842014,1
6,0.05,12,118,1,1.7725897778402704,4.201957527562573,8
6,0.05,12,118,2,1.2351555628735476,2.7856400697467887,9
6,0.05,12,118,3,0.8067713216068277,1.8738232259782421,6
6,0.05,12,118,4,0.3552728316440792,0.9065369620818906,6
6,0.05,12,118,5,0.08467089585892396,0.16252493021522696,6
6,0.05,12,118,6,0.019327765133457575,0.06537535168570585,3
6,0.05,12,118,7,0.014026998240542099,0.03003146445134952,1
6,0.05,12,118,8,0.011895827374612367,0.020384712031159324,1
6,0.05,12,118,9,0.005569390401859664,0.008091175433037279,1
6,0.05,12,118,10,0.0009150291785608999,0.0008540277809050423,1
6,0.05,12,119,1,2.051114790941611,4.494934140231276,9
6,0.05,12,119,2,1.2586041840936701,2.7659201650448786,9
6,0.05,12,119,3,0.6841083951994165,1.6546764216295493,6
6,0.05,12,119,4,0.3049666179225383,0.6642925866295357,7
6,0.05,12,119,5,0.09168419294318753,0.22101283651417347,6
6,0.05,12,119,6,0.01429835272859492,0.036731527998895785,1
6,0.05,12,119,7,0.005809957797687559,0.010653740132759992,4
6,0.05,12,119,8,0.0027868631757179685,0.004604059682900896,1
6,0.05,12,119,9,0.0008338260516360663,0.0011917800672929246,1
6,0.05,12,119,10,0.0004944394105592664,0.0004272272761571827,1
6,0.05,12,120,1,2.0132366767761773,4.89239899417035,3
6,0.05,12,120,2,1.4600347221695351,3.632449393091136,3
6,0.05,12,120,3,0.8431547248706188,1.8594577355020654,8
6,0.05,12,120,4,0.39309188740371326,0.6415331962316344,7
6,0.05,12,120,5,0.1349264042584437,0.226643358392824,1
6,0.05,12,120,6,0.044971096580496805,0.06675905845597185,5
6,0.05,12,120,7,0.011595147950405504,0.020221148132446132,2
6,0.05,12,120,8,0.0051714556088207075,0.005043330500097198,1
6,0.05,12,120,9,0.0009323600741026894,0.0007239755776353718,2
6,0.05,12,120,10,0.0004275493666909824,0.00017580522180438152,1
6,0.05,12,121,1,2.0977602312979826,4.796571739240942,3
6,0.05,12,121,2,1.5447190018215977,3.435705875358174,2
6,0.05,12,121,3,0.8548216013145655,1.7587904182215652,1
6,0.05,12,121,4,0.4551042754325394,1.3014361264207182,4
6,0.05,12,121,5,0.24237780324281388,0.6684356453527229,3
6,0.05,12,121,6,0.05444965057779427,0.1285069690191598,2
6,0.05,12,121,7,0.02480889480015236,0.030681739361886784,1
6,0.05,12,121,8,0.003425475804931466,0.00521264583294645,1
6,0.05,12,121,9,0.0009343667260495181,0.0007308796836920095,1
6,0.05,12,121,10,8.974444629927802e-05,4.816179735200876e-05,1
6,0.05,12,122,1,1.7305608892395874,4.163894464489985,5
6,0.05,12,122,2,1.3041432514726523,3.0809907427451186,5
6,0.05,12,122,3,0.5473161553669854,1.343036172061371,2
6,0.05,12,122,4,0.31411905174471855,0.6282474543219259,1
6,0.05,12,122,5,0.13326541310581064,0.3639098328636958,5
6,0.05,12,122,6,0.0431759489155894,0.06604714917721033,5
6,0.05,12,122,7,0.02212555496691948,0.030107041991007222,3
6,0.05,12,122,8,0.005926406953506103,0.004768260945883895,3
6,0.05,12,122,9,0.0026579074651778,0.0019316380260274713,1
6,0.05,12,122,10,0.000739381961849972,0.0003063003233734207,1
6,0.05,12,123,1,1.622981029998133,3.4628392126191194,9
6,0.05,12,123,2,1.154557953267691,2.32616247384286,1
6,0.05,12,123,3,0.48520963856668686,0.9810788325777615,8
6,0.05,12,123,4,0.14620747415548152,0.2803051307975295,7
6,0.05,12,123,5,0.04623755398252172,0.08461767952923616,1
6,0.05,12,123,6,0.015885394196033076,0.023078494574393815,5
6,0.05,12,123,7,0.007886263454576437,0.010496518550759504,3
6,0.05,12,123,8,0.0036106856744027027,0.0031585523245620806,3
6,0.05,12,123,9,0.0015496824432439382,0.0007932499524798686,1
6,0.05,12,123,10,0.0007237529418766542,0.00024023741584144886,1
6,0.05,12,124,1,2.058020240334251,4.7640781761745945,4
6,0.05,12,124,2,1.6205479091453086,3.8160845759965287,4
6,0.05,12,124,3,0.9096932488477734,2.069258966261378,3
6,0.05,12,124,4,0.37652173658190335,1.0414884233462285,6
6,0.05,12,124,5,0.23686951724105754,0.3537530557227111,3
6,0.05,12,124,6,0.09562939044425889,0.15561202306078492,3
6,0.05,12,124,7,0.0478803537339374,0.05179808972700606,3
6,0.05,12,124,8,0.011350512612605002,0.004351548021933382,3
6,0.05,12,124,9,0.0024888989286999674,0.0013956234885146301,1
6,0.05,12,124,10,0.0005727590552524475,0.00011949925206344858,1
6,0.05,12,125,1,1.5284911661319427,3.371117079207533,5
6,0.05,12,125,2,0.7170243587045029,1.8083949405544821,5
6,0.05,12,125,3,0.40794115530103525,0.9332272308359641,4
6,0.05,12,125,4,0.23428306177062908,0.6237031953985781,1
6,0.05,12,125,5,0.08440887793215524,0.13102013840937765,1
6,0.05,12,125,6,0.025498861288966168,0.03020106238574094,1
6,0.05,12,125,7,0.005432272850136144,0.006564703608397338,1
6,0.05,12,125,8,0.0023640908644182446,0.002324184723502043,1
6,0.05,12,125,9,0.0007303999636789626,0.000375149910267325,1
6,0.05,12,125,10,0.00034832193574629855,0.00015549930010116952,1
6,0.05,12,126,1,2.0275446190055533,4.907506958945266,8
6,0.05,12,126,2,1.4310588969757276,3.6140153926613046,8
6,0.05,12,126,3,0.7755454292328103,1.8853157737532698,6
6,0.05,12,126,4,0.3275708998016995,0.7138410956839234,3
6,0.05,12,126,5,0.16375446761162493,0.35178253891603184,2
6,0.05,12,126,6,0.03488834183780298,0.08977836627335378,1
6,0.05,12,126,7,0.010609396046326935,0.040131053654913984,1
6,0.05,12,126,8,0.003710376316647057,0.007939876796122292,1
6,0.05,12,126,9,0.0012420342510139903,0.0023108303115115802,1
6,0.05,12,126,10,0.0003320124691441606,0.0003128683782058772,1
6,0.05,12,127,1,1.7707994661899669,3.9861995332278024,2
6,0.05,12,127,2,0.9964531463523016,2.033019204964299,1
6,0.05,12,127,3,0.5054002351819591,1.3743944486763038,2
6,0.05,12,127,4,0.37453073687098737,0.9588947226983553,2
6,0.05,12,127,5,0.12658811425262684,0.2717299839097098,2
6,0.05,12,127,6,0.028386435055558934,0.032400272226732696,1
6,0.05,12,127,7,0.005189378849642878,0.0069165669218396175,2
6,0.05,12,127,8,0.0018461975003774,0.0010923489209275772,1
6,0.05,12,127,9,0.000272591259456334,0.00029510823412692844,2
6,0.05,12,127,10,8.057628181745713e-05,4.31597993593158e-05,1
6,0.05,12,128,1,1.8299695295209695,4.481539728916971,5
6,0.05,12,128,2,1.233338863729351,3.1875320303480876,5
6,0.05,12,128,3,0.9146740706431657,2.2842834209463945,6
6,0.05,12,128,4,0.5455697320385546,1.2710186581040102,6
6,0.05,12,128,5,0.1748721865429701,0.37969568925698205,5
6,0.05,12,128,6,0.05253227939153149,0.0850525687598509,3
6,0.05,12,128,7,0.022124120797670344,0.019865275672078297,3
6,0.05,12,128,8,0.009617923340794476,0.007364607370611509,1
6,0.05,12,128,9,0.0038242803730987873,0.0016945179597449567,1
6,0.05,12,128,10,0.0009458120858418795,0.00024943637354013504,1
6,0.05,12,129,1,2.150112996273922,5.3300587735856215,6
6,0.05,12,129,2,1.4889698935049687,3.81848024320948,5
6,0.05,12,129,3,1.0826622925857983,2.747223687606846,7
6,0.05,12,129,4,0.6686048253941728,1.7438972253963936,6
6,0.05,12,129,5,0.3059356092043721,0.9273197078960571,2
6,0.05,12,129,6,0.06152758204646247,0.14036875938771054,1
6,0.05,12,129,7,0.019160541929071684,0.03347425640498969,3
6,0.05,12,129,8,0.011421635024237986,0.017446741838707425,2
6,0.05,12,129,9,0.0032824594653710903,0.002534264143251974,1
6,0.05,12,129,10,0.0006859576723350358,0.0003058323515237049,1
6,0.05,12,130,1,2.4502119939990585,5.94627961062414,4
6,0.05,12,130,2,1.8437974138702025,4.464229035903324,4
6,0.05,12,130,3,1.4287953964031566,3.7202971417544948,5
6,0.05,12,130,4,1.025810818873051,2.6438186031299384,4
6,0.05,12,130,5,0.3501889752853806,0.9106558895971091,3
6,0.05,12,130,6,0.13259264364798184,0.3265554087235021,4
6,0.05,12,130,7,0.0492747177028896,0.09211762659841227,4
6,0.05,12,130,8,0.01694274482005298,0.017159205527024213,2
6,0.05,12,130,9,0.006220011430254857,0.0041066427837002095,2
6,0.05,12,130,10,0.001238274041298837,0.00045444744562850303,1
6,0.05,12,131,1,1.4446647108504358,3.4320170391238936,6
6,0.05,12,131,2,1.0754118584188852,2.5725306496064153,6
6,0.05,12,131,3,0.5718841567339901,1.4561312327760252,6
6,0.05,12,131,4,0.2953005362005712,0.6888998382768339,6
6,0.05,12,131,5,0.08588522806103427,0.1279646595938999,6
6,0.05,12,131,6,0.024408229468001252,0.020292249475350133,5
6,0.05,12,131,7,0.006807301131065202,0.006574849052769949,4
6,0.05,12,131,8,0.0018541254040904676,0.0015221777547385074,3
6,0.05,12,131,9,0.00020773646366833987,0.0001599808738550479,1
6,0.05,12,131,10,8.171189971406534e-05,3.4790566816766955e-05,1
6,0.05,12,132,1,1.7503879496987338,4.424004981836719,2
6,0.05,12,132,2,1.3055653140513108,3.352450797510409,2
6,0.05,12,132,3,0.6152777558051561,1.6019238290137867,2
6,0.05,12,132,4,0.22519860000612013,0.711247617838799,3
6,0.05,12,132,5,0.08857446619354548,0.2175539428479425,3
6,0.05,12,132,6,0.03734611677961297,0.08347654991189302,2
6,0.05,12,132,7,0.008356172485608937,0.017547880532818638,3
6,0.05,12,132,8,0.004207296812371197,0.00700411917412147,2
6,0.05,12,132,9,0.0016325265588825744,0.0015991646815809446,2
6,0.05,12,132,10,0.00028412979111891445,0.00015144032591685175,1
6,0.05,12,133,1,1.9532444077014262,4.144488148269927,4
6,0.05,12,133,2,1.3081985000003655,2.867714100947728,2
6,0.05,12,133,3,0.9696280635392966,2.255283241769229,4
6,0.05,12,133,4,0.3749798025752753,0.8157944700641551,4
6,0.05,12,133,5,0.12028013764778578,0.26025239100794373,5
6,0.05,12,133,6,0.05679077909839947,0.11026647520070121,4
6,0.05,12,133,7,0.017932466975821626,0.01074017664767446,4
6,0.05,12,133,8,0.0013763933416228724,0.003239025698473341,2
6,0.05,12,133,9,0.0006890763082836315,0.0008760732394872406,1
6,0.05,12,133,10,0.0002184880941271672,8.7472658369947e-05,1
6,0.05,12,134,1,1.5286544046482646,3.786197794731642,8
6,0.05,12,134,2,0.9202493620726351,2.1036941300049996,1
6,0.05,12,134,3,0.5870632538044482,1.567713653124386,5
6,0.05,12,134,4,0.19892933497923337,0.5275494805882914,5
6,0.05,12,134,5,0.08313030163652613,0.2177732880843095,3
6,0.05,12,134,6,0.03145390262294967,0.0590597214613755,3
6,0.05,12,134,7,0.01224323732530408,0.015640041730899057,2
6,0.05,12,134,8,0.005780401568941329,0.003939561263429425,1
6,0.05,12,134,9,0.001473344420446665,0.0013583726787373962,2
6,0.05,12,134,10,0.0006820035611845299,0.00033307248298442005,1
6,0.05,12,135,1,1.8707061227423232,4.250090894820222,9
6,0.05,12,135,2,1.2670378321764169,3.07265958412302,8
6,0.05,12,135,3,0.7639056645804203,1.9935111187112575,5
6,0.05,12,135,4,0.5328159436957627,1.3593525889066775,4
6,0.05,12,135,5,0.13524228866529953,0.19496613212893266,2
6,0.05,12,135,6,0.049808345111422625,0.09822735706647912,2
6,0.05,12,135,7,0.011654824168907396,0.015000849276445294,4
6,0.05,12,135,8,0.0033785031240931573,0.0032027307723865306,2
6,0.05,12,135,9,0.0010917870314735012,0.0006022874969353609,2
6,0.05,12,135,10,0.00010432639912139052,3.8969871390293065e-05,1
6,0.05,12,136,1,1.9509632038347213,4.516117459188267,8
6,0.05,12,136,2,1.6251371147206761,3.8300361118183783,8
6,0.05,12,136,3,1.0579787109183378,2.404106105334515,7
6,0.05,12,136,4,0.5469902035784067,1.289600980900742,6
6,0.05,12,136,5,0.17839004234757638,0.29807470088611154,6
6,0.05,12,136,6,0.033384698158847925,0.034953643625513564,1
6,0.05,12,136,7,0.01416093057188661,0.025585046940731715,2
6,0.05,12,136,8,0.009244609237370582,0.015558447689580035,2
6,0.05,12,136,9,0.0032425421878308214,0.0022889176455027638,2
6,0.05,12,136,10,0.0010501485751994721,0.00035054666430411885,1
6,0.05,12,137,1,2.0771569139247923,5.156314080448915,7
6,0.05,12,137,2,1.7814833142096766,4.402993406426869,4
6,0.05,12,137,3,1.3025006756763133,3.4060141395973247,6
6,0.05,12,137,4,1.0036485674744817,2.616269960142162,6
6,0.05,12,137,5,0.4962815482809724,1.2722941211247853,4
6,0.05,12,137,6,0.24915672473381534,0.6100276911248432,4
6,0.05,12,137,7,0.06447145598975013,0.08809036452432295,4
6,0.05,12,137,8,0.009670192876459538,0.01466672673451086,2
6,0.05,12,137,9,0.002090796371398085,0.001711804530463823,2
6,0.05,12,137,10,0.00033086331394471813,0.00011848610803610882,1
6,0.05,12,138,1,1.9148824025898712,4.830028130874739,4
6,0.05,12,138,2,1.3720008477723304,3.2730964899500545,3
6,0.05,12,138,3,0.9277282005354159,2.2268007887101664,3
6,0.05,12,138,4,0.4306872167811342,1.128130723796568,4
6,0.05,12,138,5,0.2197614141274009,0.3486398040695935,3
6,0.05,12,138,6,0.076156430579573,0.0879692219648387,3
6,0.05,12,138,7,0.016931495109034245,0.02111899179260668,3
6,0.05,12,138,8,0.006207738111488226,0.0033797782241773433,3
6,0.05,12,138,9,0.0010575496252336336,0.00038641250652204917,2
6,0.05,12,138,10,0.00022340903755591057,4.874627256157282e-05,1
6,0.05,12,139,1,1.8973135733018545,4.262527165420421,9
6,0.05,12,139,2,1.3995661905926866,3.3142586490226495,7
6,0.05,12,139,3,0.882456717847127,2.238022834150309,7
6,0.05,12,139,4,0.5419805853599087,1.3545960731923952,6
6,0.05,12,139,5,0.29375907838033655,0.48156526236019737,6
6,0.05,12,139,6,0.0700115328510229,0.11571097653538942,4
6,0.05,12,139,7,0.03270716947201535,0.02643625753672474,4
6,0.05,12,139,8,0.0022894780250837243,0.0035118030487382157,2
6,0.05,12,139,9,0.0011100329368005646,0.0007979084731015718,2
6,0.05,12,139,10,0.000215736660674537,8.653293232185888e-05,1
6,0.05,12,140,1,2.537438156007692,5.54665640726448,9
6,0.05,12,140,2,1.8133492780864735,4.106360632814914,8
6,0.05,12,140,3,1.1390702886660442,2.516614887123227,7
6,0.05,12,140,4,0.6144512459598701,1.3563780921129194,6
6,0.05,12,140,5,0.1896344631830189,0.29059117384040434,5
6,0.05,12,140,6,0.026469388776718006,0.02329320911464272,5
6,0.05,12,140,7,0.012627879713530632,0.025374366527003644,3
6,0.05,12,140,8,0.005141121164150775,0.005216427911262755,2
6,0.05,12,140,9,0.0010826977185267594,0.0006553877908004324,1
6,0.05,12,140,10,0.00019014014267071389,7.201762648811894e-05,1
6,0.05,12,141,1,1.9350467895176138,4.341100526513358,2
6,0.05,12,141,2,1.1523167216560672,2.439259507208387,2
6,0.05,12,141,3,0.6780084887483007,1.7363956524777198,7
6,0.05,12,141,4,0.3684321779661417,1.047503496403193,2
6,0.05,12,141,5,0.21441031736771876,0.5676098227953918,1
6,0.05,12,141,6,0.05177606940033286,0.13721355525824386,1
6,0.05,12,141,7,0.014451874407257037,0.01590382580948102,2
6,0.05,12,141,8,0.0073126222901649385,0.00646820298385542,2
6,0.05,12,141,9,0.0027330792485180666,0.0022141438207903263,1
6,0.05,12,141,10,0.00043615963648591105,0.00027905954382134723,1
6,0.05,12,142,1,2.053618130923983,5.004436018162911,7
6,0.05,12,142,2,1.498817309292484,3.5903017172905276,5
6,0.05,12,142,3,0.8805924933136104,2.3608933367300917,7
6,0.05,12,142,4,0.4797294581647833,1.057600952854008,7
6,0.05,12,142,5,0.19858042202262638,0.4838668211489434,3
6,0.05,12,142,6,0.03680632159084851,0.062398421663548476,5
6,0.05,12,142,7,0.011837451806709254,0.026275191656305097,3
6,0.05,12,142,8,0.004815638686245904,0.004649788052024206,3
6,0.05,12,142,9,0.0010293980928643975,0.0006384633521552274,2
6,0.05,12,142,10,0.000270039583874393,0.00011795297461603127,1
6,0.05,12,143,1,1.9818745921229457,4.639966947889997,4
6,0.05,12,143,2,1.343307858100772,3.1655851321123922,3
6,0.05,12,143,3,0.88688871767026,2.0868080055574207,2
6,0.05,12,143,4,0.49009542667325334,1.1131889041008503,1
6,0.05,12,143,5,0.1047236684043078,0.15754460058208686,1
6,0.05,12,143,6,0.04058599342088698,0.0661411871462505,5
6,0.05,12,143,7,0.02135675698312056,0.023920682638662427,4
6,0.05,12,143,8,0.0074074167973705585,0.0055571143478090335,3
6,0.05,12,143,9,0.0027265637674815935,0.0016114276139571615,2
6,0.05,12,143,10,0.0013085574573388215,0.0005487431377524388,1
6,0.05,12,144,1,1.9036143636523697,4.526834899949602,8
6,0.05,12,144,2,1.323600601890309,3.2184003319571843,4
6,0.05,12,144,3,0.8598659144064378,2.2671167703584416,5
6,0.05,12,144,4,0.5798143814381014,1.4600640626485806,5
6,0.05,12,144,5,0.24523786316244767,0.5734651890056437,4
6,0.05,12,144,6,0.06386035687461344,0.14527960619288827,3
6,0.05,12,144,7,0.029684579964431634,0.04150231904912438,2
6,0.05,12,144,8,0.011559830843260954,0.008295158526520297,1
6,0.05,12,144,9,0.003933945362671665,0.0027074628011050095,1
6,0.05,12,144,10,0.0009769994524404524,0.00027100543822200507,1
6,0.05,12,145,1,2.2088204504237936,5.072356405915654,4
6,0.05,12,145,2,1.7864920077412307,4.083992304750451,3
6,0.05,12,145,3,1.0801622231683723,2.578505218133861,2
6,0.05,12,145,4,0.7234545125217515,1.5989519020757772,3
6,0.05,12,145,5,0.2664087537904294,0.591394158818721,2
6,0.05,12,145,6,0.17658062395723917,0.29235121315017487,1
6,0.05,12,145,7,0.005897336801442776,0.007932676188991294,3
6,0.05,12,145,8,0.004946144963106747,0.005149508708063522,3
6,0.05,12,145,9,0.0008121315790958761,0.0007094714669353408,2
6,0.05,12,145,10,0.000561143274801168,0.0003615002222456809,1
6,0.05,12,146,1,1.7949121259011847,4.50968906289436,8
6,0.05,12,146,2,1.441071786932536,3.493565094478992,6
6,0.05,12,146,3,0.7734124533488824,1.8100241283561562,8
6,0.05,12,146,4,0.5086269929663167,1.302213691454078,4
6,0.05,12,146,5,0.11659153290475999,0.3885719186027039,4
6,0.05,12,146,6,0.05308992535737289,0.14299275378234277,4
6,0.05,12,146,7,0.018588979793339178,0.022495474414792938,4
6,0.05,12,146,8,0.003537989734471836,0.0023662899357752565,3
6,0.05,12,146,9,0.0003364248815493909,0.000214757385302633,1
6,0.05,12,146,10,0.00010217681655433353,3.397972926144632e-05,1
6,0.05,12,147,1,2.0132006582618978,4.508391310668459,3
6,0.05,12,147,2,1.4598773428818923,3.353120331775072,3
6,0.05,12,147,3,0.8899709656909884,2.155473950648455,3
6,0.05,12,147,4,0.589369320752386,1.3968733566627307,3
6,0.05,12,147,5,0.094325089788871,0.31354510024264926,4
6,0.05,12,147,6,0.059596443642082164,0.12207085574321574,3
6,0.05,12,147,7,0.03205353740248995,0.045575945065264634,3
6,0.05,12,147,8,0.009610636881927093,0.006915903356830455,3
6,0.05,12,147,9,0.0009208107405065391,0.0005699212143444043,1
6,0.05,12,147,10,0.00028215657261299043,8.663310837242477e-05,1
6,0.05,12,148,1,1.9105814196007955,4.351640825245497,3
6,0.05,12,148,2,1.3356816118742714,3.299473649558429,2
6,0.05,12,148,3,0.7026829102758541,1.7080026767319758,1
6,0.05,12,148,4,0.19595270447708302,0.41875195987627123,1
6,0.05,12,148,5,0.03373975744514368,0.11882604292493504,4
6,0.05,12,148,6,0.01781056726761321,0.042561607291924375,4
6,0.05,12,148,7,0.007848947011019902,0.008632514170690442,4
6,0.05,12,148,8,0.0009396555617193769,0.002282646736698979,2
6,0.05,12,148,9,0.0004444063669559739,0.00046055143541678945,2
6,0.05,12,148,10,0.0001722632373741817,8.666768903964339e-05,1
6,0.05,12,149,1,2.2677141772205367,5.673208356859179,5
6,0.05,12,149,2,1.6979135040847417,4.276332919871985,4
6,0.05,12,149,3,1.1239475283869886,2.867688958013746,4
6,0.05,12,149,4,0.5040941852991239,1.304405382663532,6
6,0.05,12,149,5,0.24769936154500272,0.5884925927530471,4
6,0.05,12,149,6,0.12878385752292232,0.2214232845652777,4
6,0.05,12,149,7,0.021548568627988374,0.028893280712582126,4
6,0.05,12,149,8,0.0030435718864545436,0.0026667156757227417,2
6,0.05,12,149,9,0.0006060162182528472,0.0003150223269603458,1
6,0.05,12,149,10,0.0001013120350386032,3.46579532148894e-05,1
6,0.05,12,150,1,1.8828836044174153,4.445376214625995,2
6,0.05,12,150,2,1.3207993253304302,3.138896773923605,2
6,0.05,12,150,3,0.6628460337663782,1.4216434573852972,1
6,0.05,12,150,4,0.35550872611594286,0.8163225236480702,2
6,0.05,12,150,5,0.08822956300200957,0.24479266653706055,2
6,0.05,12,150,6,0.029483421726038017,0.0320867078116116,4
6,0.05,12,150,7,0.013466727626287422,0.007524009859769976,4
6,0.05,12,150,8,0.003177555802079013,0.003911646311932415,2
6,0.05,12,150,9,0.001576788386419281,0.000951936259188102,2
6,0.05,12,150,10,0.00042607904527969254,0.00010176140344952955,1
6,0.05,12,151,1,2.059460767149865,4.736461233128301,8
6,0.05,12,151,2,1.5736162713063422,3.719841086313723,8
6,0.05,12,151,3,0.8891472707747496,1.9845418385197586,8
6,0.05,12,151,4,0.3237164356128517,0.6460277534411514,7
6,0.05,12,151,5,0.10541252349601749,0.28286271920824824,3
6,0.05,12,151,6,0.04158575730090064,0.05943691731232015,3
6,0.05,12,151,7,0.011778363978159234,0.01698950698117585,3
6,0.05,12,151,8,0.004000220910629793,0.0026262873013020993,3
6,0.05,12,151,9,0.00019936316172675106,9.695942199705598e-05,2
6,0.05,12,151,10,4.018192199595205e-05,1.8210191663925457e-05,1
6,0.05,12,152,1,1.9556463878072847,4.578835431348056,6
6,0.05,12,152,2,1.4307571275051743,3.6871541494673874,4
6,0.05,12,152,3,1.0095867391426268,2.6828128217922167,3
6,0.05,12,152,4,0.6166425281321892,1.6015920438980498,2
6,0.05,12,152,5,0.27857505029706076,0.5479168342438179,2
6,0.05,12,152,6,0.07998405673525966,0.08727306160908199,1
6,0.05,12,152,7,0.024038482459019406,0.07192971052786667,3
6,0.05,12,152,8,0.011224630895576126,0.0196198179175191,3
6,0.05,12,152,9,0.003550927248344493,0.0028175834298576063,2
6,0.05,12,152,10,0.0014219198272371614,0.00044619457914940597,1
6,0.05,12,153,1,1.841234355544767,4.253619738774518,9
6,0.05,12,153,2,1.4189868460791892,3.469532861687579,6
6,0.05,12,153,3,0.7722643326425818,2.024836663746573,6
6,0.05,12,153,4,0.38867515715756795,1.076040172056416,6
6,0.05,12,153,5,0.2262420556188296,0.5948294911914402,3
6,0.05,12,153,6,0.05692220690332661,0.10239907761488354,2
6,0.05,12,153,7,0.0462048076011321,0.060067184271890284,1
6,0.05,12,153,8,0.005450602484827982,0.006002302195781795,1
6,0.05,12,153,9,0.002609624783641351,0.0021310083331638197,1
6,0.05,12,153,10,0.0007776708222593243,0.00029131716468810964,1
6,0.05,12,154,1,1.5564407569436014,3.370471382829873,2
6,0.05,12,154,2,1.2039567273908673,2.7032851245642675,2
6,0.05,12,154,3,0.6955661511115601,1.494864211686446,1
6,0.05,12,154,4,0.10202374305274375,0.2391968337618735,7
6,0.05,12,154,5,0.021384373160604042,0.04076964409568262,1
6,0.05,12,154,6,0.006592450695904972,0.015150845792913259,5
6,0.05,12,154,7,0.0024884428975830986,0.0033875220440702236,4
6,0.05,12,154,8,0.00013574358947820997,0.00047875702416888544,2
6,0.05,12,154,9,6.040781270044704e-05,0.00012208340003994067,2
6,0.05,12,154,10,1.3831646835882339e-05,2.1397342990781e-05,1
6,0.05,12,155,1,1.9638304268872062,4.646033587779652,2
6,0.05,12,155,2,1.4533051569647988,3.707280753228602,3
6,0.05,12,155,3,1.1209045804527982,2.824383801647663,2
6,0.05,12,155,4,0.5736676687922788,1.5407206268500389,4
6,0.05,12,155,5,0.31043566971272085,0.7442807880346756,3
6,0.05,12,155,6,0.14313169033522044,0.28543687838500986,2
6,0.05,12,155,7,0.03592255566197977,0.05328384925746832,2
6,0.05,12,155,8,0.01364398348886553,0.014615722618877669,2
6,0.05,12,155,9,0.0024154759083039323,0.0015887088589749965,2
6,0.05,12,155,10,0.0004225410383114081,0.000137596402453255,1
6,0.05,12,156,1,1.834027882146163,4.462692047196416,6
6,0.05,12,156,2,1.2041590770540722,2.798907071281583,4
6,0.05,12,156,3,0.7650131538095408,2.0547304827096617,7
6,0.05,12,156,4,0.4650421991716662,1.252386006727754,6
6,0.05,12,156,5,0.20431163485953263,0.35794405448779365,4
6,0.05,12,156,6,0.11419996317238201,0.20172618863104574,4
6,0.05,12,156,7,0.021619108601388604,0.026362623139318586,2
6,0.05,12,156,8,0.010677472991510228,0.01221981188921717,2
6,0.05,12,156,9,0.0016916059433533803,0.0008249748005155766,1
6,0.05,12,156,10,0.0002300626857376642,9.052994885649923e-05,1
6,0.05,12,157,1,1.8588754444186293,4.418205968769374,9
6,0.05,12,157,2,1.239471717375313,2.9840433229010763,5
6,0.05,12,157,3,0.9530744608149107,2.5603717513619664,6
6,0.05,12,157,4,0.6320931851629652,1.5309356097859634,5
6,0.05,12,157,5,0.303294804608246,0.7244076408133964,5
6,0.05,12,157,6,0.09813947282118463,0.1319659497971557,5
6,0.05,12,157,7,0.021565000973573945,0.019516871539369873,4
6,0.05,12,157,8,0.006530825995135103,0.007859720535577708,1
6,0.05,12,157,9,0.0023287373295666214,0.0022471944599864457,1
6,0.05,12,157,10,0.0008324852525198878,0.000415917620870232,1
6,0.05,12,158,1,1.9960573357953102,4.944225262126238,6
6,0.05,12,158,2,1.6243338643884861,3.904682654685068,5
6,0.05,12,158,3,0.9264196383106302,2.2041077975326004,7
6,0.05,12,158,4,0.5317757367133602,1.2961541387204605,6
6,0.05,12,158,5,0.30187661912964714,0.880749829500143,3
6,0.05,12,158,6,0.13716921382199132,0.16055198125769188,5
6,0.05,12,158,7,0.03234003154164711,0.04830415658611997,3
6,0.05,12,158,8,0.016735890686582877,0.014573069505578573,3
6,0.05,12,158,9,0.003295959926596481,0.0022151499620015613,2
6,0.05,12,158,10,0.0012903883187611598,0.0006185337044311012,1
6,0.05,12,159,1,1.819416396862497,4.271955392482852,8
6,0.05,12,159,2,1.3326728076874907,3.1605538562178737,7
6,0.05,12,159,3,0.6626824721641853,1.6351285280608323,4
6,0.05,12,159,4,0.4534463548744121,1.1171911866738427,4
6,0.05,12,159,5,0.12337351910528582,0.260229878140251,4
6,0.05,12,159,6,0.030727190319506548,0.044825756832214125,4
6,0.05,12,159,7,0.019323603963549374,0.0178424608719574,4
6,0.05,12,159,8,0.0038187278707937367,0.004563756979184319,1
6,0.05,12,159,9,0.0009173158106463575,0.0007342716758600432,2
6,0.05,12,159,10,0.0005446113567479927,0.00024048974705870307,1
6,0.05,12,160,1,2.0918101463396077,4.9875715444887145,8
6,0.05,12,160,2,1.5188660371562435,3.753690253468248,7
6,0.05,12,160,3,1.1125052995830096,2.7705292826289867,7
6,0.05,12,160,4,0.49972675672005806,1.3116733852476337,6
6,0.05,12,160,5,0.2720003885072302,0.5477116166410827,6
6,0.05,12,160,6,0.039554393170813995,0.06356353658546254,4
6,0.05,12,160,7,0.014001238237796088,0.008855942515461734,4
6,0.05,12,160,8,0.0037223388638807364,0.002995382242906075,3
6,0.05,12,160,9,0.001265072454316396,0.0011409198499912065,1
6,0.05,12,160,10,0.00036871668594784524,0.00013918907969845407,1
6,0.05,12,161,1,1.8843273535597937,4.277676064801273,5
6,0.05,12,161,2,1.526990062133077,3.3380300921491575,4
6,0.05,12,161,3,0.8555123211224895,1.9820693886042005,4
6,0.05,12,161,4,0.5893324235595792,1.2327141589961457,4
6,0.05,12,161,5,0.31187370903465705,0.6756003466122031,1
6,0.05,12,161,6,0.048283531706548644,0.11384224674660004,1
6,0.05,12,161,7,0.019625511203280155,0.02678027202108879,4
6,0.05,12,161,8,0.0028909012278752755,0.0022224633569045693,1
6,0.05,12,161,9,0.000660165623635578,0.0004719977674518816,1
6,0.05,12,161,10,0.0005056620548273827,0.0003101813775234774,1
6,0.05,12,162,1,2.0464685868640977,5.107894998614833,3
6,0.05,12,162,2,1.5660329228603906,4.0121025719952765,4
6,0.05,12,162,3,1.0351300749358892,2.7193682822786496,3
6,0.05,12,162,4,0.5492610708900685,1.4191839067184233,2
6,0.05,12,162,5,0.21963649507796745,0.40182910446782927,1
6,0.05,12,162,6,0.05173764815914694,0.08759159336555022,2
6,0.05,12,162,7,0.013986752666649949,0.012392059530101918,1
6,0.05,12,162,8,0.002371252697653148,0.0018869516448649648,1
6,0.05,12,162,9,0.0006924223800126583,0.0004954423571437161,2
6,0.05,12,162,10,0.00018632521951289505,6.721598632530856e-05,1
6,0.05,12,163,1,1.6546948874773015,3.675156608649896,2
6,0.05,12,163,2,1.1360422266271684,2.4499323427088022,9
6,0.05,12,163,3,0.6266513662532702,1.3668840423746538,8
6,0.05,12,163,4,0.3827189916839906,0.7918175654778992,7
6,0.05,12,163,5,0.08835058381532335,0.18977136045374543,6
6,0.05,12,163,6,0.033470795022985556,0.039424036902843795,5
6,0.05,12,163,7,0.011843621419011185,0.011965519859323592,4
6,0.05,12,163,8,0.003375373003674298,0.001916130683827788,3
6,0.05,12,163,9,0.0008796811277385075,0.0006436706957408944,2
6,0.05,12,163,10,0.00024005152870643087,0.00012469568041950652,1
6,0.05,12,164,1,1.98776724218283,4.624243157037666,5
6,0.05,12,164,2,1.5124208450033159,3.4956890019029725,4
6,0.05,12,164,3,0.884561336439031,2.0153329064780134,3
6,0.05,12,164,4,0.5372726319905006,1.3224217160777219,2
6,0.05,12,164,5,0.2078380218731617,0.570961847550743,1
6,0.05,12,164,6,0.04056647030821736,0.08164027397409335,1
6,0.05,12,164,7,0.01991251607130451,0.015997377707920535,1
6,0.05,12,164,8,0.0023271198243293156,0.0018175570036866873,3
6,0.05,12,164,9,0.001353568076996936,0.0010249964198010275,2
6,0.05,12,164,10,0.0006931357064807742,0.00046862320231255694,1
6,0.05,12,165,1,1.8032368418084133,4.086196876186699,9
6,0.05,12,165,2,1.05745270781685,2.6076261921588735,8
6,0.05,12,165,3,0.6635634878167203,1.7864455667707713,7
6,0.05,12,165,4,0.32558139184871493,1.0383598232279905,2
6,0.05,12,165,5,0.20974521607868724,0.47721247081027585,5
6,0.05,12,165,6,0.061942182509810095,0.16441159961205543,2
6,0.05,12,165,7,0.032426269765011284,0.04604761352045195,2
6,0.05,12,165,8,0.010843516269581244,0.015404013048192056,2
6,0.05,12,165,9,0.003515755493371131,0.002338411150551778,2
6,0.05,12,165,10,0.0008334483402450132,0.00025876827527326896,1
6,0.05,12,166,1,1.6649878525973634,3.9796689614459773,9
6,0.05,12,166,2,1.3863577248584882,3.3817270482109194,8
6,0.05,12,166,3,0.8029045569244495,2.15518933495874,5
6,0.05,12,166,4,0.4782992317297463,1.1824500309396893,5
6,0.05,12,166,5,0.21956793495138527,0.5074090412117958,5
6,0.05,12,166,6,0.07071378137620599,0.15721277072523954,4
6,0.05,12,166,7,0.019050291531414132,0.02350670051648862,4
6,0.05,12,166,8,0.007542542160411614,0.007969693182506177,2
6,0.05,12,166,9,0.0038722530553343404,0.0021560773508859654,1
6,0.05,12,166,10,0.000902481194742677,0.00026776607195166946,1
6,0.05,12,167,1,2.2977639204269558,5.231122533429641,5
6,0.05,12,167,2,1.7958182078831975,4.44331507562989,6
6,0.05,12,167,3,1.1964256595749703,2.8861656004148024,5
6,0.05,12,167,4,0.6190747677475379,1.5365891055772245,4
6,0.05,12,167,5,0.22336433942414757,0.40632206729600995,4
6,0.05,12,167,6,0.08104540980622943,0.1346328691678309,4
6,0.05,12,167,7,0.03058692710038713,0.022452428286364068,4
6,0.05,12,167,8,0.009350211173650536,0.004869800847000505,3
6,0.05,12,167,9,0.0023578855440078428,0.0009431574199165738,2
6,0.05,12,167,10,0.0008418992836531913,0.00021587399405120777,1
6,0.05,12,168,1,2.1484643179022385,5.4858276759578235,6
6,0.05,12,168,2,1.6993850470827319,4.2939906905542795,7
6,0.05,12,168,3,1.210900346960461,3.191766621856397,6
6,0.05,12,168,4,0.7202675289206937,1.9180445376669955,6
6,0.05,12,168,5,0.167724056922971,0.5265752763140981,5
6,0.05,12,168,6,0.10575361341304301,0.30760543698273324,3
6,0.05,12,168,7,0.043281619694759854,0.07663789116718611,3
6,0.05,12,168,8,0.010177213205203373,0.006805987018099202,3
6,0.05,12,168,9,0.0032788139492794244,0.0020829177988179737,1
6,0.05,12,168,10,0.0006778764026833528,0.00016427486813164194,1
6,0.05,12,169,1,1.8200972362149308,4.482393247985076,4
6,0.05,12,169,2,1.5155578892277468,3.7864165069225173,4
6,0.05,12,169,3,0.7418821173804595,2.110994028401624,6
6,0.05,12,169,4,0.3601070706156655,1.0317957530626067,5
6,0.05,12,169,5,0.304963598273833,0.8594110656350686,4
6,0.05,12,169,6,0.05588828156007963,0.12550546202567503,4
6,0.05,12,169,7,0.026414616107214073,0.047057960111954955,2
6,0.05,12,169,8,0.016310305527508007,0.019229758145780096,1
6,0.05,12,169,9,0.004447109545527184,0.0027140912711764997,1
6,0.05,12,169,10,0.0008594861330699644,0.00024987584275315555,1
6,0.05,12,170,1,2.067619751384754,5.229254923812627,5
6,0.05,12,170,2,1.5442891241431873,3.7098620480712103,7
6,0.05,12,170,3,1.0543444958586186,2.7166378633950092,4
6,0.05,12,170,4,0.7303585468109723,1.982970379866103,5
6,0.05,12,170,5,0.4121036621676524,1.09243241398495,4
6,0.05,12,170,6,0.0926672056607174,0.1715392317036173,3
6,0.05,12,170,7,0.04953057669182215,0.06309242674723237,2
6,0.05,12,170,8,0.0265900888907602,0.016935547404630213,1
6,0.05,12,170,9,0.006690524967694955,0.0019572452658707107,1
6,0.05,12,170,10,0.002207996027429715,0.00033826077198639837,1
6,0.05,12,171,1,1.9658111129199263,4.73353247109778,8
6,0.05,12,171,2,1.5658555503946907,3.831908301797503,7
6,0.05,12,171,3,1.1024448480862006,2.7592871253284486,7
6,0.05,12,171,4,0.5918874046399409,1.5102808990160455,6
6,0.05,12,171,5,0.21313865085478767,0.4030293389701409,2
6,0.05,12,171,6,0.08084933328327892,0.13016932915183155,2
6,0.05,12,171,7,0.028916063943640324,0.03289660342319678,2
6,0.05,12,171,8,0.010188919136595587,0.009950445022850474,2
6,0.05,12,171,9,0.003401024139023434,0.0015035142845629679,2
6,0.05,12,171,10,0.00038533999821765974,0.00011059648014644097,1
6,0.05,12,172,1,1.4664933524983006,3.515613407423988,7
6,0.05,12,172,2,0.7530842917661964,1.7285790178338303,2
6,0.05,12,172,3,0.4275103074357993,1.15064375777661,4
6,0.05,12,172,4,0.3409996187677429,0.9399701174384205,4
6,0.05,12,172,5,0.10988108962075316,0.24952580862522922,6
6,0.05,12,172,6,0.021357217904711234,0.03199785856318016,3
6,0.05,12,172,7,0.014511216086741996,0.02729553715837696,4
6,0.05,12,172,8,0.007647219662221261,0.010939840366233966,3
6,0.05,12,172,9,0.0005434547947125168,0.0006644932792596592,2
6,0.05,12,172,10,0.00027149414852445375,0.00022865948217898335,1
6,0.05,12,173,1,1.6495360647265684,4.041575390240764,6
6,0.05,12,173,2,1.2478273943927576,3.065338841615832,6
6,0.05,12,173,3,0.7325299054527221,1.7928754723149556,5
6,0.05,12,173,4,0.22706936492085106,0.45458773986031886,4
6,0.05,12,173,5,0.11519540846190779,0.22521027415369765,6
6,0.05,12,173,6,0.03399712538423927,0.039434855988700335,2
6,0.05,12,173,7,0.011832722422724373,0.009893751501845571,4
6,0.05,12,173,8,0.0020785411223371852,0.0018192344611485112,2
6,0.05,12,173,9,0.001179398826202771,0.0005913699982524889,2
6,0.05,12,173,10,6.350524441245398e-05,2.398804381620323e-05,1
6,0.05,12,174,1,1.9410785769618641,4.475299559159968,2
6,0.05,12,174,2,1.5210830156182524,3.526449336099887,2
6,0.05,12,174,3,0.877137109398209,2.085147178636376,2
6,0.05,12,174,4,0.5533400175665655,1.2764343748118652,2
6,0.05,12,174,5,0.2765785141510335,0.449850764396583,1
6,0.05,12,174,6,0.0642338319661242,0.1305141043714304,2
6,0.05,12,174,7,0.023294152174134553,0.04496088603488779,3
6,0.05,12,174,8,0.015633613093680054,0.017248926783745233,2
6,0.05,12,174,9,0.003230655034595742,0.002521620778050959,1
6,0.05,12,174,10,0.0004126626926286292,0.00017527357194424553,1
6,0.05,12,175,1,2.2505359115189094,5.551696695624731,8
6,0.05,12,175,2,1.8157445136525787,4.315198482220737,2
6,0.05,12,175,3,1.0590739003328657,2.7337613205692115,2
6,0.05,12,175,4,0.7528320038067946,1.7912346001000934,1
6,0.05,12,175,5,0.5163876284056066,1.1483520146211905,1
6,0.05,12,175,6,0.10491576658908386,0.2855009282928336,2
6,0.05,12,175,7,0.042146271470773655,0.08428832254911711,2
6,0.05,12,175,8,0.01490902007327577,0.0226485139346444,1
6,0.05,12,175,9,0.005772137706369307,0.0027300753445480552,2
6,0.05,12,175,10,0.002073545672576671,0.0006876020252377657,1
6,0.05,12,176,1,1.9847290116905896,4.545683472926735,2
6,0.05,12,176,2,1.287409795413403,3.2670912772623684,2
6,0.05,12,176,3,0.8181271847687412,1.9916819870065776,5
6,0.05,12,176,4,0.5023233960295599,1.2880149009475979,3
6,0.05,12,176,5,0.20301065461824663,0.45576371479578803,3
6,0.05,12,176,6,0.06970007024424518,0.14729472181522318,4
6,0.05,12,176,7,0.04488774883386526,0.0405940146060626,4
6,0.05,12,176,8,0.030742301113551918,0.017689640965084408,3
6,0.05,12,176,9,0.00588325673187029,0.0036387957441466057,2
6,0.05,12,176,10,0.0025461614827193557,0.00041642806229269524,1
6,0.05,12,177,1,2.0706083545124123,4.907042666132773,9
6,0.05,12,177,2,1.505684562261294,3.7439439751035852,8
6,0.05,12,177,3,1.1241689451217276,2.8295889012124764,7
6,0.05,12,177,4,0.7029397355089948,1.794220427193908,4
6,0.05,12,177,5,0.3845743822097951,1.0701602500706748,4
6,0.05,12,177,6,0.1259605816573135,0.38392971615490445,4
6,0.05,12,177,7,0.07820823069872418,0.20242793579492613,2
6,0.05,12,177,8,0.02954304419173326,0.0384013899577198,1
6,0.05,12,177,9,0.011941728055905543,0.011659872507228997,1
6,0.05,12,177,10,0.005450071695136671,0.0030816690120456514,1
6,0.05,12,178,1,2.147448283578484,4.958006481712454,6
6,0.05,12,178,2,1.579983816532284,3.672429787976222,6
6,0.05,12,178,3,1.1988700981013096,2.728818907738221,6
6,0.05,12,178,4,0.7203822887419875,1.5753583346726945,5
6,0.05,12,178,5,0.4567472949943685,0.951736661836474,5
6,0.05,12,178,6,0.08394995361930668,0.19700809582177214,3
6,0.05,12,178,7,0.04369809053293494,0.0757749039708262,3
6,0.05,12,178,8,0.021866645444994504,0.028947669800750475,2
6,0.05,12,178,9,0.005459344976021185,0.003711385019357749,1
6,0.05,12,178,10,0.0008455511532901028,0.00037851310094794144,1
6,0.05,12,179,1,1.8768451375443789,4.5999321765839944,3
6,0.05,12,179,2,1.4483446199246544,3.4423612702988926,2
6,0.05,12,179,3,0.7563771396090395,1.941779018455474,2
6,0.05,12,179,4,0.6119205861960921,1.412510073342787,1
6,0.05,12,179,5,0.1291979586297991,0.18314300937873895,1
6,0.05,12,179,6,0.02723516039007734,0.03892184983613767,5
6,0.05,12,179,7,0.013220475499643669,0.016712967900044617,4
6,0.05,12,179,8,0.004176531545873274,0.004639194347161535,3
6,0.05,12,179,9,0.0022729844054971693,0.0013671942608475263,2
6,0.05,12,179,10,0.0010408422504504244,0.0003791420032239756,1
6,0.05,12,180,1,1.843755411655163,4.449250030732566,6
6,0.05,12,180,2,1.155850179618568,2.9767975383889986,7
6,0.05,12,180,3,0.7824995498814147,1.9973350638903629,6
6,0.05,12,180,4,0.3996994306248567,0.9051613586801963,7
6,0.05,12,180,5,0.1956277038154255,0.3467113656045857,4
6,0.05,12,180,6,0.04616838475311624,0.06830618621299145,2
6,0.05,12,180,7,0.023136625939251587,0.02010021792109562,4
6,0.05,12,180,8,0.006986388843298386,0.007418493791741199,3
6,0.05,12,180,9,0.002807750752719329,0.0014742028207930247,2
6,0.05,12,180,10,0.00047262137379888713,0.00015957444471759175,1
6,0.05,12,181,1,1.7021293105859918,4.248108238106132,3
6,0.05,12,181,2,1.2055621714676192,3.0425356988900187,2
6,0.05,12,181,3,0.7102424250547514,1.8845271289777195,2
6,0.05,12,181,4,0.27887579192274714,0.6995925863830745,2
6,0.05,12,181,5,0.11807854199822998,0.21185193255596246,2
6,0.05,12,181,6,0.04188203598988949,0.09902645781878938,2
6,0.05,12,181,7,0.02199586202660342,0.03276509647769643,2
6,0.05,12,181,8,0.0057002227377012105,0.0032170129330690855,1
6,0.05,12,181,9,0.0015506418186070903,0.0012282739697795364,2
6,0.05,12,181,10,0.00041336502311040135,0.00011674568156649912,1
6,0.05,12,182,1,2.040231297376465,4.955830437526588,3
6,0.05,12,182,2,1.523078052887488,3.7006068136620573,2
6,0.05,12,182,3,0.8049037208802154,1.7712979913699858,1
6,0.05,12,182,4,0.3743217089077753,1.057479621203802,3
6,0.05,12,182,5,0.1257782695454992,0.30851453710616283,3
6,0.05,12,182,6,0.06359748044365787,0.07633323932146929,1
6,0.05,12,182,7,0.02990917222569678,0.0332820848908284,2
6,0.05,12,182,8,0.017431089891911,0.008444990121896367,1
6,0.05,12,182,9,0.0027644917822584603,0.0032595380683044795,2
6,0.05,12,182,10,0.0015163927826407075,0.0007693272261075634,1
6,0.05,12,183,1,1.541623114289436,3.623432721880846,9
6,0.05,12,183,2,0.9520304484729571,2.3279970122256444,8
6,0.05,12,183,3,0.505507523045317,1.1943736830938647,8
6,0.05,12,183,4,0.16499191794634172,0.33759013605869725,4
6,0.05,12,183,5,0.07283172354348721,0.12500430794610828,4
6,0.05,12,183,6,0.0316104568360025,0.03829126504383318,4
6,0.05,12,183,7,0.007873508177262067,0.01007131985317855,3
6,0.05,12,183,8,0.002141196398145695,0.0016308372390003711,2
6,0.05,12,183,9,0.0005020445852501609,0.00026833181707885956,2
6,0.05,12,183,10,5.532011375564139e-05,2.155517623592118e-05,1
6,0.05,12,184,1,2.2389025245011887,5.02415650224477,3
6,0.05,12,184,2,1.6296700699995839,3.708428104830352,3
6,0.05,12,184,3,1.1116266138891575,2.2270497680659833,1
6,0.05,12,184,4,0.6221857726991189,1.6020600178955728,4
6,0.05,12,184,5,0.30233067729804475,0.4883448029724935,1
6,0.05,12,184,6,0.10830921494263279,0.21061576175426389,4
6,0.05,12,184,7,0.03862309610985193,0.044790638689519824,3
6,0.05,12,184,8,0.010621882344153732,0.006704726824148466,3
6,0.05,12,184,9,0.003536043901064545,0.0018502532978370567,1
6,0.05,12,184,10,0.0009540188763068613,0.0002790375025938374,1
6,0.05,12,185,1,2.2715154169093594,5.2353465462691275,9
6,0.05,12,185,2,1.7941407168954555,4.480736957574624,3
6,0.05,12,185,3,1.2729956505723763,3.1240158202058375,2
6,0.05,12,185,4,0.6370605777345233,1.200018653971508,1
6,0.05,12,185,5,0.32206166924319035,0.9712110875651696,4
6,0.05,12,185,6,0.17158806214885658,0.5004644971979921,3
6,0.05,12,185,7,0.07931409201646034,0.19763757965459838,3
6,0.05,12,185,8,0.03002640417173197,0.029595074374121566,3
6,0.05,12,185,9,0.009909321815744221,0.00896456633516074,1
6,0.05,12,185,10,0.0032808646228730254,0.0012421924430192632,1
6,0.05,12,186,1,2.2070583352193474,5.061858888227462,7
6,0.05,12,186,2,1.3634861440050692,2.9645546372168106,6
6,0.05,12,186,3,1.09782342588802,2.667811707457254,7
6,0.05,12,186,4,0.5352305484381148,1.2245894785603504,7
6,0.05,12,186,5,0.19157379158262344,0.3160542346723805,5
6,0.05,12,186,6,0.05914196908451075,0.14284082719481006,4
6,0.05,12,186,7,0.02305790710529365,0.04148967611208221,3
6,0.05,12,186,8,0.006497057100613546,0.007824265067821301,3
6,0.05,12,186,9,0.001927988552182569,0.0014222593874997358,1
6,0.05,12,186,10,0.0005279169351553037,0.00027567694500341133,1
6,0.05,12,187,1,1.8416458558019464,4.540378608352556,9
6,0.05,12,187,2,1.403120610806699,3.576220112263991,8
6,0.05,12,187,3,0.875963735324035,2.388261194632788,2
6,0.05,12,187,4,0.5253345762636208,1.5554202431665178,4
6,0.05,12,187,5,0.3220680353079395,0.7328082153656208,5
6,0.05,12,187,6,0.07772927253833117,0.23260579273340554,2
6,0.05,12,187,7,0.038272489082412875,0.08322413473804424,3
6,0.05,12,187,8,0.017476070844313796,0.020194054320120003,2
6,0.05,12,187,9,0.004204207298265317,0.002293974879435723,1
6,0.05,12,187,10,0.0011235767626054383,0.0003548828121235914,1
6,0.05,12,188,1,1.998581479543443,5.075731775432299,4
6,0.05,12,188,2,1.4445397058128933,3.7906185630429654,3
6,0.05,12,188,3,0.9421938653546178,2.2568764448445116,4
6,0.05,12,188,4,0.4121920945690185,0.9488183951959037,1
6,0.05,12,188,5,0.1379153745340851,0.20006792912587912,2
6,0.05,12,188,6,0.07560300587426028,0.06231121166963938,1
6,0.05,12,188,7,0.021958390938277006,0.031218904216927967,3
6,0.05,12,188,8,0.006575261203455085,0.004407569753972496,3
6,0.05,12,188,9,0.0032241523429199503,0.00127686347729572,1
6,0.05,12,188,10,0.0010123192731334996,0.00017886602917016603,1
6,0.05,12,189,1,2.3542477062495237,5.201659318635047,7
6,0.05,12,189,2,1.600936966210849,3.515759238648135,7
6,0.05,12,189,3,0.9261040641280189,1.869742746748054,8
6,0.05,12,189,4,0.8274961544233257,1.6236899265624487,7
6,0.05,12,189,5,0.1914282887470975,0.37079280572943496,4
6,0.05,12,189,6,0.06952242284859977,0.11518625504758084,3
6,0.05,12,189,7,0.023615793702525423,0.030388670202201595,2
6,0.05,12,189,8,0.012977081608443797,0.007785771220532922,1
6,0.05,12,189,9,0.0019812546290189914,0.0011449692722411697,2
6,0.05,12,189,10,0.0011516935856725752,0.00029598091973603857,1
6,0.05,12,190,1,2.3745483626715433,5.434543500402185,4
6,0.05,12,190,2,1.5880366257678702,3.4967405491663612,2
6,0.05,12,190,3,1.0754599657769823,2.666966683773012,4
6,0.05,12,190,4,0.4860496867792179,1.344202361081031,4
6,0.05,12,190,5,0.2563726058173543,0.6138467874011901,4
6,0.05,12,190,6,0.09215922376646901,0.1887559002029615,4
6,0.05,12,190,7,0.041315785743744726,0.048324953313827024,4
6,0.05,12,190,8,0.013372806099106072,0.008601581808504122,3
6,0.05,12,190,9,0.003556997977643306,0.0015404428651990543,2
6,0.05,12,190,10,0.0011897725308465112,0.00029228781168733065,1
6,0.05,12,191,1,2.0511703336602736,4.9195061424923505,2
6,0.05,12,191,2,1.5951051154553646,3.9878220824187895,2
6,0.05,12,191,3,1.193470826074872,2.9519550722624874,2
6,0.05,12,191,4,0.6390313200817133,1.7995669336496949,3
6,0.05,12,191,5,0.32813651228379115,0.9559024689239983,2
6,0.05,12,191,6,0.10278395988270717,0.17050728878787602,3
6,0.05,12,191,7,0.037674480587657655,0.047353689972560176,2
6,0.05,12,191,8,0.013869258772103876,0.007956416848994508,1
6,0.05,12,191,9,0.0051526485985284864,0.0027879880911694244,1
6,0.05,12,191,10,0.00043011564352113396,0.0001521980858765204,1
6,0.05,12,192,1,2.1455809530078405,4.7945869489871935,7
6,0.05,12,192,2,1.5484401540712227,3.6134743515761993,7
6,0.05,12,192,3,0.9866639228938219,2.4526578715850444,7
6,0.05,12,192,4,0.5215573921035102,1.248194819964949,4
6,0.05,12,192,5,0.4456939335529704,0.9726654994470056,4
6,0.05,12,192,6,0.08777112664954245,0.21721772633691572,4
6,0.05,12,192,7,0.035743301412392015,0.04296742425836797,4
6,0.05,12,192,8,0.014563837831399695,0.022327154279702555,2
6,0.05,12,192,9,0.004240527216389012,0.0025561135929077494,1
6,0.05,12,192,10,0.0011720639468357774,0.00035162206299688137,1
6,0.05,12,193,1,1.5599879944329267,3.613613871275593,2
6,0.05,12,193,2,0.9424054892862088,2.303503246926244,3
6,0.05,12,193,3,0.591076957036087,1.447488211474388,2
6,0.05,12,193,4,0.2151601223588031,0.4678762999149306,6
6,0.05,12,193,5,0.07170487661365854,0.1808031433351882,5
6,0.05,12,193,6,0.02746669433512494,0.036201578511770194,5
6,0.05,12,193,7,0.014662070665906413,0.01755251319644202,3
6,0.05,12,193,8,0.003922585245664578,0.0035013708344475702,2
6,0.05,12,193,9,0.0011064020429856214,0.0005429658518867342,2
6,0.05,12,193,10,0.000264450855560483,6.328785649500901e-05,1
6,0.05,12,194,1,2.1952210935511047,5.516601898789785,7
6,0.05,12,194,2,1.9731928101366236,4.953391907595387,6
6,0.05,12,194,3,1.5199680050929985,3.9499240921721874,6
6,0.05,12,194,4,0.8798827426306168,2.253901929092029,6
6,0.05,12,194,5,0.29390625685516625,0.5994363272347822,6
6,0.05,12,194,6,0.08107381326583862,0.12930435878923596,4
6,0.05,12,194,7,0.025231766613863726,0.02170337045935611,4
6,0.05,12,194,8,0.00668117566543458,0.007259247984222839,2
6,0.05,12,194,9,0.0018938137221518048,0.0009400254885232329,1
6,0.05,12,194,10,0.00040854948744595276,0.00010122351795338602,1
6,0.05,12,195,1,2.079071370646595,4.642449724343276,9
6,0.05,12,195,2,1.2995044753421752,2.6949726312636066,1
6,0.05,12,195,3,0.6995777902471936,1.6543821844550628,2
6,0.05,12,195,4,0.3496064771159837,0.5324987073047573,7
6,0.05,12,195,5,0.1396992571557476,0.330024541920789,2
6,0.05,12,195,6,0.0700303788672656,0.11874642599914509,3
6,0.05,12,195,7,0.02088976599772252,0.032247059758446994,3
6,0.05,12,195,8,0.010783330198300689,0.008810725192049063,3
6,0.05,12,195,9,0.003817878368241878,0.00328821268684365,2
6,0.05,12,195,10,0.001288989831696341,0.0004872577031864722,1
6,0.05,12,196,1,1.8096616680525273,4.2718473367988885,9
6,0.05,12,196,2,1.2691479559339598,3.170891094521643,8
6,0.05,12,196,3,0.7348630730458545,1.993564585224732,7
6,0.05,12,196,4,0.39304859757960386,1.1463325161713325,5
6,0.05,12,196,5,0.2517821501933426,0.46938335264640685,6
6,0.05,12,196,6,0.07864962155967348,0.15642020795132794,3
6,0.05,12,196,7,0.023202061573094568,0.015333561652873584,4
6,0.05,12,196,8,0.01046820892468503,0.0053108242055088795,3
6,0.05,12,196,9,0.0026811038114651353,0.0019062469913802005,1
6,0.05,12,196,10,0.00141201640608557,0.00044999071219287146,1
6,0.05,12,197,1,1.662818364555939,3.864655579403413,4
6,0.05,12,197,2,1.2949892843534911,3.45544061144348,6
6,0.05,12,197,3,0.8073082141033261,1.8456280514925538,8
6,0.05,12,197,4,0.4106961754827019,1.1710983913656694,4
6,0.05,12,197,5,0.1481526628903005,0.30175063876188624,5
6,0.05,12,197,6,0.06381574361597231,0.06008636473927531,5
6,0.05,12,197,7,0.019767853004605485,0.01873664337451686,4
6,0.05,12,197,8,0.005806061239596261,0.0020849051970301957,3
6,0.05,12,197,9,0.0020535613410359588,0.0006710049567626442,2
6,0.05,12,197,10,0.0006280092888424349,0.00014153968723995547,1
6,0.05,12,198,1,1.931754224233785,4.468434075230784,9
6,0.05,12,198,2,1.448396237740205,3.494899600281242,3
6,0.05,12,198,3,0.9348287318428028,2.2170615580226407,3
6,0.05,12,198,4,0.4433820501406629,1.131427253173218,3
6,0.05,12,198,5,0.14054275157565854,0.43213417800493303,5
6,0.05,12,198,6,0.06674138523041506,0.16718822863476035,3
6,0.05,12,198,7,0.03780470978523098,0.08501013956651882,3
6,0.05,12,198,8,0.012442590474901039,0.01094052536309853,3
6,0.05,12,198,9,0.0021267126597912522,0.0016597882435416267,1
6,0.05,12,198,10,0.0008773467148870395,0.00026994308293204483,1
6,0.05,12,199,1,1.5351417192824357,3.2136233392941858,6
6,0.05,12,199,2,1.1944630053328638,2.5373551999525557,7
6,0.05,12,199,3,0.5970426613228668,1.3180957751736582,6
6,0.05,12,199,4,0.17969140078666612,0.4247131596899614,5
6,0.05,12,199,5,0.08226111173096484,0.14139245103664067,5
6,0.05,12,199,6,0.023058371530183308,0.022350240173194535,1
6,0.05,12,199,7,0.0019104955853279648,0.002866173443111464,2
6,0.05,12,199,8,0.0008304054076475609,0.0006207201613186442,1
6,0.05,12,199,9,8.555142211008615e-05,4.9461480214674225e-05,1
6,0.05,12,199,10,7.0903220006357515e-06,2.4873480253262414e-06,1
