depth,p,n,real,b,ivn_max,ir2_max,a_at_max
8,0.05,12,0,1,1.4787019657344906,4.65055513976503,6
8,0.05,12,0,2,1.068449435907585,3.4333642112670812,5
8,0.05,12,0,3,0.8440875251805053,2.6935267621819765,3
8,0.05,12,0,4,0.6167085324572135,2.0331343950840726,2
8,0.05,12,0,5,0.3051741497878737,1.0292931975578234,2
8,0.05,12,0,6,0.10652076412266709,0.4405379746698017,1
8,0.05,12,0,7,0.05168811589549094,0.16051294334396182,1
8,0.05,12,0,8,0.01316880106701035,0.04833357213136047,3
8,0.05,12,0,9,0.009062941432329552,0.02893601196757878,2
8,0.05,12,0,10,0.004618672821433023,0.01272331791128245,1
8,0.05,12,1,1,1.4579380623403644,5.43387579087001,4
8,0.05,12,1,2,1.1604566654062154,4.349433771752265,3
8,0.05,12,1,3,0.8169784306711811,3.514239931134517,5
8,0.05,12,1,4,0.6043126621004866,2.6518768356369744,4
8,0.05,12,1,5,0.3796107471105792,1.7620639036895263,4
8,0.05,12,1,6,0.1646565910380069,0.789022656969264,4
8,0.05,12,1,7,0.07522653677086666,0.4208477168648592,2
8,0.05,12,1,8,0.03343826460792343,0.14440494678395055,2
8,0.05,12,1,9,0.008167136051259405,0.02663626628057436,1
8,0.05,12,1,10,0.0009139861917084602,0.002733478548650581,1
8,0.05,12,2,1,1.3334460995075794,5.709380341482124,6
8,0.05,12,2,2,1.1134051022762321,4.477787414939062,2
8,0.05,12,2,3,0.8069474505088259,3.606324103602816,6
8,0.05,12,2,4,0.5666968886485826,2.8130398996297643,2
8,0.05,12,2,5,0.4615212466602152,2.3931981635359776,2
8,0.05,12,2,6,0.23063707327195715,1.3655198380424594,2
8,0.05,12,2,7,0.13587717235120422,0.7734509684134725,2
8,0.05,12,2,8,0.039284083041842166,0.2639323987844797,2
8,0.05,12,2,9,0.02355856557685243,0.09783296202700242,2
8,0.05,12,2,10,0.0051033213344560124,0.012785581864736884,1
8,0.05,12,3,1,1.5182783037396845,4.977001550136004,7
8,0.05,12,3,2,1.167452579705774,3.8874673447798234,3
8,0.05,12,3,3,0.8455751617413938,2.923035502469782,2
8,0.05,12,3,4,0.5290976408157633,2.0644614408400788,3
8,0.05,12,3,5,0.38251993539025975,1.5817505897677187,3
8,0.05,12,3,6,0.23015362874848222,0.9679586811591179,2
8,0.05,12,3,7,0.11332823194958408,0.3444505842473671,1
8,0.05,12,3,8,0.023456342088842064,0.08064037734633445,1
8,0.05,12,3,9,0.004807231771252418,0.012494392334451376,1
8,0.05,12,3,10,0.0017043633460538388,0.004626353969550578,1
8,0.05,12,4,1,1.3652173399675043,4.430741367818495,4
8,0.05,12,4,2,1.0779005539862645,3.557152874499888,3
8,0.05,12,4,3,0.6235182189083623,2.347163536633321,8
8,0.05,12,4,4,0.41400068127294176,1.779854402290912,4
8,0.05,12,4,5,0.23785305723605177,1.168616864236455,4
8,0.05,12,4,6,0.08112157946928633,0.5979079372601603,3
8,0.05,12,4,7,0.03735308189614983,0.20521545013229137,4
8,0.05,12,4,8,0.022988735713884267,0.11393857071105629,3
8,0.05,12,4,9,0.0030403729863088813,0.012757698554665353,2
8,0.05,12,4,10,0.0023560712893484492,0.007945730326840206,1
8,0.05,12,5,1,1.608851219462597,5.40109036794882,3
8,0.05,12,5,2,1.1558612724507213,4.228991942179958,3
8,0.05,12,5,3,0.9621195755683445,3.5848390994476365,3
8,0.05,12,5,4,0.7172856077528564,2.975992642388116,3
8,0.05,12,5,5,0.5345514280233026,2.1943526173088674,3
8,0.05,12,5,6,0.2017407520195107,1.0927065117547983,2
8,0.05,12,5,7,0.11156593035320128,0.48499039266444477,2
8,0.05,12,5,8,0.026804763817402488,0.09195878811901714,1
8,0.05,12,5,9,0.00575856049582768,0.02140841482609268,1
8,0.05,12,5,10,0.00124401924643891,0.003469746980501398,1
8,0.05,12,6,1,1.2320105533936179,4.324691165452876,2
8,0.05,12,6,2,0.9889961164178374,4.19543660628559,3
8,0.05,12,6,3,0.7373836972684309,3.231548573481817,3
8,0.05,12,6,4,0.47921740818802405,2.133967179155526,2
8,0.05,12,6,5,0.276945845846182,1.4181131590967606,3
8,0.05,12,6,6,0.12805788361592363,0.6299792759806824,2
8,0.05,12,6,7,0.04491100655192781,0.2786444132477186,4
8,0.05,12,6,8,0.03168587107473897,0.17076111814067652,3
8,0.05,12,6,9,0.013693192298699586,0.05898621491338041,2
8,0.05,12,6,10,0.004473311856813211,0.018032532785369426,1
8,0.05,12,7,1,1.7440505141015876,6.293648268937115,3
8,0.05,12,7,2,1.3077160425688987,4.644417196377621,2
8,0.05,12,7,3,1.0718547000705705,4.60912145848123,4
8,0.05,12,7,4,0.8812785225103994,3.9334743039783824,3
8,0.05,12,7,5,0.5424905420150026,2.4810595104158075,3
8,0.05,12,7,6,0.3304090041722674,1.3346010579576468,1
8,0.05,12,7,7,0.09409683099816135,0.36961579808454914,1
8,0.05,12,7,8,0.0492570624042763,0.14915861343942183,1
8,0.05,12,7,9,0.010070031681948421,0.041204552370338376,2
8,0.05,12,7,10,0.0059035656877597376,0.012811609842367844,1
8,0.05,12,8,1,1.4202088353963411,4.9874357269248595,5
8,0.05,12,8,2,1.1447114113313113,4.15159578244703,6
8,0.05,12,8,3,0.895898160514637,3.3493222665024636,5
8,0.05,12,8,4,0.5598790922546968,2.281643406930918,5
8,0.05,12,8,5,0.26171194983951196,1.1067912405926368,4
8,0.05,12,8,6,0.1413828121491001,0.5640225897830238,5
8,0.05,12,8,7,0.03870356805544972,0.2088446209520356,2
8,0.05,12,8,8,0.013035066338698442,0.06850195065957898,3
8,0.05,12,8,9,0.004977790936319337,0.019298088153417936,2
8,0.05,12,8,10,0.0010842452638861744,0.004493821502078887,1
8,0.05,12,9,1,1.4647924252744282,4.644875723321912,6
8,0.05,12,9,2,1.0486298230605655,3.6691034471863535,6
8,0.05,12,9,3,0.7783723511294731,2.743590642937713,6
8,0.05,12,9,4,0.46311885104028505,1.6765866487443706,5
8,0.05,12,9,5,0.19772397332154412,0.9101559968837467,3
8,0.05,12,9,6,0.0777381242515105,0.31456280133511605,5
8,0.05,12,9,7,0.02119352835617505,0.1723434922815894,3
8,0.05,12,9,8,0.0130464673341244,0.07991738444066421,3
8,0.05,12,9,9,0.0017254349363078347,0.012300684346636004,2
8,0.05,12,9,10,0.001041747895232703,0.006126603748809245,1
8,0.05,12,10,1,1.3464675487876292,4.849268027455889,8
8,0.05,12,10,2,1.1003712651456112,4.1518658327628835,7
8,0.05,12,10,3,0.8086967194138346,3.1308086965816955,6
8,0.05,12,10,4,0.4778879838641288,2.071010953993273,5
8,0.05,12,10,5,0.22737819210000865,0.8923401497425072,1
8,0.05,12,10,6,0.08449181842528475,0.5782229476892962,3
8,0.05,12,10,7,0.04475550553609864,0.32948680329085533,2
8,0.05,12,10,8,0.019522506872018397,0.09327635377690235,1
8,0.05,12,10,9,0.005245808889757342,0.0205432911770842,2
8,0.05,12,10,10,0.0021634027343466755,0.005246789038125144,1
8,0.05,12,11,1,1.3017993045223832,4.9847794171497615,4
8,0.05,12,11,2,1.0393538469995605,4.16950759044874,4
8,0.05,12,11,3,0.7165082166937289,3.0321468400693607,2
8,0.05,12,11,4,0.4598343927091726,2.228357066051002,2
8,0.05,12,11,5,0.21842038167520172,1.0235952472240601,1
8,0.05,12,11,6,0.10411427905059512,0.5953590668813042,4
8,0.05,12,11,7,0.04006389618902517,0.2503884423544367,2
8,0.05,12,11,8,0.024838300880745123,0.12906210290389453,2
8,0.05,12,11,9,0.007893301079359816,0.03154820195449304,1
8,0.05,12,11,10,0.0024770593129304075,0.00739753119619202,1
8,0.05,12,12,1,1.4101349618942187,5.547708240583717,6
8,0.05,12,12,2,1.224482755912021,4.962184151188726,5
8,0.05,12,12,3,0.9831289674736929,3.8546088419745743,4
8,0.05,12,12,4,0.7689572706979426,3.167571454450364,6
8,0.05,12,12,5,0.5839388751226124,2.583314243819032,5
8,0.05,12,12,6,0.4127993997220152,1.6423025159497424,4
8,0.05,12,12,7,0.18686511313699228,0.512724376709091,3
8,0.05,12,12,8,0.05505999569746223,0.18183263394607962,2
8,0.05,12,12,9,0.019077853066526984,0.039651699472511126,2
8,0.05,12,12,10,0.004526758076327297,0.010450489262780138,1
8,0.05,12,13,1,1.4869227831497511,5.694157445569774,8
8,0.05,12,13,2,1.2541049850886026,4.765749490711366,8
8,0.05,12,13,3,0.9151642590473799,4.038511912681985,6
8,0.05,12,13,4,0.6910837474255302,3.1274386644871957,6
8,0.05,12,13,5,0.4731796991039303,2.3903910207341372,3
8,0.05,12,13,6,0.2884621898145667,1.5308563762302025,2
8,0.05,12,13,7,0.16984788634225012,0.5891099255076888,4
8,0.05,12,13,8,0.07530563784867894,0.4157563927250454,2
8,0.05,12,13,9,0.03240064743820881,0.11700922222597576,2
8,0.05,12,13,10,0.006309087548522996,0.016747610028247095,1
8,0.05,12,14,1,1.280594769747978,5.074499077320214,8
8,0.05,12,14,2,1.0858842819412367,4.278096384867405,8
8,0.05,12,14,3,0.772004343654757,2.731558392568596,8
8,0.05,12,14,4,0.4808604963284928,2.5544855784989604,4
8,0.05,12,14,5,0.30599894034280695,1.8662018360922747,4
8,0.05,12,14,6,0.1791164725737211,1.2087125754006998,4
8,0.05,12,14,7,0.12187040089927947,0.47185538680741246,4
8,0.05,12,14,8,0.07536278963084087,0.23025408432666694,3
8,0.05,12,14,9,0.029295491053229483,0.08867449710160535,2
8,0.05,12,14,10,0.015336533858754109,0.025618399801393466,1
8,0.05,12,15,1,1.3258726377324805,5.470303735742677,5
8,0.05,12,15,2,1.022428754066567,4.326753057565471,5
8,0.05,12,15,3,0.7923874629368157,3.4575564668775076,2
8,0.05,12,15,4,0.55794321700062,2.5986518079702474,2
8,0.05,12,15,5,0.3060080769579301,1.667462863584504,5
8,0.05,12,15,6,0.11528491637310623,0.6671319518412329,3
8,0.05,12,15,7,0.09095359042527917,0.4310782851533066,2
8,0.05,12,15,8,0.035868325361530395,0.22205829407611333,2
8,0.05,12,15,9,0.01373954342038175,0.05604856791433299,1
8,0.05,12,15,10,0.003926940510872612,0.010798953678806456,1
8,0.05,12,16,1,1.2438126330610544,4.265969352854528,2
8,0.05,12,16,2,0.9200477984580466,4.0051478653715815,6
8,0.05,12,16,3,0.6486933000062898,3.068737859773483,5
8,0.05,12,16,4,0.44570171552806315,2.12364167751325,2
8,0.05,12,16,5,0.21604020029694126,1.3671020066403745,3
8,0.05,12,16,6,0.1241516739123334,0.7485345748301668,3
8,0.05,12,16,7,0.05751301759962146,0.270259907740785,4
8,0.05,12,16,8,0.024514359602182623,0.13013051938307107,3
8,0.05,12,16,9,0.014556268739376321,0.05741115504618044,2
8,0.05,12,16,10,0.0022955283664387593,0.009032259145220323,1
8,0.05,12,17,1,1.080795388034172,4.220468662078428,3
8,0.05,12,17,2,0.8515182018854048,3.4650468609783935,2
8,0.05,12,17,3,0.5846951271904288,2.7415328802215875,5
8,0.05,12,17,4,0.37687364813050905,1.946513244700565,4
8,0.05,12,17,5,0.1959084374021316,1.1379287735849033,3
8,0.05,12,17,6,0.1193567504813231,0.7171571128051291,2
8,0.05,12,17,7,0.04483376941950823,0.20354138506035468,1
8,0.05,12,17,8,0.020462017326895676,0.08385748659265779,3
8,0.05,12,17,9,0.010698508249959104,0.04242798862263264,2
8,0.05,12,17,10,0.003983104611922528,0.010220898812159263,1
8,0.05,12,18,1,1.0522342243334286,3.9053546597792987,9
8,0.05,12,18,2,0.728196649382479,2.9962548878367876,5
8,0.05,12,18,3,0.541459287899503,2.5045354373282454,6
8,0.05,12,18,4,0.3860460235709482,1.9827252918922849,6
8,0.05,12,18,5,0.2312954856026188,1.2082935267842174,5
8,0.05,12,18,6,0.07108785918174831,0.22387348682306651,5
8,0.05,12,18,7,0.012839497476090145,0.030568691591266628,4
8,0.05,12,18,8,0.003899784058585709,0.023730671327163222,2
8,0.05,12,18,9,0.002047588886409102,0.011324363516800773,1
8,0.05,12,18,10,0.0005361100178866707,0.0013301041505435762,1
8,0.05,12,19,1,1.3330205530139168,4.741901931513615,9
8,0.05,12,19,2,0.9080996008852544,3.7780816519472378,2
8,0.05,12,19,3,0.8092213058152673,3.588295540262804,6
8,0.05,12,19,4,0.6443782395292565,2.8975361742381534,6
8,0.05,12,19,5,0.3216871133842325,1.6829897923745492,4
8,0.05,12,19,6,0.1836053046978563,1.0607792704270125,4
8,0.05,12,19,7,0.11028556257715394,0.6625985898366888,2
8,0.05,12,19,8,0.06669363606558676,0.3698150715438153,2
8,0.05,12,19,9,0.028938903396774407,0.10331853605970132,2
8,0.05,12,19,10,0.008233533034918139,0.02132856143695072,1
8,0.05,12,20,1,1.4154885611252688,4.515221103198021,8
8,0.05,12,20,2,1.0946791550345445,3.3842544052639543,8
8,0.05,12,20,3,0.7241691655756775,2.563155269884968,7
8,0.05,12,20,4,0.44751289666026395,1.951938921645434,5
8,0.05,12,20,5,0.22316856716621558,1.0718506972849244,4
8,0.05,12,20,6,0.08647893692054964,0.4300489398822993,4
8,0.05,12,20,7,0.03254272904206701,0.12063465447499944,4
8,0.05,12,20,8,0.015830318639451946,0.07980694045910042,1
8,0.05,12,20,9,0.007756913119568054,0.027942703949735304,1
8,0.05,12,20,10,0.0025079997081185468,0.00559899828544097,1
8,0.05,12,21,1,1.4964420454588705,5.633718453645972,6
8,0.05,12,21,2,1.292044665255201,4.939946558865255,5
8,0.05,12,21,3,0.8939974728864506,3.375860966428018,2
8,0.05,12,21,4,0.6060268782488478,2.5257311183568305,5
8,0.05,12,21,5,0.5520818697424126,2.3374300798364676,2
8,0.05,12,21,6,0.2665040127543179,1.2220208429046693,2
8,0.05,12,21,7,0.1476893671508286,0.6212577648921034,2
8,0.05,12,21,8,0.07172019620999492,0.2534323141593475,2
8,0.05,12,21,9,0.02742708211700773,0.0601009891985953,1
8,0.05,12,21,10,0.007735078121413608,0.015150936555393457,1
8,0.05,12,22,1,1.395986158266684,5.163987090503904,3
8,0.05,12,22,2,1.0175873318026945,4.221694072649084,3
8,0.05,12,22,3,0.7566991936786529,3.279718526926322,3
8,0.05,12,22,4,0.4589091964860863,1.9984406991717005,3
8,0.05,12,22,5,0.23665478899725656,0.9417025432521164,1
8,0.05,12,22,6,0.12202419860555835,0.3613923886842372,1
8,0.05,12,22,7,0.05930726093009042,0.1267953832384805,1
8,0.05,12,22,8,0.009331974378056884,0.0331669810812496,1
8,0.05,12,22,9,0.0018320006854892767,0.011718183602246413,2
8,0.05,12,22,10,0.0012929272298336514,0.004555049613907514,1
8,0.05,12,23,1,1.16103756331772,4.654385178446624,7
8,0.05,12,23,2,1.001288588093228,4.1575234702459305,6
8,0.05,12,23,3,0.72372620958377,3.121606614503733,2
8,0.05,12,23,4,0.5171888398366917,2.039159762683976,1
8,0.05,12,23,5,0.3209585415186744,1.3013630914849585,1
8,0.05,12,23,6,0.12114017473482619,0.5692245647318668,1
8,0.05,12,23,7,0.07417376093059858,0.3552352097907736,1
8,0.05,12,23,8,0.03405624838016408,0.10696582498675156,1
8,0.05,12,23,9,0.02497306781206987,0.06200988331012702,1
8,0.05,12,23,10,0.004497483698234106,0.009812162112536882,1
8,0.05,12,24,1,1.4271377743668054,5.182339142840245,4
8,0.05,12,24,2,1.0776960041559462,4.0253371096481025,3
8,0.05,12,24,3,0.7278046124859081,2.8755761401560385,3
8,0.05,12,24,4,0.4769700397239305,2.074199232421659,4
8,0.05,12,24,5,0.28955477807552654,1.4497839604629679,5
8,0.05,12,24,6,0.20718076031834087,0.8045041789335006,5
8,0.05,12,24,7,0.12260488227470034,0.43779898966837827,4
8,0.05,12,24,8,0.03156034630934457,0.13541379389281083,3
8,0.05,12,24,9,0.010083867348615883,0.03995113925436833,2
8,0.05,12,24,10,0.005707868067805322,0.014671827325365427,1
8,0.05,12,25,1,1.3078609316888183,4.975891435248121,8
8,0.05,12,25,2,1.0832655895430925,4.305350465011868,8
8,0.05,12,25,3,0.6665821389282094,3.1126735105333747,7
8,0.05,12,25,4,0.3732793751665042,1.6572526373602994,7
8,0.05,12,25,5,0.2373407883937091,1.3876145105112432,3
8,0.05,12,25,6,0.13019387682552264,0.904970689007575,3
8,0.05,12,25,7,0.09937621089532911,0.6532337817628822,3
8,0.05,12,25,8,0.040776025981113406,0.2006681811932438,3
8,0.05,12,25,9,0.01574052102703405,0.06361738093089109,2
8,0.05,12,25,10,0.005022846803118597,0.017074538779406012,1
8,0.05,12,26,1,1.554783646052826,6.104763627323035,5
8,0.05,12,26,2,1.3047496342234837,5.245102976197558,5
8,0.05,12,26,3,1.0105015180321786,4.2093903249124445,5
8,0.05,12,26,4,0.7452342127045242,3.2685353563666624,3
8,0.05,12,26,5,0.4736291656922269,2.087438511865521,2
8,0.05,12,26,6,0.27196889862524287,1.259405098720352,2
8,0.05,12,26,7,0.12404142215404335,0.42727472622058116,1
8,0.05,12,26,8,0.05579636686413281,0.26896571914417144,2
8,0.05,12,26,9,0.02153319746989979,0.06564969736951198,2
8,0.05,12,26,10,0.008126083834767428,0.01506346871279085,1
8,0.05,12,27,1,1.2045085539446596,4.708397296581321,8
8,0.05,12,27,2,0.9979194729982197,4.252455195040962,6
8,0.05,12,27,3,0.7797456693514206,3.4248775905051296,6
8,0.05,12,27,4,0.4144423793250027,1.9773528771348516,5
8,0.05,12,27,5,0.1832926939247237,1.2914698567093215,3
8,0.05,12,27,6,0.13901116351300757,0.9441216505139955,2
8,0.05,12,27,7,0.09099597723944086,0.5607310889167287,2
8,0.05,12,27,8,0.030496459969107548,0.11142012731319895,2
8,0.05,12,27,9,0.006787780392070175,0.019545901137680843,1
8,0.05,12,27,10,0.0010685133144399117,0.0027301770114362967,1
8,0.05,12,28,1,1.5465740711565061,5.408329200745701,8
8,0.05,12,28,2,1.1931556556927276,4.399337413522346,7
8,0.05,12,28,3,0.8021893634066295,3.4128347616386883,6
8,0.05,12,28,4,0.6487298993470212,2.6727440235910223,5
8,0.05,12,28,5,0.45414442342346817,1.9415674279992636,5
8,0.05,12,28,6,0.22080620347165691,1.1644525301508253,2
8,0.05,12,28,7,0.13455718741592548,0.7176764534656996,2
8,0.05,12,28,8,0.05679546981937378,0.1786984791859787,1
8,0.05,12,28,9,0.019699837745715598,0.0737988444750215,1
8,0.05,12,28,10,0.0076886170768197815,0.01517469848381836,1
8,0.05,12,29,1,1.237718035549637,5.188046233971722,4
8,0.05,12,29,2,0.9742497492135698,4.187983618743569,7
8,0.05,12,29,3,0.7568823150634216,3.6364709534052757,5
8,0.05,12,29,4,0.5570365474049233,2.6885433218115047,5
8,0.05,12,29,5,0.35158294909195575,1.9131822134919751,4
8,0.05,12,29,6,0.2137545849043967,1.2805124741316813,2
8,0.05,12,29,7,0.08768901360500436,0.5698671694278747,2
8,0.05,12,29,8,0.02999183854964116,0.1546013384674687,1
8,0.05,12,29,9,0.016794086872469194,0.059796545678041824,2
8,0.05,12,29,10,0.0071519433946996,0.015261140633871406,1
8,0.05,12,30,1,1.4101645513152619,5.064959183742392,3
8,0.05,12,30,2,1.1917473850026106,4.308804101073768,2
8,0.05,12,30,3,0.8413740008419666,3.250367345187975,2
8,0.05,12,30,4,0.5035694719814359,1.8807143866516842,1
8,0.05,12,30,5,0.19563333706640407,0.7385665149620699,1
8,0.05,12,30,6,0.17905277613709814,0.9598154552800704,3
8,0.05,12,30,7,0.06167285212737994,0.4532149700087391,2
8,0.05,12,30,8,0.03820544163396633,0.166096679828577,1
8,0.05,12,30,9,0.006415525008854672,0.04623466358010475,1
8,0.05,12,30,10,0.0032625527311509472,0.01374199586035374,1
8,0.05,12,31,1,1.4506254218482724,4.606877087747762,9
8,0.05,12,31,2,1.1371219733849784,3.869902843908527,8
8,0.05,12,31,3,0.8226996558121797,3.031416374244529,7
8,0.05,12,31,4,0.5238811353019095,1.9548867342337228,6
8,0.05,12,31,5,0.18890790772771737,0.689932146601203,6
8,0.05,12,31,6,0.06703290991649169,0.4357523662848912,2
8,0.05,12,31,7,0.028913468837792777,0.2437385504287235,3
8,0.05,12,31,8,0.01850714875773818,0.14187488374109058,2
8,0.05,12,31,9,0.007644553726528613,0.03313484561006774,2
8,0.05,12,31,10,0.0016904257815539836,0.005026177233460771,1
8,0.05,12,32,1,1.407120686242287,5.262477895968486,8
8,0.05,12,32,2,1.1477876218103162,4.5856470083105325,7
8,0.05,12,32,3,0.8823604663144771,3.5945264702529887,6
8,0.05,12,32,4,0.6800587327576011,2.843431753356173,5
8,0.05,12,32,5,0.3082422669642604,1.4757942945988543,5
8,0.05,12,32,6,0.21274688613843296,1.1900825559831691,3
8,0.05,12,32,7,0.1371794587566164,0.6422124303613046,2
8,0.05,12,32,8,0.029845452964440966,0.1504306330290497,3
8,0.05,12,32,9,0.016313376685971548,0.06341060188577963,2
8,0.05,12,32,10,0.0032654615276577204,0.010437555598894477,1
8,0.05,12,33,1,1.3421613472115617,5.011790604618371,6
8,0.05,12,33,2,1.1598343989568498,4.285639792694953,6
8,0.05,12,33,3,0.7303897895659013,2.9286202684464175,7
8,0.05,12,33,4,0.5694763435047925,2.2927708934509905,6
8,0.05,12,33,5,0.26001519028164566,1.4774360777505269,3
8,0.05,12,33,6,0.11686155847712243,0.719795328046807,2
8,0.05,12,33,7,0.060134643526961185,0.3651145429868574,3
8,0.05,12,33,8,0.026344282608185665,0.140035210842143,2
8,0.05,12,33,9,0.013304652648603366,0.04273080219878622,1
8,0.05,12,33,10,0.004526829457550008,0.010507703067693441,1
8,0.05,12,34,1,1.4790296559765999,4.585524926992054,2
8,0.05,12,34,2,0.9753229344916043,2.8144465735236253,1
8,0.05,12,34,3,0.5899219823684021,2.3659698890704277,2
8,0.05,12,34,4,0.3137188884938453,1.165021825973966,7
8,0.05,12,34,5,0.2152167089361967,0.9799837018551969,2
8,0.05,12,34,6,0.06347866318881756,0.22659163895742296,1
8,0.05,12,34,7,0.033744496338073304,0.20754419647292544,3
8,0.05,12,34,8,0.025032732086071263,0.09869578442582494,3
8,0.05,12,34,9,0.016461752166367916,0.05328184464107366,2
8,0.05,12,34,10,0.005682268867335694,0.01038230716961408,1
8,0.05,12,35,1,1.3764630540631693,4.435444858804653,4
8,0.05,12,35,2,1.1402808219392675,3.8827220280520134,3
8,0.05,12,35,3,0.8764812806321558,3.0760592266130065,2
8,0.05,12,35,4,0.5417722971482171,1.827074093570447,1
8,0.05,12,35,5,0.2651020733741589,1.0999167910624923,3
8,0.05,12,35,6,0.11033152614285768,0.4971574186723249,5
8,0.05,12,35,7,0.04559070438379109,0.18015589792161535,1
8,0.05,12,35,8,0.0107310892419612,0.07600435971101227,3
8,0.05,12,35,9,0.003857629423404063,0.023169345181917933,1
8,0.05,12,35,10,0.0019154113769594971,0.008374303011807527,1
8,0.05,12,36,1,1.5519803304741053,4.660077265456955,9
8,0.05,12,36,2,1.1685147583671558,3.779337343184494,8
8,0.05,12,36,3,0.8033436367402977,3.057507344973004,6
8,0.05,12,36,4,0.6288678342535299,2.3205851754601383,6
8,0.05,12,36,5,0.3211222408111887,1.5911134242653056,2
8,0.05,12,36,6,0.15505389933362324,0.7851388372477057,2
8,0.05,12,36,7,0.07752020791154379,0.44060380423618106,2
8,0.05,12,36,8,0.0476675835718261,0.2273401258731571,2
8,0.05,12,36,9,0.014470913206555025,0.046853917747963436,1
8,0.05,12,36,10,0.0038749747566768633,0.008322862067110748,1
8,0.05,12,37,1,1.3488817501935486,4.654646066116163,9
8,0.05,12,37,2,1.100072023107078,4.083503828678959,8
8,0.05,12,37,3,0.7780945003048174,3.025797514109131,7
8,0.05,12,37,4,0.4859098145249767,1.9378824913730615,6
8,0.05,12,37,5,0.2174090417985859,0.7142779235821237,6
8,0.05,12,37,6,0.031603737538247856,0.2650518347994435,4
8,0.05,12,37,7,0.021772154362295737,0.19523464796017187,3
8,0.05,12,37,8,0.009901169872204463,0.07179651661212283,2
8,0.05,12,37,9,0.006671949507538244,0.03072029813209909,1
8,0.05,12,37,10,0.0023953331039194836,0.005604630581132142,1
8,0.05,12,38,1,1.4586258544689592,5.087530902630371,8
8,0.05,12,38,2,1.2450475408470112,4.5048853884482565,7
8,0.05,12,38,3,0.8802700853852485,3.5121281715086337,6
8,0.05,12,38,4,0.6310055114121269,2.544738505972548,5
8,0.05,12,38,5,0.3594474053524195,1.3682193957380804,6
8,0.05,12,38,6,0.20308796059246248,0.9822259207792712,3
8,0.05,12,38,7,0.08917008313124342,0.4514677243754672,2
8,0.05,12,38,8,0.05110384496291687,0.20087192047129854,1
8,0.05,12,38,9,0.009399262941233388,0.037110381889412736,2
8,0.05,12,38,10,0.005981986366737857,0.0159337393943364,1
8,0.05,12,39,1,1.2756749815886508,4.672959456449535,5
8,0.05,12,39,2,1.015570298673289,3.6975674559132248,8
8,0.05,12,39,3,0.6731328386490603,2.716035383769791,4
8,0.05,12,39,4,0.4310470208731516,1.6372465928074558,7
8,0.05,12,39,5,0.1969414783606247,0.8015436023261309,6
8,0.05,12,39,6,0.07496957946197824,0.37434847997696785,5
8,0.05,12,39,7,0.03680673635800602,0.19650893199410113,4
8,0.05,12,39,8,0.009412720650260553,0.04884820897752995,3
8,0.05,12,39,9,0.004713088809527477,0.022069598619909314,2
8,0.05,12,39,10,0.001221252683876628,0.003819991946595991,1
8,0.05,12,40,1,1.294006303872795,4.957972024149836,3
8,0.05,12,40,2,1.0993433027229678,4.292834235394931,2
8,0.05,12,40,3,0.7585988547113338,3.2414259067165467,2
8,0.05,12,40,4,0.5331592483743712,2.51506090620515,2
8,0.05,12,40,5,0.2203763222882138,1.231855196067782,2
8,0.05,12,40,6,0.07359334675501827,0.3340619148041899,1
8,0.05,12,40,7,0.04823079330479274,0.21921934018556932,4
8,0.05,12,40,8,0.014083271806466513,0.09765846934858402,3
8,0.05,12,40,9,0.009726383801041294,0.05552581113446209,2
8,0.05,12,40,10,0.0029220506760374576,0.010083680780937243,1
8,0.05,12,41,1,1.1906542051435132,4.925556313322138,3
8,0.05,12,41,2,0.9772966063301816,4.250389517766594,3
8,0.05,12,41,3,0.6512368312543515,3.136830162914089,3
8,0.05,12,41,4,0.5925126802997767,2.9154355478990777,3
8,0.05,12,41,5,0.31181616053151373,1.7909456855452799,3
8,0.05,12,41,6,0.19161197980680456,1.036178174285297,3
8,0.05,12,41,7,0.09455567262786602,0.3437193662521647,3
8,0.05,12,41,8,0.04110380426040905,0.11433288660432162,2
8,0.05,12,41,9,0.008446835564534183,0.01984000792250562,1
8,0.05,12,41,10,0.0012830648002584155,0.0036006974213567133,1
8,0.05,12,42,1,1.1989723898130293,3.995152531443587,9
8,0.05,12,42,2,0.9862913310931489,3.618848173887738,7
8,0.05,12,42,3,0.7499880573860409,2.822009445297727,7
8,0.05,12,42,4,0.3980663141289398,1.5642743109404442,6
8,0.05,12,42,5,0.12209700554312164,0.3235536018948313,6
8,0.05,12,42,6,0.031226524701203573,0.19132632040715336,4
8,0.05,12,42,7,0.01920189029283037,0.1140768775726535,3
8,0.05,12,42,8,0.005642841820964861,0.014503050557973296,3
8,0.05,12,42,9,0.0013516090273881787,0.010686596901409828,1
8,0.05,12,42,10,0.00039886098233665734,0.0013242175892713703,1
8,0.05,12,43,1,1.2444045808172106,4.519038585906507,8
8,0.05,12,43,2,0.9607105061552232,3.670690349661207,8
8,0.05,12,43,3,0.7179303546545128,2.8431091017692083,5
8,0.05,12,43,4,0.5167665380818605,1.954505427330286,4
8,0.05,12,43,5,0.2898189280689891,1.4677541526056181,5
8,0.05,12,43,6,0.13816017359187427,0.7057387124545311,4
8,0.05,12,43,7,0.0558995467450174,0.20427129136422195,4
8,0.05,12,43,8,0.012309874027586432,0.07328486105846643,1
8,0.05,12,43,9,0.006012589757197873,0.03577576496522816,1
8,0.05,12,43,10,0.0023296455738872623,0.008634146118716046,1
8,0.05,12,44,1,1.4640398045838587,5.175747232865831,8
8,0.05,12,44,2,1.2136165449431786,4.374062091975908,8
8,0.05,12,44,3,0.8440081776323218,2.6866616679735955,8
8,0.05,12,44,4,0.6036365483943094,2.6244979164602036,5
8,0.05,12,44,5,0.3585040259522927,1.8350068264980255,5
8,0.05,12,44,6,0.15889959059551373,0.64832143658262,5
8,0.05,12,44,7,0.057671580199588846,0.16054728786466654,4
8,0.05,12,44,8,0.020426091422727666,0.15815026487600292,2
8,0.05,12,44,9,0.009187635954869933,0.034252171560265054,2
8,0.05,12,44,10,0.003924230622885716,0.009634637733698881,1
8,0.05,12,45,1,1.391620982536832,4.932815824355755,2
8,0.05,12,45,2,1.1345492353638598,4.416062434735567,2
8,0.05,12,45,3,0.8628235971817304,3.5910299001276353,2
8,0.05,12,45,4,0.5581411225447965,2.3829399376367864,2
8,0.05,12,45,5,0.3424516549757115,1.1162452651561328,1
8,0.05,12,45,6,0.16859351743021733,0.4650638025864424,1
8,0.05,12,45,7,0.055949937245451054,0.17211330633644017,1
8,0.05,12,45,8,0.024291588771951922,0.1782753211261845,2
8,0.05,12,45,9,0.015667091460418447,0.05147795515968312,1
8,0.05,12,45,10,0.00979557193422309,0.017109888914037086,1
8,0.05,12,46,1,1.3545854001965374,5.553964182693452,6
8,0.05,12,46,2,1.1110654109063454,4.307723038735677,8
8,0.05,12,46,3,0.8691711323745004,3.7320009806247505,5
8,0.05,12,46,4,0.5978845954645315,2.612144564394928,4
8,0.05,12,46,5,0.35861031157245193,1.882535567950816,5
8,0.05,12,46,6,0.17513344557028532,0.9686179133050707,4
8,0.05,12,46,7,0.05746004372463531,0.2751817475849414,1
8,0.05,12,46,8,0.03571620404670739,0.18343960070143872,2
8,0.05,12,46,9,0.01851480683064821,0.06008341825144292,1
8,0.05,12,46,10,0.007000025803669985,0.012592405255421824,1
8,0.05,12,47,1,1.5657871642794738,5.5485386675130215,6
8,0.05,12,47,2,1.4131406972035059,4.998697060891544,5
8,0.05,12,47,3,0.8400836917938435,3.3079463155892412,4
8,0.05,12,47,4,0.6743207766476154,2.6376266423402157,3
8,0.05,12,47,5,0.3888333813226801,1.7419745705430394,2
8,0.05,12,47,6,0.18792914312252051,0.6577301489335525,1
8,0.05,12,47,7,0.07239814237088282,0.4094817376232349,3
8,0.05,12,47,8,0.03345857073072622,0.10968139987807035,1
8,0.05,12,47,9,0.012758122262557237,0.05045042530130672,1
8,0.05,12,47,10,0.0055463322689348615,0.00907566775098445,1
8,0.05,12,48,1,1.3717366980329189,4.695931763606193,3
8,0.05,12,48,2,1.0688115743425328,3.878330432615904,3
8,0.05,12,48,3,0.7489800345653634,2.8192427776585127,2
8,0.05,12,48,4,0.4205770542479286,1.4380484029416216,1
8,0.05,12,48,5,0.17833807815969038,0.6160523348584483,1
8,0.05,12,48,6,0.06556661092493243,0.36006547926685606,2
8,0.05,12,48,7,0.032978401892879816,0.15609726554674808,2
8,0.05,12,48,8,0.015196883909961656,0.040391065312238794,1
8,0.05,12,48,9,0.004605121560583569,0.009756831153557854,1
8,0.05,12,48,10,0.0018567662145017039,0.0038415674528042842,1
8,0.05,12,49,1,1.6435368439786266,5.828613362638798,8
8,0.05,12,49,2,1.3660083887844543,5.130623274930336,7
8,0.05,12,49,3,1.0046993670239495,3.7754939200120035,7
8,0.05,12,49,4,0.7273193645784808,3.2283350088133993,5
8,0.05,12,49,5,0.40004439045524265,2.0214089307591223,3
8,0.05,12,49,6,0.3053491486099986,1.6254201905017638,3
8,0.05,12,49,7,0.1419846708478687,0.7850824373042311,2
8,0.05,12,49,8,0.0659595149665364,0.20569125774442654,3
8,0.05,12,49,9,0.024075163797952825,0.0673406312352931,2
8,0.05,12,49,10,0.011203429529007991,0.019452980489349514,1
8,0.05,12,50,1,1.4443831641002447,5.346515873316832,7
8,0.05,12,50,2,1.1864401934030226,4.440875773336192,7
8,0.05,12,50,3,0.895740808627913,3.6951568889112814,7
8,0.05,12,50,4,0.6832260234259984,2.9713697362679703,6
8,0.05,12,50,5,0.5245836638014119,2.382402174103323,5
8,0.05,12,50,6,0.26202819350005413,0.9603553022062972,5
8,0.05,12,50,7,0.12135070951350002,0.3649220260560302,4
8,0.05,12,50,8,0.050711120346509375,0.15698330749794565,3
8,0.05,12,50,9,0.013636736008560746,0.0652561298016554,1
8,0.05,12,50,10,0.0069696112306338875,0.014733087802781597,1
8,0.05,12,51,1,1.2100731160959235,4.741037762884023,5
8,0.05,12,51,2,0.9822989318519006,4.05089136980958,4
8,0.05,12,51,3,0.6029601273944714,2.629720907981973,5
8,0.05,12,51,4,0.38150150505420655,1.7373989439418125,6
8,0.05,12,51,5,0.21173913715067982,0.8884210136017341,6
8,0.05,12,51,6,0.09260818443005903,0.4609067663902948,5
8,0.05,12,51,7,0.04416171940045999,0.25674972702217325,4
8,0.05,12,51,8,0.009114754898174482,0.0503802071128554,2
8,0.05,12,51,9,0.0054962601073960116,0.01918674491925465,2
8,0.05,12,51,10,0.002092890476323106,0.006633832186055955,1
8,0.05,12,52,1,1.3773852674230191,4.888173327879706,7
8,0.05,12,52,2,1.1739637438235242,4.307780664706183,7
8,0.05,12,52,3,0.9287204163344995,3.4660281812790217,6
8,0.05,12,52,4,0.5486722390159642,2.1689473064493647,5
8,0.05,12,52,5,0.3029742378630935,1.3442491005416546,4
8,0.05,12,52,6,0.13475342882680152,0.795088279621698,3
8,0.05,12,52,7,0.06981399426595658,0.3442565061997911,2
8,0.05,12,52,8,0.0431677176356402,0.1467600536457212,1
8,0.05,12,52,9,0.006208222756786341,0.026801816675620316,1
8,0.05,12,52,10,0.0032403356267813876,0.008084708352928516,1
8,0.05,12,53,1,1.2608610930995674,4.88719907368894,3
8,0.05,12,53,2,0.9645327081584192,3.7524269293009738,2
8,0.05,12,53,3,0.6885795918727666,2.8613365075563486,2
8,0.05,12,53,4,0.5891692164947528,2.598722238310227,3
8,0.05,12,53,5,0.4046273399559972,1.712865440272246,2
8,0.05,12,53,6,0.13346634017669246,0.6650056131130473,2
8,0.05,12,53,7,0.03772917560441513,0.14889275881606956,2
8,0.05,12,53,8,0.014323147623588994,0.062228908457633736,2
8,0.05,12,53,9,0.009328449306966746,0.03126692968629996,2
8,0.05,12,53,10,0.0019313632034716477,0.0048155185906821885,1
8,0.05,12,54,1,1.3729251887691767,5.215448390127332,5
8,0.05,12,54,2,1.0433520360769357,4.012644273907188,4
8,0.05,12,54,3,0.6489082834168194,2.8347525290401343,6
8,0.05,12,54,4,0.4865730792729899,2.2195605173498514,6
8,0.05,12,54,5,0.2934312133882706,1.438832056033565,5
8,0.05,12,54,6,0.11050812838918844,0.5990204686720055,4
8,0.05,12,54,7,0.024129737606266133,0.15904035148247786,4
8,0.05,12,54,8,0.01531297807558829,0.09537930982858711,2
8,0.05,12,54,9,0.008733768876837189,0.03406233574385098,1
8,0.05,12,54,10,0.00306433414074192,0.009279559930011061,1
8,0.05,12,55,1,1.3411873423381486,5.183057832778076,6
8,0.05,12,55,2,1.1168593475870203,4.47957545120822,5
8,0.05,12,55,3,0.7808439247646426,3.367900462480037,4
8,0.05,12,55,4,0.47264981589045973,2.1557849718537447,4
8,0.05,12,55,5,0.28957499012874166,1.3273478039647308,2
8,0.05,12,55,6,0.11140719668035004,0.5165164562603479,2
8,0.05,12,55,7,0.013176786568646293,0.07882039378470473,4
8,0.05,12,55,8,0.006385134880822818,0.026561753831609636,3
8,0.05,12,55,9,0.003184217813540613,0.010645390462800108,2
8,0.05,12,55,10,0.00030937693480126427,0.0009906033763122934,1
8,0.05,12,56,1,1.4413618218872344,5.727433119945282,6
8,0.05,12,56,2,1.1987650370453338,4.954767576850081,6
8,0.05,12,56,3,1.0061219531682077,4.351916403236572,4
8,0.05,12,56,4,0.7899845442601325,3.630909295356936,4
8,0.05,12,56,5,0.4630590444971183,2.2299289820123427,4
8,0.05,12,56,6,0.2017226293192742,1.1528614701516933,3
8,0.05,12,56,7,0.0842537003082704,0.3845283077727917,2
8,0.05,12,56,8,0.02875032989046744,0.07367056147541184,2
8,0.05,12,56,9,0.01174284118409119,0.024134636503070794,1
8,0.05,12,56,10,0.0035998075624696924,0.008385804666353636,1
8,0.05,12,57,1,1.4980642339313945,5.4559524416114655,8
8,0.05,12,57,2,1.2418324141405108,4.494078573829555,8
8,0.05,12,57,3,0.8389761719079978,2.755053950166097,8
8,0.05,12,57,4,0.46755463917233797,2.2378384082642597,3
8,0.05,12,57,5,0.3476936730150193,1.7921096615271974,3
8,0.05,12,57,6,0.2868779942241275,1.4805020817751355,3
8,0.05,12,57,7,0.17471079547369683,0.85300045356224,3
8,0.05,12,57,8,0.06505183954852001,0.2789059893182273,2
8,0.05,12,57,9,0.02010168691345271,0.057545273695069454,2
8,0.05,12,57,10,0.004570715416740256,0.009062665546181847,1
8,0.05,12,58,1,1.4515266293331237,4.61109373830649,9
8,0.05,12,58,2,1.1024668801478725,4.112990514001325,7
8,0.05,12,58,3,0.843595366199601,3.199319700938389,6
8,0.05,12,58,4,0.5703476292572205,2.2552668748503084,6
8,0.05,12,58,5,0.28413070740874247,1.0185826127883466,6
8,0.05,12,58,6,0.1433256551924842,0.6655432214576802,4
8,0.05,12,58,7,0.06149660015256231,0.35075220772076143,1
8,0.05,12,58,8,0.04292813670067375,0.24353821169714607,1
8,0.05,12,58,9,0.02203912658905338,0.0973106894901754,1
8,0.05,12,58,10,0.004663718770711256,0.017185679457172753,1
8,0.05,12,59,1,1.2923455135060458,4.953472610891184,5
8,0.05,12,59,2,1.079038010547201,4.297259170472499,5
8,0.05,12,59,3,0.7095771770125161,3.0396120791866093,5
8,0.05,12,59,4,0.4347751442531269,1.962710892428282,3
8,0.05,12,59,5,0.23245124394987826,1.0441317087336603,3
8,0.05,12,59,6,0.09108505108165943,0.48312077981380774,3
8,0.05,12,59,7,0.03537530682475776,0.18354024480528786,2
8,0.05,12,59,8,0.017008568948266856,0.0726316452869451,2
8,0.05,12,59,9,0.0076431157558083385,0.024596900421114398,2
8,0.05,12,59,10,0.0012729891734792886,0.004356566680554508,1
8,0.05,12,60,1,1.2634823677814602,3.92932703782653,9
8,0.05,12,60,2,0.9077732354925736,2.785249497093668,9
8,0.05,12,60,3,0.5747528139699192,2.3368703640165034,3
8,0.05,12,60,4,0.41540281437107396,1.4230211819347556,7
8,0.05,12,60,5,0.13213691879606415,0.5630775020372685,2
8,0.05,12,60,6,0.04064086807509071,0.14369283421734025,1
8,0.05,12,60,7,0.022992262911202488,0.16777938598878173,3
8,0.05,12,60,8,0.015842037408361875,0.08280782124955977,3
8,0.05,12,60,9,0.007462121206501138,0.026572149826941782,2
8,0.05,12,60,10,0.0017334665763044654,0.0055114309659547445,1
8,0.05,12,61,1,1.45014943139293,5.674337315331936,8
8,0.05,12,61,2,1.208938098566037,5.0704963239594285,7
8,0.05,12,61,3,0.9651492791139091,4.392132056404389,6
8,0.05,12,61,4,0.6444608737073345,3.355227770606394,4
8,0.05,12,61,5,0.5483912328596503,2.823628359316796,4
8,0.05,12,61,6,0.3234600758609254,1.703692315500355,4
8,0.05,12,61,7,0.1862102122457152,1.0419145692838985,3
8,0.05,12,61,8,0.06204798763799246,0.40507964490502957,2
8,0.05,12,61,9,0.034602568720085713,0.11743333022529967,1
8,0.05,12,61,10,0.0143430983904409,0.02443599724249168,1
8,0.05,12,62,1,1.411702744936175,5.471254887242562,8
8,0.05,12,62,2,1.2143394405336387,4.660256812307075,8
8,0.05,12,62,3,0.8632872218635441,3.6274394941577235,2
8,0.05,12,62,4,0.6485814445904694,3.000515409850852,6
8,0.05,12,62,5,0.41360475204366054,2.098048618738664,5
8,0.05,12,62,6,0.2974961749373577,1.5770953319134904,2
8,0.05,12,62,7,0.15194624442724347,0.8879623031285409,2
8,0.05,12,62,8,0.070813010555419,0.4511707953689399,2
8,0.05,12,62,9,0.029805210854604525,0.11161727888414319,2
8,0.05,12,62,10,0.00843098281395882,0.017119370681292878,1
8,0.05,12,63,1,1.3654793745840905,5.400445026631303,7
8,0.05,12,63,2,1.1180817476934557,4.474271308362336,5
8,0.05,12,63,3,0.8667276683721141,3.4045736271108247,7
8,0.05,12,63,4,0.6075848091477205,2.6256672085202837,3
8,0.05,12,63,5,0.36760293363287744,1.672162926429234,2
8,0.05,12,63,6,0.21603828888432375,1.0901519014082997,2
8,0.05,12,63,7,0.093441221174416,0.48796737271155166,3
8,0.05,12,63,8,0.06546723520840914,0.2353958504952729,2
8,0.05,12,63,9,0.025404523828569836,0.05326350776861055,2
8,0.05,12,63,10,0.0041936970131359885,0.010492275767097325,1
8,0.05,12,64,1,1.2770450770470951,5.02089798390967,7
8,0.05,12,64,2,1.0583368635466321,4.44993100492842,4
8,0.05,12,64,3,0.7887403149960761,3.4736888048591084,5
8,0.05,12,64,4,0.615077274974702,2.7652784737126126,4
8,0.05,12,64,5,0.3225568778969503,1.6090757553720536,2
8,0.05,12,64,6,0.17537589571481504,0.9920849034331809,2
8,0.05,12,64,7,0.07381407449625854,0.38097803642448547,4
8,0.05,12,64,8,0.01804739688412127,0.11419268471525612,2
8,0.05,12,64,9,0.014267922993461468,0.0655491310963523,2
8,0.05,12,64,10,0.005391420485157283,0.015553316915609017,1
8,0.05,12,65,1,1.472353812288972,4.981021037788109,9
8,0.05,12,65,2,1.1923435736315788,4.584035502261186,7
8,0.05,12,65,3,0.994490270433964,4.032584030066436,6
8,0.05,12,65,4,0.742329889286939,3.1110648586214342,6
8,0.05,12,65,5,0.38086295647901025,1.420031685655811,6
8,0.05,12,65,6,0.11488795566047116,0.753257794118813,3
8,0.05,12,65,7,0.07010447861484792,0.42735322095249195,2
8,0.05,12,65,8,0.040009794314737945,0.216106755470733,2
8,0.05,12,65,9,0.012410789281840806,0.03971459178420922,2
8,0.05,12,65,10,0.0032650885058735923,0.008894986916510916,1
8,0.05,12,66,1,1.3958820088905526,4.5981105964067,2
8,0.05,12,66,2,1.0311922601080852,3.869315223460296,2
8,0.05,12,66,3,0.7866505259453831,3.0656652243455493,2
8,0.05,12,66,4,0.42861085463363224,1.5744191718223988,1
8,0.05,12,66,5,0.14797272511847126,0.8856115819083499,5
8,0.05,12,66,6,0.06638063318928644,0.3191386338416837,5
8,0.05,12,66,7,0.04667298082806681,0.32982756278066105,3
8,0.05,12,66,8,0.021442249802120728,0.10485015495633476,3
8,0.05,12,66,9,0.00804612103345903,0.03560561205277857,1
8,0.05,12,66,10,0.003605054389549167,0.010686336172826216,1
8,0.05,12,67,1,1.2737437213054932,4.3608481580903575,8
8,0.05,12,67,2,1.034278937170967,3.4965927577969165,6
8,0.05,12,67,3,0.7010553015029011,2.581339342167775,6
8,0.05,12,67,4,0.3822731929214491,1.2985529582695676,5
8,0.05,12,67,5,0.19334602492705955,0.7545031700069824,6
8,0.05,12,67,6,0.053649296283655445,0.1943062150430226,5
8,0.05,12,67,7,0.024255428492033104,0.15526043812545964,2
8,0.05,12,67,8,0.007342291633438691,0.037823828461306164,2
8,0.05,12,67,9,0.004873844236918501,0.022148373523137366,2
8,0.05,12,67,10,0.0009778191421148108,0.004337500976374642,1
8,0.05,12,68,1,1.3186590562084568,4.6709582802273815,3
8,0.05,12,68,2,0.9987355181023894,3.6695370628657784,3
8,0.05,12,68,3,0.678966537530993,2.510605527504385,3
8,0.05,12,68,4,0.39674624159988525,1.725369193480244,3
8,0.05,12,68,5,0.14842932308297563,0.9556786703336702,3
8,0.05,12,68,6,0.06399568624376073,0.3301138575916518,3
8,0.05,12,68,7,0.028777395818533336,0.17161118514501794,3
8,0.05,12,68,8,0.011236307584550076,0.04635417670635178,2
8,0.05,12,68,9,0.0037228478005992827,0.01195162387554305,2
8,0.05,12,68,10,0.0010379138789744502,0.0030451833243017035,1
8,0.05,12,69,1,1.4601547850974192,5.3337149808962145,6
8,0.05,12,69,2,1.085694273790871,4.039118180295606,6
8,0.05,12,69,3,0.810430262013508,3.259578189178864,6
8,0.05,12,69,4,0.6208985941075298,2.630243259899089,6
8,0.05,12,69,5,0.3220125762745276,1.6099252326721984,4
8,0.05,12,69,6,0.24295196385916995,1.2153137795375581,4
8,0.05,12,69,7,0.10786706110203781,0.5096717351557594,3
8,0.05,12,69,8,0.03381617929142422,0.13028417790599356,3
8,0.05,12,69,9,0.016455950496943927,0.04837733535514843,1
8,0.05,12,69,10,0.006961999014418296,0.013088763992223917,1
8,0.05,12,70,1,1.2525193647200723,4.465574684335838,3
8,0.05,12,70,2,0.8980305086755642,3.232120267749764,2
8,0.05,12,70,3,0.5792074589478737,1.997843645507773,1
8,0.05,12,70,4,0.38665211395509047,1.8252568000162839,4
8,0.05,12,70,5,0.2631058518662108,1.3235249985881943,3
8,0.05,12,70,6,0.07309054393046566,0.49533553136076236,2
8,0.05,12,70,7,0.050685078768708536,0.2147132915219352,1
8,0.05,12,70,8,0.016063528165531693,0.047550755351362994,1
8,0.05,12,70,9,0.00540393533104222,0.02000561512706156,2
8,0.05,12,70,10,0.0037234992883554696,0.007791082152522222,1
8,0.05,12,71,1,1.055433841737564,3.9659443862460826,5
8,0.05,12,71,2,0.8068736614870708,3.1349004462726917,4
8,0.05,12,71,3,0.5312487457835893,2.08452321822986,4
8,0.05,12,71,4,0.38764620464769806,1.6055250705064914,2
8,0.05,12,71,5,0.21372352911537007,0.8354637227546906,2
8,0.05,12,71,6,0.0870055355287036,0.28360682206082544,1
8,0.05,12,71,7,0.021270907846055565,0.11663549504000592,2
8,0.05,12,71,8,0.010002848713874357,0.037057443679032076,1
8,0.05,12,71,9,0.004454304315963498,0.019670914205724088,2
8,0.05,12,71,10,0.0023073242523672377,0.006559048153626179,1
8,0.05,12,72,1,1.5885817528767099,5.579823635298416,3
8,0.05,12,72,2,1.3476700137472157,4.932118982238935,3
8,0.05,12,72,3,0.9571036085350748,3.8437279000771998,3
8,0.05,12,72,4,0.5711261448763274,2.404745172785672,2
8,0.05,12,72,5,0.3382397176198104,1.7372342100553357,3
8,0.05,12,72,6,0.18416593891239685,0.9116518046026556,3
8,0.05,12,72,7,0.09071857805906802,0.34013016087596704,2
8,0.05,12,72,8,0.02202129255910279,0.062095006874614,1
8,0.05,12,72,9,0.006530944563145624,0.03244182835063825,2
8,0.05,12,72,10,0.002834073259275982,0.006842541672909874,1
8,0.05,12,73,1,1.6195466811947767,5.0683015988530915,9
8,0.05,12,73,2,1.307563659824691,4.383993185433761,8
8,0.05,12,73,3,0.9516747488084221,3.4211335686489353,7
8,0.05,12,73,4,0.677657557140062,2.610861493016701,6
8,0.05,12,73,5,0.5091143017322572,2.1732266894410586,4
8,0.05,12,73,6,0.33157562616109715,1.4096967687909636,4
8,0.05,12,73,7,0.16540537404510758,0.5211682396405255,4
8,0.05,12,73,8,0.04976437616092255,0.2321243559746886,2
8,0.05,12,73,9,0.028644807047840004,0.08087707628394902,1
8,0.05,12,73,10,0.006693698554926186,0.017062521731656233,1
8,0.05,12,74,1,1.4926408116370915,5.124527726296289,8
8,0.05,12,74,2,1.2942834300597994,4.553384893495814,7
8,0.05,12,74,3,1.054539757766186,3.5953186085335105,7
8,0.05,12,74,4,0.6817357775694362,2.864020427819966,5
8,0.05,12,74,5,0.4520251685962542,1.9258360812145447,5
8,0.05,12,74,6,0.22461827494212372,1.1700820406040364,2
8,0.05,12,74,7,0.11398140699023784,0.6951451957955488,2
8,0.05,12,74,8,0.04578493857627208,0.2863101246696971,2
8,0.05,12,74,9,0.013993941760155337,0.05928201250968712,2
8,0.05,12,74,10,0.003976530910890119,0.010206393235797862,1
8,0.05,12,75,1,1.4684814951828074,5.848934914202534,7
8,0.05,12,75,2,1.2077570223133236,4.532193695513893,8
8,0.05,12,75,3,0.9212673687296729,3.7944143687723333,7
8,0.05,12,75,4,0.6205046505571197,2.860574545879164,6
8,0.05,12,75,5,0.4386354809004622,2.2473445176801228,3
8,0.05,12,75,6,0.2801349995234368,1.53345948944858,2
8,0.05,12,75,7,0.12317391555767188,0.5683405211134183,1
8,0.05,12,75,8,0.07250735466850244,0.3961380477558496,2
8,0.05,12,75,9,0.041683084708036944,0.11940312581751122,2
8,0.05,12,75,10,0.014098119283634247,0.03087796468405557,1
8,0.05,12,76,1,1.4072284151981407,5.686080734440912,4
8,0.05,12,76,2,1.107440700543581,4.734789818578806,4
8,0.05,12,76,3,0.8510140469281282,3.8107325523834685,4
8,0.05,12,76,4,0.7001018352372981,3.197136445288054,4
8,0.05,12,76,5,0.42960334039056036,2.120770994695784,4
8,0.05,12,76,6,0.18665083927138326,1.0884998589396968,2
8,0.05,12,76,7,0.08399697502447978,0.49327123824928165,2
8,0.05,12,76,8,0.040793242002791885,0.21233293346892523,2
8,0.05,12,76,9,0.01809797906311772,0.056220057148944846,2
8,0.05,12,76,10,0.0064530955729047434,0.010703318711708931,1
8,0.05,12,77,1,1.597680624372817,5.036064067509548,9
8,0.05,12,77,2,1.27915483665506,4.436231938187005,8
8,0.05,12,77,3,0.9246238819661734,3.646696941340574,5
8,0.05,12,77,4,0.6907163219280612,2.864948361419623,5
8,0.05,12,77,5,0.5477081380175655,2.3145015693615356,5
8,0.05,12,77,6,0.41109898228771513,1.6871972801165853,4
8,0.05,12,77,7,0.13382642261788646,0.6060120683063417,3
8,0.05,12,77,8,0.04568628446918055,0.2584963509420799,2
8,0.05,12,77,9,0.01327743806519166,0.050348513173114284,1
8,0.05,12,77,10,0.00271020334538008,0.007188882280841469,1
8,0.05,12,78,1,1.3016920987974068,5.26617931844064,7
8,0.05,12,78,2,1.1080941425509998,4.620995808012301,7
8,0.05,12,78,3,0.910926947841034,3.946497211534476,6
8,0.05,12,78,4,0.7203647005641756,3.0748388154495583,5
8,0.05,12,78,5,0.3786680864336738,1.8925799253091142,5
8,0.05,12,78,6,0.22488987832621632,0.9515462620044897,5
8,0.05,12,78,7,0.06953271799518745,0.43357213784789117,2
8,0.05,12,78,8,0.04027886667722669,0.11788374761370157,3
8,0.05,12,78,9,0.013111510183659192,0.048139577463151895,1
8,0.05,12,78,10,0.00741547051239877,0.01653183201379882,1
8,0.05,12,79,1,1.48746239407377,4.07089102752459,2
8,0.05,12,79,2,0.9425793502530553,3.6259815460143745,8
8,0.05,12,79,3,0.6743768659187488,2.766440376532122,7
8,0.05,12,79,4,0.44872960284716257,1.9654714543569067,6
8,0.05,12,79,5,0.24631247907564813,0.9988306128383098,5
8,0.05,12,79,6,0.17379799601317103,0.7796746935881007,4
8,0.05,12,79,7,0.053748136209723185,0.17115802021702997,4
8,0.05,12,79,8,0.016951428132919943,0.13132024840165535,2
8,0.05,12,79,9,0.011429266550713635,0.0387579310392443,1
8,0.05,12,79,10,0.0038911332279312205,0.00719319892371395,1
8,0.05,12,80,1,1.2719090988211228,3.8417172699678517,9
8,0.05,12,80,2,1.016820760720119,3.2935807990457846,8
8,0.05,12,80,3,0.5997587398177693,1.957802491840532,8
8,0.05,12,80,4,0.3512288566148989,1.3078735261074002,4
8,0.05,12,80,5,0.19776097695014272,0.7831839345703013,3
8,0.05,12,80,6,0.1171756914832649,0.4991996780061019,2
8,0.05,12,80,7,0.0429213418057266,0.13649452421575958,1
8,0.05,12,80,8,0.005475082898328765,0.04376492505565999,2
8,0.05,12,80,9,0.0023516460387646987,0.011619572388347876,1
8,0.05,12,80,10,0.0009735614684593941,0.003409854695398451,1
8,0.05,12,81,1,1.4754058051744785,4.796702845334671,8
8,0.05,12,81,2,1.1201254034992552,3.6308750192611043,8
8,0.05,12,81,3,0.7493230696464757,2.6626064861239946,7
8,0.05,12,81,4,0.44357141581853554,1.65904465014213,6
8,0.05,12,81,5,0.2387843360404105,1.259444463155777,3
8,0.05,12,81,6,0.11022886566560786,0.7152206577613036,2
8,0.05,12,81,7,0.04826702055426324,0.32964036609566527,2
8,0.05,12,81,8,0.0206815372881195,0.08342703918260064,1
8,0.05,12,81,9,0.004976937039302243,0.020819090749462532,1
8,0.05,12,81,10,0.0013769641478411643,0.00429539390972522,1
8,0.05,12,82,1,1.230888884702491,4.408244058580648,9
8,0.05,12,82,2,0.8575561165729546,3.4188117211987947,2
8,0.05,12,82,3,0.7097259857085128,3.223298801246072,6
8,0.05,12,82,4,0.5440631346845812,2.5989679906060257,6
8,0.05,12,82,5,0.3140478442948762,1.7452278185847714,4
8,0.05,12,82,6,0.21427872200113285,1.2606321778432488,4
8,0.05,12,82,7,0.08509104149610991,0.4117829071152137,4
8,0.05,12,82,8,0.034729900773292854,0.135181072631811,1
8,0.05,12,82,9,0.02384516691441263,0.08356497441656963,1
8,0.05,12,82,10,0.010396589404528811,0.02130255672197734,1
8,0.05,12,83,1,1.2743298511356151,4.290882721578015,2
8,0.05,12,83,2,0.9019872306802128,3.55789923894881,3
8,0.05,12,83,3,0.6966935097256659,2.790819530885937,2
8,0.05,12,83,4,0.44952291676688816,2.2271148255076803,3
8,0.05,12,83,5,0.2616829254471469,1.4943892825631924,2
8,0.05,12,83,6,0.1614381387123771,0.7263645164256172,1
8,0.05,12,83,7,0.04592912288634565,0.16632419759693384,1
8,0.05,12,83,8,0.019443039783592297,0.0651461296994924,1
8,0.05,12,83,9,0.006612295690626269,0.018933553267405756,1
8,0.05,12,83,10,0.0018945956480180826,0.003587783015657209,1
8,0.05,12,84,1,1.715962736231269,5.760773655865339,3
8,0.05,12,84,2,1.3953100269412566,5.063960185449876,3
8,0.05,12,84,3,1.0091355733121397,4.010540115763703,3
8,0.05,12,84,4,0.7769450025842168,3.1995203224527096,3
8,0.05,12,84,5,0.5416875186069134,2.4222425254932674,3
8,0.05,12,84,6,0.30535668979867125,1.3550848439509053,3
8,0.05,12,84,7,0.11824961250043131,0.6846515046599908,3
8,0.05,12,84,8,0.04956459745241304,0.13414242723254866,1
8,0.05,12,84,9,0.02101362381688432,0.059376748272185864,1
8,0.05,12,84,10,0.007704976520638951,0.01388280156589694,1
8,0.05,12,85,1,1.297824668921539,4.83129634628164,3
8,0.05,12,85,2,1.0223438690013928,3.6029493095414615,2
8,0.05,12,85,3,0.7776486250668917,3.4972946785754324,5
8,0.05,12,85,4,0.6045382092612392,2.897736298096106,4
8,0.05,12,85,5,0.32455863409886376,1.8227843941583348,4
8,0.05,12,85,6,0.22230522619310022,1.173634772553262,4
8,0.05,12,85,7,0.11163996196848913,0.46837479097277246,4
8,0.05,12,85,8,0.03691847239905144,0.16124999341583646,2
8,0.05,12,85,9,0.01654275684613893,0.0475090011919761,2
8,0.05,12,85,10,0.005829320669565874,0.012856362571163515,1
8,0.05,12,86,1,1.2205253116004577,5.102777290848696,5
8,0.05,12,86,2,0.8870590774461888,3.8623416358313563,5
8,0.05,12,86,3,0.6726100396739945,2.998665779615447,5
8,0.05,12,86,4,0.5175891454628996,2.5701453624159782,2
8,0.05,12,86,5,0.24400143694663967,1.2512840808607137,1
8,0.05,12,86,6,0.11134981783507669,0.5745171061225989,1
8,0.05,12,86,7,0.06196259059981557,0.3772920283766634,2
8,0.05,12,86,8,0.03723945703275788,0.13426917810707906,1
8,0.05,12,86,9,0.013394576932718394,0.03924928330521027,1
8,0.05,12,86,10,0.0022682993870084545,0.006655391178000514,1
8,0.05,12,87,1,1.2548152025127237,3.5583792780055266,9
8,0.05,12,87,2,0.8940728747725828,2.9676045357191487,1
8,0.05,12,87,3,0.45562939222261534,2.2884362769063333,3
8,0.05,12,87,4,0.3948282817935045,1.9788147615740908,3
8,0.05,12,87,5,0.26239125226391025,1.2579217133977352,3
8,0.05,12,87,6,0.1276185894791091,0.6991737625952723,2
8,0.05,12,87,7,0.06972548428755232,0.2638444464985952,1
8,0.05,12,87,8,0.019113063335275626,0.06295962912649067,1
8,0.05,12,87,9,0.009592592135806655,0.02570841497280618,1
8,0.05,12,87,10,0.0022910803607310015,0.0075524665003268154,1
8,0.05,12,88,1,1.2338516728062636,4.893951479621199,7
8,0.05,12,88,2,0.9271591845025462,3.7367503306748926,7
8,0.05,12,88,3,0.7792341095387734,3.2026561114645364,7
8,0.05,12,88,4,0.43414011610419223,2.177134060365935,6
8,0.05,12,88,5,0.22474655896744267,1.362273419067133,5
8,0.05,12,88,6,0.13241029374108848,0.811848542088109,2
8,0.05,12,88,7,0.05451053127107741,0.3929595340225944,3
8,0.05,12,88,8,0.034723387115985105,0.2104148184257486,2
8,0.05,12,88,9,0.011538242709143276,0.04878913183221023,1
8,0.05,12,88,10,0.0021744273270236647,0.005240166632111354,1
8,0.05,12,89,1,1.34932095421647,5.218813412935646,3
8,0.05,12,89,2,1.260020496245044,4.418726181718711,8
8,0.05,12,89,3,0.9400989271341444,2.872260557597045,8
8,0.05,12,89,4,0.603603239761906,2.8591763997017523,6
8,0.05,12,89,5,0.4245683589045477,2.1379651213120425,5
8,0.05,12,89,6,0.2736716408635296,1.549163068590973,4
8,0.05,12,89,7,0.13715470675782981,0.5895607601887871,4
8,0.05,12,89,8,0.05770715337725463,0.2055512160589874,3
8,0.05,12,89,9,0.028545719759822674,0.07847527616280381,2
8,0.05,12,89,10,0.006790012827913472,0.008749483793259571,1
8,0.05,12,90,1,1.2483079003501523,4.425176907596491,5
8,0.05,12,90,2,1.0262328252327144,3.745921550796762,4
8,0.05,12,90,3,0.7043265780432826,2.8299608767508566,6
8,0.05,12,90,4,0.4604949550036963,2.0312953073666637,5
8,0.05,12,90,5,0.37749734922320144,1.6142673170545034,4
8,0.05,12,90,6,0.08901631170294877,0.5253781005443354,4
8,0.05,12,90,7,0.029039843751572647,0.18033745578211224,3
8,0.05,12,90,8,0.01346434357830617,0.08224435235381478,1
8,0.05,12,90,9,0.004618668624662092,0.0241693497772566,1
8,0.05,12,90,10,0.0012189206993333812,0.004931392513150001,1
8,0.05,12,91,1,1.3622212966558322,5.157078911833274,7
8,0.05,12,91,2,1.1594547627627207,4.359796349581995,6
8,0.05,12,91,3,0.8593022227522802,3.425109362902443,6
8,0.05,12,91,4,0.6650543199009036,2.63838650240276,6
8,0.05,12,91,5,0.37480864216220056,1.7135325382205853,2
8,0.05,12,91,6,0.2228876687247876,1.1331850623478505,2
8,0.05,12,91,7,0.07867006978253244,0.5697180207321662,2
8,0.05,12,91,8,0.04574784763513762,0.28180400047557264,2
8,0.05,12,91,9,0.019103045690258114,0.07333521284811084,2
8,0.05,12,91,10,0.0062525961471102676,0.012582756746226664,1
8,0.05,12,92,1,1.5124723137524327,5.219306109587533,4
8,0.05,12,92,2,1.3349431842787922,4.635848843125006,4
8,0.05,12,92,3,0.9666631082216561,3.494924876473247,3
8,0.05,12,92,4,0.5149126311478547,2.119919929388354,2
8,0.05,12,92,5,0.3567561774638506,1.380165138981031,4
8,0.05,12,92,6,0.1902079107842063,0.8070723150521868,4
8,0.05,12,92,7,0.11942677740480434,0.32642692629501546,4
8,0.05,12,92,8,0.0296763089186598,0.09959581105286297,3
8,0.05,12,92,9,0.009027720623336677,0.03131360107457937,1
8,0.05,12,92,10,0.005412059126591373,0.01024306973855893,1
8,0.05,12,93,1,1.3579160870050693,6.08964855639727,5
8,0.05,12,93,2,1.2468379082730436,5.5742666699610535,4
8,0.05,12,93,3,1.0206333677273314,4.783076320095494,4
8,0.05,12,93,4,0.7224898685675392,3.697762534807554,4
8,0.05,12,93,5,0.5417855916396199,2.786721735234158,3
8,0.05,12,93,6,0.34723506979120344,1.892179532979858,3
8,0.05,12,93,7,0.16807282667824452,0.8619712032729492,3
8,0.05,12,93,8,0.0707520713034917,0.28092588424766696,2
8,0.05,12,93,9,0.026195284945398356,0.06499677854612784,2
8,0.05,12,93,10,0.009323846852655748,0.016454116268521446,1
8,0.05,12,94,1,1.356710397050211,3.8983982430057686,8
8,0.05,12,94,2,0.9874095707754371,2.983252778529213,8
8,0.05,12,94,3,0.6681770933903728,2.027710038978995,7
8,0.05,12,94,4,0.30138509251584367,0.89031584336532,6
8,0.05,12,94,5,0.10651656007417643,0.4138389774239677,5
8,0.05,12,94,6,0.05132786732430006,0.21051561383755235,4
8,0.05,12,94,7,0.019453335849579645,0.08980195442510563,3
8,0.05,12,94,8,0.013735229769327617,0.06358263764953875,2
8,0.05,12,94,9,0.0054971172860014406,0.019421323201832763,1
8,0.05,12,94,10,0.0005890801818289049,0.001963277329586788,1
8,0.05,12,95,1,1.3736641021021754,5.6561488543048615,4
8,0.05,12,95,2,1.0805961311775292,4.648346583269381,4
8,0.05,12,95,3,0.8206837812426748,3.772258052475797,4
8,0.05,12,95,4,0.510412742371642,2.774826900244223,5
8,0.05,12,95,5,0.38786097466505254,2.133172189178758,5
8,0.05,12,95,6,0.2791470101304192,1.5360567006787544,4
8,0.05,12,95,7,0.11508813091544567,0.5972353043243857,3
8,0.05,12,95,8,0.04943359188742491,0.2565311465376592,2
8,0.05,12,95,9,0.02819724517055633,0.08566909843337989,1
8,0.05,12,95,10,0.011287643825390603,0.015216532043544007,1
8,0.05,12,96,1,1.5818768585561465,5.7047474371865725,3
8,0.05,12,96,2,1.335464689980661,5.0611100096562325,3
8,0.05,12,96,3,1.0297556708023308,3.9632273436728234,2
8,0.05,12,96,4,0.7517147446711725,3.046441518204677,2
8,0.05,12,96,5,0.4538695888115072,2.036090644568352,2
8,0.05,12,96,6,0.2547903237048388,0.8798853014503987,1
8,0.05,12,96,7,0.09326046510601671,0.5298733542748018,2
8,0.05,12,96,8,0.04966894131492339,0.27321409227391413,3
8,0.05,12,96,9,0.02675915892299585,0.11936981718906736,2
8,0.05,12,96,10,0.009845907623418526,0.027825802204255012,1
8,0.05,12,97,1,1.4123704722981394,4.667223684745062,2
8,0.05,12,97,2,1.2280452899217487,4.254668084924122,2
8,0.05,12,97,3,0.9055660101805003,3.341837026765342,2
8,0.05,12,97,4,0.5105060912900719,1.6497181983131846,1
8,0.05,12,97,5,0.20922888737419498,0.7332285240790934,1
8,0.05,12,97,6,0.09758344009465247,0.5216867634529443,2
8,0.05,12,97,7,0.04507559210614431,0.11547775454920739,1
8,0.05,12,97,8,0.023070244313121435,0.1735161860423151,2
8,0.05,12,97,9,0.009909082376022837,0.033930751015493144,1
8,0.05,12,97,10,0.004249763039954502,0.008367669282382195,1
8,0.05,12,98,1,1.1264890398804965,4.275997200584838,3
8,0.05,12,98,2,0.8442432018347077,3.3197960217736284,7
8,0.05,12,98,3,0.5398035242834922,2.4428737650057375,3
8,0.05,12,98,4,0.3649141743765725,1.7989784273985538,3
8,0.05,12,98,5,0.14169403717609086,0.6767907086330816,1
8,0.05,12,98,6,0.08868712546183133,0.412226534004672,1
8,0.05,12,98,7,0.02358001225626083,0.13666167783589955,2
8,0.05,12,98,8,0.014272950196378531,0.05957851030399475,1
8,0.05,12,98,9,0.0021121235332444144,0.010471184289102098,2
8,0.05,12,98,10,0.001307012447018252,0.004478217895945491,1
8,0.05,12,99,1,1.3056196066584462,4.194541028070235,9
8,0.05,12,99,2,1.0007984407430683,3.724091472740339,4
8,0.05,12,99,3,0.6814045964495179,2.7879678662742347,4
8,0.05,12,99,4,0.4607600315280074,2.197605741714243,5
8,0.05,12,99,5,0.27339913025091533,1.3827030967304967,4
8,0.05,12,99,6,0.11901049294736765,0.6076431485617135,4
8,0.05,12,99,7,0.04864476522426742,0.19799753433390954,4
8,0.05,12,99,8,0.012729915430959693,0.07966364202174248,3
8,0.05,12,99,9,0.005009322309028619,0.029169255884594847,2
8,0.05,12,99,10,0.0016454713923295117,0.007381471966962039,1
8,0.05,12,100,1,1.276548843177988,4.347714612199631,3
8,0.05,12,100,2,0.998758720277305,3.4083549946180867,2
8,0.05,12,100,3,0.5488800260643281,2.338815105970877,7
8,0.05,12,100,4,0.38211700077674493,1.7809657041204687,3
8,0.05,12,100,5,0.2291346527886482,1.0781548848213465,2
8,0.05,12,100,6,0.11911372101853246,0.5138818621970493,2
8,0.05,12,100,7,0.03470574774452473,0.1303288493536563,1
8,0.05,12,100,8,0.0168928927377614,0.09979736017323759,2
8,0.05,12,100,9,0.005663049839625955,0.021226716083539543,2
8,0.05,12,100,10,0.0014573710065342027,0.004547253355362102,1
8,0.05,12,101,1,1.2212472281913271,4.3165331079402005,5
8,0.05,12,101,2,0.9900048643599852,3.4726498486818063,7
8,0.05,12,101,3,0.6903225223140161,2.6771648111026796,5
8,0.05,12,101,4,0.5449234544493073,2.0380269850498376,5
8,0.05,12,101,5,0.18977996274345443,1.0460758124403675,3
8,0.05,12,101,6,0.0901936048282046,0.5470921535714606,3
8,0.05,12,101,7,0.04793569065627068,0.19307660587987563,2
8,0.05,12,101,8,0.015468726500472485,0.07097333981439924,3
8,0.05,12,101,9,0.007779302076901473,0.021707673613144962,2
8,0.05,12,101,10,0.0008794435937922174,0.003143030201178121,1
8,0.05,12,102,1,1.344824912051891,4.373487704935538,2
8,0.05,12,102,2,1.0724610434057702,3.814209477382697,2
8,0.05,12,102,3,0.7477201318213638,3.2579216039990015,4
8,0.05,12,102,4,0.5824204644776216,2.7674514179295073,4
8,0.05,12,102,5,0.4406431945321003,2.2208439656352237,4
8,0.05,12,102,6,0.2997912944652086,1.5804663055450785,3
8,0.05,12,102,7,0.15847757126660156,0.7558720056011463,2
8,0.05,12,102,8,0.06545397060308744,0.2538679121794942,2
8,0.05,12,102,9,0.024515583920333484,0.0694827078086604,1
8,0.05,12,102,10,0.007950337624414772,0.01581328387345593,1
8,0.05,12,103,1,1.2801425412059722,4.177585766747866,6
8,0.05,12,103,2,0.8983853127900865,3.0807011955120895,6
8,0.05,12,103,3,0.6589591154947669,2.288770905460746,1
8,0.05,12,103,4,0.3889430493649648,1.35804725969256,3
8,0.05,12,103,5,0.13837003452061225,0.6572506645658489,2
8,0.05,12,103,6,0.10276662299656536,0.3820585131442904,1
8,0.05,12,103,7,0.009280473435229197,0.04395200214709938,3
8,0.05,12,103,8,0.004083085171988188,0.013178038557635219,3
8,0.05,12,103,9,0.0007157204319838684,0.0038373838425762585,1
8,0.05,12,103,10,0.0002875238381356837,0.0010871826691580821,1
8,0.05,12,104,1,1.2757807630161793,4.626811728822492,4
8,0.05,12,104,2,0.9759530603290898,3.3860044550469297,2
8,0.05,12,104,3,0.6305546691930246,2.614520537403429,5
8,0.05,12,104,4,0.4168013076961117,2.055948811652918,4
8,0.05,12,104,5,0.16811810730720111,0.9303810902173986,4
8,0.05,12,104,6,0.06305702767181032,0.301158818277818,3
8,0.05,12,104,7,0.048437511432812386,0.21216601034890026,4
8,0.05,12,104,8,0.014308078263699286,0.050397147925986374,3
8,0.05,12,104,9,0.005987825617118858,0.024653825070952706,2
8,0.05,12,104,10,0.0025175201963918425,0.005971529817585974,1
8,0.05,12,105,1,1.2462113025417771,3.9451247331630857,9
8,0.05,12,105,2,1.064114535025272,4.1265180105590336,2
8,0.05,12,105,3,0.712722158334163,3.1729251881188905,2
8,0.05,12,105,4,0.5322853277969521,2.495447440475127,2
8,0.05,12,105,5,0.38060006297834903,1.7643547962780843,2
8,0.05,12,105,6,0.1685964204988153,1.0196969005935017,3
8,0.05,12,105,7,0.09424500882142439,0.5773722053487536,2
8,0.05,12,105,8,0.03876288375181858,0.14407039915377418,1
8,0.05,12,105,9,0.01634035824979918,0.06208020881036269,2
8,0.05,12,105,10,0.007486232805401727,0.014249247057575687,1
8,0.05,12,106,1,1.3852726640278412,5.655313646145828,4
8,0.05,12,106,2,1.1184513382664356,4.641126648356579,3
8,0.05,12,106,3,0.8937359066963033,3.770771099826657,2
8,0.05,12,106,4,0.6656130439989703,3.2156109313814163,5
8,0.05,12,106,5,0.4986112149905182,2.4705149647274673,4
8,0.05,12,106,6,0.24976545516625137,1.49727226166406,3
8,0.05,12,106,7,0.1525286997970028,0.9296920635558248,2
8,0.05,12,106,8,0.03935935257952394,0.15579308525921043,1
8,0.05,12,106,9,0.013195029386015023,0.054841053119544014,2
8,0.05,12,106,10,0.0035754560551346515,0.006863159306659483,1
8,0.05,12,107,1,1.8638968061689667,6.6304995347191475,3
8,0.05,12,107,2,1.497497112323174,5.972019342459829,4
8,0.05,12,107,3,1.3453938274391959,5.403469032289779,3
8,0.05,12,107,4,0.9983317200540185,4.33491104526655,3
8,0.05,12,107,5,0.7895351391768202,3.3512693871831924,3
8,0.05,12,107,6,0.46031448635871186,1.8184738670141183,2
8,0.05,12,107,7,0.2044616413467466,0.7591770398342206,1
8,0.05,12,107,8,0.04698343507889291,0.2878170621575151,3
8,0.05,12,107,9,0.02173851901108037,0.07944726800373836,2
8,0.05,12,107,10,0.00944099207255178,0.023441604216751344,1
8,0.05,12,108,1,1.1182394836647198,4.675803171369084,5
8,0.05,12,108,2,0.8812103355284648,3.8999683991054486,5
8,0.05,12,108,3,0.746712171361402,3.4603161626922176,5
8,0.05,12,108,4,0.5533879895528173,2.6455199656684645,5
8,0.05,12,108,5,0.31421345104276455,1.6819795160869955,5
8,0.05,12,108,6,0.14903403859331377,0.752992077484107,3
8,0.05,12,108,7,0.07810941435836583,0.37716945043665895,3
8,0.05,12,108,8,0.026845499172289067,0.07732053819994356,3
8,0.05,12,108,9,0.007334664492361753,0.028005732363498126,1
8,0.05,12,108,10,0.0025239761836459707,0.005251997204123171,1
8,0.05,12,109,1,1.5095164826514313,6.0531905853656784,5
8,0.05,12,109,2,1.3554941283162698,5.471213568121195,5
8,0.05,12,109,3,1.0294216128004123,4.181228449921084,5
8,0.05,12,109,4,0.8341561967174727,3.710739123951443,3
8,0.05,12,109,5,0.5138553147398852,2.4322360584339915,3
8,0.05,12,109,6,0.36097006073848803,1.6787041263027493,3
8,0.05,12,109,7,0.16560738561753752,0.7836555691788742,2
8,0.05,12,109,8,0.05652117998895889,0.17436447509192377,1
8,0.05,12,109,9,0.02424806721378303,0.1025442337331377,2
8,0.05,12,109,10,0.010003059741844567,0.02173069382804904,1
8,0.05,12,110,1,1.313219009493114,4.9298199262732005,5
8,0.05,12,110,2,0.9708193524556741,4.061988421713121,4
8,0.05,12,110,3,0.8206946648082081,3.3988871360063335,4
8,0.05,12,110,4,0.5737733700434902,2.5107939189231274,3
8,0.05,12,110,5,0.36088280450497834,1.742958807630739,4
8,0.05,12,110,6,0.25603680606361934,1.180922381456556,3
8,0.05,12,110,7,0.13875432210006622,0.6847361744581963,2
8,0.05,12,110,8,0.040273654097074285,0.15306858419304703,3
8,0.05,12,110,9,0.013978885318390866,0.064442988600101,2
8,0.05,12,110,10,0.004086609791645657,0.013376568001687517,1
8,0.05,12,111,1,1.3748885943557205,5.122652488719886,8
8,0.05,12,111,2,1.0054533617159045,3.6955213301877663,8
8,0.05,12,111,3,0.7784308623190483,3.6214438594131373,5
8,0.05,12,111,4,0.5597534805824687,2.8018798327025642,4
8,0.05,12,111,5,0.34816876439201394,1.9352824139889488,3
8,0.05,12,111,6,0.19510654148202278,1.0512249922022097,3
8,0.05,12,111,7,0.09915912519392833,0.5641299858948141,2
8,0.05,12,111,8,0.05183047473345326,0.1839284038895901,1
8,0.05,12,111,9,0.017693335040675606,0.0482503774389933,1
8,0.05,12,111,10,0.007914184556838677,0.013908442748256533,1
8,0.05,12,112,1,1.2154529538510879,4.3054874609790605,8
8,0.05,12,112,2,0.9884258308154088,3.4446470628960117,8
8,0.05,12,112,3,0.8180165154499548,3.4498917615064517,5
8,0.05,12,112,4,0.5012303072250326,2.4991372191883716,2
8,0.05,12,112,5,0.35863848924689634,1.9183326017523683,3
8,0.05,12,112,6,0.24016250591870758,1.3298201475921783,2
8,0.05,12,112,7,0.09515409334337832,0.37537504215393724,1
8,0.05,12,112,8,0.036948909268762264,0.10356597141324464,1
8,0.05,12,112,9,0.012401773912575464,0.05500094318661297,2
8,0.05,12,112,10,0.005765104700994783,0.012333414358410622,1
8,0.05,12,113,1,1.4205848626481057,4.609597318002896,9
8,0.05,12,113,2,1.1708479656327029,4.054799602516129,8
8,0.05,12,113,3,0.8022777871857159,3.030215457835327,7
8,0.05,12,113,4,0.3877574121069003,1.7005593760826763,6
8,0.05,12,113,5,0.2205201979264899,1.0542190270122411,5
8,0.05,12,113,6,0.12961833251885224,0.8272461352303822,2
8,0.05,12,113,7,0.056961471637947625,0.38567084162887255,2
8,0.05,12,113,8,0.023579606130361697,0.10938733320056393,1
8,0.05,12,113,9,0.010342419903686562,0.04834127982633696,1
8,0.05,12,113,10,0.0032325267707236094,0.010446194157854194,1
8,0.05,12,114,1,1.2030766324873845,4.585615448429344,3
8,0.05,12,114,2,0.9312434872962605,3.7413171895361366,2
8,0.05,12,114,3,0.5491857569771348,2.3325570946427625,3
8,0.05,12,114,4,0.3061947514119261,1.3321724631178409,1
8,0.05,12,114,5,0.169893369869353,0.6814886598994612,1
8,0.05,12,114,6,0.052038427789813824,0.24809471931996718,1
8,0.05,12,114,7,0.02559619243464084,0.2089151169501715,3
8,0.05,12,114,8,0.012484988696098043,0.0978879326698614,2
8,0.05,12,114,9,0.006733112770081817,0.030219985962016693,1
8,0.05,12,114,10,0.002151153502349956,0.00696550211993241,1
8,0.05,12,115,1,1.1957044574949371,4.5256431322074615,5
8,0.05,12,115,2,0.859181064929551,3.388122611612486,6
8,0.05,12,115,3,0.6682509243856067,2.662584557078306,5
8,0.05,12,115,4,0.4476601624395222,2.0842191190279475,2
8,0.05,12,115,5,0.17772653564198748,0.8094266673543231,6
8,0.05,12,115,6,0.12461494647412863,0.7119907439522972,3
8,0.05,12,115,7,0.09821541485704799,0.47591632909565185,2
8,0.05,12,115,8,0.02960560503434806,0.14716375657298464,2
8,0.05,12,115,9,0.01128887570533621,0.04351487986105873,2
8,0.05,12,115,10,0.002828734352991802,0.008449983694495344,1
8,0.05,12,116,1,1.4571135907752968,5.2750433037458055,7
8,0.05,12,116,2,1.108208827330703,4.14263613347177,7
8,0.05,12,116,3,0.7528303205405642,2.997692240227467,7
8,0.05,12,116,4,0.5170037564232466,2.158525057456467,4
8,0.05,12,116,5,0.4020663843152654,1.7023294442159909,3
8,0.05,12,116,6,0.21441195371459898,0.768744177649058,2
8,0.05,12,116,7,0.06757442126281177,0.35328066431835836,3
8,0.05,12,116,8,0.022775031295072523,0.10306777209430429,2
8,0.05,12,116,9,0.005423201206074424,0.018661438929939322,2
8,0.05,12,116,10,0.00100144904866184,0.0035077793398183843,1
8,0.05,12,117,1,1.5827139481572914,5.743984905471681,4
8,0.05,12,117,2,1.3146144646954951,4.795384970980148,4
8,0.05,12,117,3,0.9508702785910828,3.692658413608253,3
8,0.05,12,117,4,0.7165632653195146,2.7191478115246035,4
8,0.05,12,117,5,0.3660505752475274,1.6425649285273938,3
8,0.05,12,117,6,0.1946775941577954,1.0694729165601018,4
8,0.05,12,117,7,0.12145020128714634,0.6321619622070447,3
8,0.05,12,117,8,0.024244540661115366,0.17158293391733004,2
8,0.05,12,117,9,0.011013044472935718,0.04435674209165086,1
8,0.05,12,117,10,0.0033296135624851786,0.010305710694741066,1
8,0.05,12,118,1,1.6262369800126244,5.494572454744242,8
8,0.05,12,118,2,1.287237033120256,4.437505393111563,8
8,0.05,12,118,3,0.8441935450175926,3.4753530653322127,6
8,0.05,12,118,4,0.5754277246234771,2.550237088180479,6
8,0.05,12,118,5,0.3185349592968798,1.5847374986731655,5
8,0.05,12,118,6,0.1439200551851556,1.0008390270300467,3
8,0.05,12,118,7,0.07438845814160544,0.5530033500062164,2
8,0.05,12,118,8,0.031247396771405533,0.2581482331588294,2
8,0.05,12,118,9,0.012939538028376774,0.06010750118935526,1
8,0.05,12,118,10,0.004992135466167724,0.014509551236331575,1
8,0.05,12,119,1,1.2290635408220183,4.921036286165824,5
8,0.05,12,119,2,0.9073821517538541,3.549201214370262,7
8,0.05,12,119,3,0.7110545294301396,3.1334214486584973,5
8,0.05,12,119,4,0.5077199933793715,2.363603575675244,5
8,0.05,12,119,5,0.15070457846257312,0.8685024690820029,3
8,0.05,12,119,6,0.0760325461684559,0.4611060290392306,3
8,0.05,12,119,7,0.037417249217121196,0.19316103025221842,1
8,0.05,12,119,8,0.017144355755242202,0.08710780878549151,1
8,0.05,12,119,9,0.002337173245717139,0.011637155584562464,2
8,0.05,12,119,10,0.0017743045166653815,0.006410552298575567,1
8,0.05,12,120,1,1.2514326155200983,4.506082242812624,2
8,0.05,12,120,2,1.0751937918669192,4.070797578722349,2
8,0.05,12,120,3,0.8281563420353386,3.307445899506508,2
8,0.05,12,120,4,0.4096983766020763,1.9461053091319904,2
8,0.05,12,120,5,0.17951594699501427,0.9377784661913058,2
8,0.05,12,120,6,0.15352749472726046,0.7799173435456463,2
8,0.05,12,120,7,0.06774376369959967,0.19155115945009804,1
8,0.05,12,120,8,0.013952272809873989,0.10355566591817222,2
8,0.05,12,120,9,0.010224636388073804,0.06765768421927199,2
8,0.05,12,120,10,0.00307326557498655,0.011482465392818497,1
8,0.05,12,121,1,1.8090304460313043,6.698978623867202,5
8,0.05,12,121,2,1.6852550606905439,6.296410208637955,4
8,0.05,12,121,3,1.3399311441558766,5.1749092379957595,4
8,0.05,12,121,4,0.9202048480206386,3.843255919721127,3
8,0.05,12,121,5,0.5903285822565216,2.398894335121332,2
8,0.05,12,121,6,0.3068978043018902,1.1160809668377247,2
8,0.05,12,121,7,0.15245562086692743,0.6821412907757889,3
8,0.05,12,121,8,0.05533241916995024,0.20039657928935561,2
8,0.05,12,121,9,0.014967235188766637,0.025474942629006847,1
8,0.05,12,121,10,0.0038709984568754408,0.004847369086249387,1
8,0.05,12,122,1,1.4159327544912799,4.989372938643903,9
8,0.05,12,122,2,1.1882782852676606,4.474040432816324,8
8,0.05,12,122,3,1.0167020202275623,4.029784927146107,7
8,0.05,12,122,4,0.5337182722570795,2.4642160718432002,6
8,0.05,12,122,5,0.4420819558390576,2.0618295208359356,5
8,0.05,12,122,6,0.1976738554745161,1.0919479335791298,4
8,0.05,12,122,7,0.11046533912618628,0.6148912393483297,3
8,0.05,12,122,8,0.07504152179760126,0.32786255689979527,2
8,0.05,12,122,9,0.023494203423801707,0.09398313058080987,1
8,0.05,12,122,10,0.007359066692039562,0.014464962718488295,1
8,0.05,12,123,1,1.484423816623579,5.138091500066173,9
8,0.05,12,123,2,1.2635708286790575,4.7060218636308715,8
8,0.05,12,123,3,0.8920927628702842,3.728695605248218,7
8,0.05,12,123,4,0.5941915982919248,2.6808178832503042,6
8,0.05,12,123,5,0.3224428972099318,1.3222259083921806,6
8,0.05,12,123,6,0.2025146712549919,1.129514597329667,4
8,0.05,12,123,7,0.10500094894945988,0.607822692764513,3
8,0.05,12,123,8,0.041632010002679465,0.20055570378898402,2
8,0.05,12,123,9,0.01786653770995983,0.04464969082687453,2
8,0.05,12,123,10,0.002222681666040671,0.006166552682937976,1
8,0.05,12,124,1,0.9926121300270516,2.837473376247475,1
8,0.05,12,124,2,0.817279568178197,3.12859111339934,8
8,0.05,12,124,3,0.49490120388820813,2.022838619081833,8
8,0.05,12,124,4,0.24179415510118574,0.9834632595910247,1
8,0.05,12,124,5,0.11580113018952076,0.45732383140623156,6
8,0.05,12,124,6,0.06403019872069038,0.36982718296699524,2
8,0.05,12,124,7,0.03774847418596394,0.14351885301096345,1
8,0.05,12,124,8,0.008039396724829118,0.03073151236866245,3
8,0.05,12,124,9,0.005073780710915798,0.018459463949353605,2
8,0.05,12,124,10,0.0032349984060928705,0.006828911509689561,1
8,0.05,12,125,1,1.5026685333984133,5.483481265940739,4
8,0.05,12,125,2,1.277784090841294,4.65962060841937,3
8,0.05,12,125,3,0.9583502465498768,3.5621709594375943,2
8,0.05,12,125,4,0.5760177414110643,2.364001842272586,3
8,0.05,12,125,5,0.31589294099012477,1.57377793431119,3
8,0.05,12,125,6,0.20106517550753722,1.0333548972866673,4
8,0.05,12,125,7,0.12488108035825718,0.5871419766081161,3
8,0.05,12,125,8,0.03125852370781956,0.12464199052598879,3
8,0.05,12,125,9,0.009501881269915913,0.04257322067764058,1
8,0.05,12,125,10,0.0033490075941529085,0.010012138942999016,1
8,0.05,12,126,1,1.3374479803874557,4.111191822368591,9
8,0.05,12,126,2,0.8750353670061344,3.0662299329347587,8
8,0.05,12,126,3,0.5282421356854918,2.052105174532352,7
8,0.05,12,126,4,0.3200820504420996,1.1275921886624136,7
8,0.05,12,126,5,0.14833203191334476,0.73301288388393,5
8,0.05,12,126,6,0.08484122091241986,0.36617410874705314,4
8,0.05,12,126,7,0.026137276424638145,0.10401128241213264,4
8,0.05,12,126,8,0.008801333816123247,0.07011410831472809,2
8,0.05,12,126,9,0.0045006102360609646,0.024084237836678568,1
8,0.05,12,126,10,0.0015895578055769022,0.00691003444707583,1
8,0.05,12,127,1,1.4676541761312016,5.613170515753952,6
8,0.05,12,127,2,1.1460945471642496,4.443137707346777,6
8,0.05,12,127,3,0.9269074176208782,3.677502510214479,6
8,0.05,12,127,4,0.5494806597844288,2.457334892346692,3
8,0.05,12,127,5,0.4518828932669692,2.0275500276215794,2
8,0.05,12,127,6,0.23246849548363002,1.0917096406217137,2
8,0.05,12,127,7,0.11237094104227552,0.41616751216132997,1
8,0.05,12,127,8,0.04262193103447487,0.14793885669953077,2
8,0.05,12,127,9,0.013106869051402015,0.03592998860601604,1
8,0.05,12,127,10,0.0025301813762261816,0.005587611965763628,1
8,0.05,12,128,1,1.3416960925218504,4.7881782624909714,3
8,0.05,12,128,2,1.1222777279081946,4.0556698572604315,8
8,0.05,12,128,3,0.7465470861288672,2.9719737762250364,7
8,0.05,12,128,4,0.5076679559478272,1.922706820691694,7
8,0.05,12,128,5,0.2848020247350469,1.0767101716970284,6
8,0.05,12,128,6,0.1504507844948222,0.8805524774865727,3
8,0.05,12,128,7,0.08478676008023811,0.5761991962595427,3
8,0.05,12,128,8,0.046336565064148516,0.24054178870538578,3
8,0.05,12,128,9,0.025761113911411115,0.10133053282191717,2
8,0.05,12,128,10,0.008841277364453504,0.021223359301723477,1
8,0.05,12,129,1,1.3080099877766393,4.036598812644559,7
8,0.05,12,129,2,0.964363060345498,2.9760326849213747,7
8,0.05,12,129,3,0.43324505732542207,1.7233566751641636,7
8,0.05,12,129,4,0.31111618559445375,1.2028179865553845,6
8,0.05,12,129,5,0.12719881173454084,0.6185256946698896,2
8,0.05,12,129,6,0.05237120296586184,0.19714529410115134,1
8,0.05,12,129,7,0.014169900489871878,0.07055452001931606,1
8,0.05,12,129,8,0.0053947086253458565,0.03684745556635605,2
8,0.05,12,129,9,0.0030750416359914823,0.012899484846416343,1
8,0.05,12,129,10,0.000828157837844401,0.0033045820599184594,1
8,0.05,12,130,1,1.2742086340883816,5.334005090778836,4
8,0.05,12,130,2,1.0285822463056604,4.283040394417894,3
8,0.05,12,130,3,0.7750227432415748,3.434995207599199,3
8,0.05,12,130,4,0.5648737698040307,2.9000598800951334,4
8,0.05,12,130,5,0.3894815085195624,1.9810462682151417,3
8,0.05,12,130,6,0.20307707242361772,1.1223616412231863,3
8,0.05,12,130,7,0.11038096900938044,0.5302638140413531,3
8,0.05,12,130,8,0.05942731201723106,0.2056949275958111,3
8,0.05,12,130,9,0.011515536174862007,0.04684670297650584,1
8,0.05,12,130,10,0.005641865170225913,0.016324224580648306,1
8,0.05,12,131,1,1.4851523424576563,4.990691020013591,9
8,0.05,12,131,2,1.1479525554736796,4.634791587828433,7
8,0.05,12,131,3,0.9059544549422291,3.7027391815379165,7
8,0.05,12,131,4,0.6477289104043003,2.3213754126221406,7
8,0.05,12,131,5,0.39912314613067323,2.1309902130046847,4
8,0.05,12,131,6,0.20238924155345828,1.292113444880929,4
8,0.05,12,131,7,0.1263352493128238,0.5236895753099464,4
8,0.05,12,131,8,0.06418322784673336,0.21309933654022117,3
8,0.05,12,131,9,0.033803061315321514,0.1007366692956051,2
8,0.05,12,131,10,0.006880748116021351,0.013846887320701384,1
8,0.05,12,132,1,1.1899390891014896,3.5154637808179707,9
8,0.05,12,132,2,0.8558507030003604,2.8701415462292807,5
8,0.05,12,132,3,0.5966233787862834,2.1841855492576947,1
8,0.05,12,132,4,0.32100989427649296,1.4437047061631674,5
8,0.05,12,132,5,0.16113808015800046,0.7551512316388429,5
8,0.05,12,132,6,0.07235677868991175,0.35623151544717047,4
8,0.05,12,132,7,0.023313148765808478,0.1531217242582983,2
8,0.05,12,132,8,0.010507019832012077,0.05675100123729848,2
8,0.05,12,132,9,0.0039059508546159805,0.016050428722930832,1
8,0.05,12,132,10,0.0011799580126989895,0.0033243152848960733,1
8,0.05,12,133,1,1.242009888383663,4.2127298119942935,8
8,0.05,12,133,2,0.9100775202511429,3.3024936980514106,8
8,0.05,12,133,3,0.4966667876534885,1.9092974911117615,8
8,0.05,12,133,4,0.23447344740216636,1.0968851489582985,5
8,0.05,12,133,5,0.10569736723763512,0.6025742500688374,5
8,0.05,12,133,6,0.04476193427032982,0.2703717362961964,2
8,0.05,12,133,7,0.022296110104342404,0.11896648868714266,2
8,0.05,12,133,8,0.007617252994769785,0.02799277463392258,1
8,0.05,12,133,9,0.0028950676822390164,0.010335484879316681,1
8,0.05,12,133,10,0.0009079153926734307,0.0025997757396787335,1
8,0.05,12,134,1,1.3611128044498741,4.963214341364001,7
8,0.05,12,134,2,1.0691676377736457,4.298228882088296,5
8,0.05,12,134,3,0.7725767402326618,3.196722443671412,5
8,0.05,12,134,4,0.4770481028235096,2.126613259493393,3
8,0.05,12,134,5,0.25020397832603436,1.2565529868973364,2
8,0.05,12,134,6,0.13586312003632983,0.5888035950621742,1
8,0.05,12,134,7,0.0832748563749739,0.297289235638555,1
8,0.05,12,134,8,0.021328791009690207,0.07823221979708883,3
8,0.05,12,134,9,0.009725462872765434,0.03165792382046462,2
8,0.05,12,134,10,0.005407667696701424,0.012082825611161141,1
8,0.05,12,135,1,1.3689008197511896,5.170997990832122,5
8,0.05,12,135,2,1.210179422760639,4.592100105235454,6
8,0.05,12,135,3,0.7808119780327587,3.1875829841194427,5
8,0.05,12,135,4,0.62631200462123,2.6469265044266788,6
8,0.05,12,135,5,0.38068871724447106,1.4713128638598398,6
8,0.05,12,135,6,0.16087130626170776,0.6226661933400113,5
8,0.05,12,135,7,0.06269259846175856,0.2798688107955023,1
8,0.05,12,135,8,0.018048463470261566,0.1330231069379071,2
8,0.05,12,135,9,0.01100549555541619,0.04349537241949797,2
8,0.05,12,135,10,0.005129774562899314,0.014454618913253725,1
8,0.05,12,136,1,1.271724064040498,5.053194736155762,3
8,0.05,12,136,2,1.0832250603522624,4.234992644824624,2
8,0.05,12,136,3,0.7705623080113355,3.4160739322041653,2
8,0.05,12,136,4,0.6314878608432153,3.147628862328199,4
8,0.05,12,136,5,0.4173006992320758,2.3093173843875725,3
8,0.05,12,136,6,0.2927621888684442,1.6181798774050442,2
8,0.05,12,136,7,0.17663859685689687,1.032211825444838,2
8,0.05,12,136,8,0.06791931614051805,0.3702411526958489,2
8,0.05,12,136,9,0.03423154278137375,0.09422501443417097,2
8,0.05,12,136,10,0.006334753125400994,0.011665302573197422,1
8,0.05,12,137,1,1.2161191456223115,4.326970595734332,3
8,0.05,12,137,2,1.054030383604033,3.8141317640728953,2
8,0.05,12,137,3,0.6273775559410417,2.399431776639604,3
8,0.05,12,137,4,0.46528879392277034,1.886592944978167,2
8,0.05,12,137,5,0.1800537043985564,0.859040796962157,3
8,0.05,12,137,6,0.08355707005650004,0.5105007471381597,2
8,0.05,12,137,7,0.04112163212555231,0.25290648661085946,3
8,0.05,12,137,8,0.0242136844478118,0.14755440456611169,2
8,0.05,12,137,9,0.008284086521580747,0.03716098593357664,2
8,0.05,12,137,10,0.0023009767996633457,0.007989080064996656,1
8,0.05,12,138,1,1.2435997920493627,5.36915553223149,7
8,0.05,12,138,2,1.000514427717647,4.46407399436792,6
8,0.05,12,138,3,0.714905670310209,3.384645164511861,7
8,0.05,12,138,4,0.5179831962527857,2.5681256447219223,6
8,0.05,12,138,5,0.25328788667295754,1.5321462274284219,5
8,0.05,12,138,6,0.1399230899779198,0.9683112497977682,2
8,0.05,12,138,7,0.07566815869551391,0.3228029815954532,1
8,0.05,12,138,8,0.030441605637953728,0.2133480963655643,2
8,0.05,12,138,9,0.016054910861161176,0.059169738646630776,2
8,0.05,12,138,10,0.008171567927028889,0.015231944704455103,1
8,0.05,12,139,1,1.3434606058552276,4.463864347583661,2
8,0.05,12,139,2,0.9487175378952308,3.8600179139887008,3
8,0.05,12,139,3,0.7650213278457549,3.2169884406333953,2
8,0.05,12,139,4,0.4548414117244448,2.182294506440787,2
8,0.05,12,139,5,0.29090663812108275,1.4630677819514286,2
8,0.05,12,139,6,0.13286407523499477,0.7248815698182067,2
8,0.05,12,139,7,0.06515061494879859,0.3307848072898345,2
8,0.05,12,139,8,0.030275403170151094,0.07674738836768746,1
8,0.05,12,139,9,0.006062372041640174,0.017072757292488916,1
8,0.05,12,139,10,0.0022024305253651733,0.00601779971735894,1
8,0.05,12,140,1,1.1214304313340833,3.97256197890219,9
8,0.05,12,140,2,0.8898006176956805,3.429538956229928,8
8,0.05,12,140,3,0.6238620902472718,2.1662071056374987,2
8,0.05,12,140,4,0.33133202416526686,1.3567469036388768,2
8,0.05,12,140,5,0.2432557423916748,1.1550736836733915,5
8,0.05,12,140,6,0.14864753057331725,0.44160295695551177,5
8,0.05,12,140,7,0.02694615972026071,0.061677668854956735,4
8,0.05,12,140,8,0.016072993728776908,0.08419564729534379,2
8,0.05,12,140,9,0.01003849487979025,0.025289783757409978,2
8,0.05,12,140,10,0.002197817408173819,0.0047568291782038585,1
8,0.05,12,141,1,1.386489408885172,5.625861835940492,5
8,0.05,12,141,2,1.1198490230913372,4.557162437365475,4
8,0.05,12,141,3,0.8350487930406594,3.4815400402528223,4
8,0.05,12,141,4,0.5765397402924037,2.5710120050252154,4
8,0.05,12,141,5,0.5018381857182099,2.374231083791308,5
8,0.05,12,141,6,0.28473879809613933,1.422912969696318,4
8,0.05,12,141,7,0.13961269312544644,0.8304746101666041,3
8,0.05,12,141,8,0.06016256722330482,0.2888375490200641,2
8,0.05,12,141,9,0.014855276444979637,0.04077968219886863,1
8,0.05,12,141,10,0.0036498266515110345,0.0072315738524242335,1
8,0.05,12,142,1,1.3425455249891698,5.085913790246318,9
8,0.05,12,142,2,1.1408032437984659,4.640562160180535,8
8,0.05,12,142,3,0.942187508763709,3.9623810365731433,7
8,0.05,12,142,4,0.5716195454119593,2.1007216830953226,7
8,0.05,12,142,5,0.35103211953820335,1.9492057554684141,5
8,0.05,12,142,6,0.19343850211562597,0.723924963602153,5
8,0.05,12,142,7,0.10325999925849061,0.5918849924661025,3
8,0.05,12,142,8,0.054911477079521376,0.1426496617566091,3
8,0.05,12,142,9,0.024878277424498663,0.10238471650138159,1
8,0.05,12,142,10,0.013258763009805108,0.021723774491205106,1
8,0.05,12,143,1,1.5811321655970936,5.556972560051662,4
8,0.05,12,143,2,1.2717723863677115,4.530673389568932,3
8,0.05,12,143,3,0.8893717707896052,3.567255825364093,4
8,0.05,12,143,4,0.6257583539113263,2.6149302440055067,4
8,0.05,12,143,5,0.3364468532665157,1.6279994868816914,3
8,0.05,12,143,6,0.22408424801322369,0.8287170425947039,5
8,0.05,12,143,7,0.11396868628451173,0.42284481309167177,4
8,0.05,12,143,8,0.03752326558700858,0.16395893460390454,3
8,0.05,12,143,9,0.013811981009656193,0.04857265112377185,2
8,0.05,12,143,10,0.0019231856278274506,0.005528830478446878,1
8,0.05,12,144,1,1.251904141700809,4.783498288125651,7
8,0.05,12,144,2,0.964178761986151,3.8742039458150703,5
8,0.05,12,144,3,0.6808595353049292,2.6758620620991653,7
8,0.05,12,144,4,0.5133543251767101,2.4491810115986414,3
8,0.05,12,144,5,0.3112337600607127,1.5600894014093072,2
8,0.05,12,144,6,0.1492875135485221,0.6345265930140318,1
8,0.05,12,144,7,0.05010816359018477,0.22010093752670556,1
8,0.05,12,144,8,0.02233890576700759,0.09780023118877246,3
8,0.05,12,144,9,0.011968780610761343,0.039767732190307825,2
8,0.05,12,144,10,0.0062631441234834995,0.012091914969341033,1
8,0.05,12,145,1,1.4938588584852788,4.566578780598341,3
8,0.05,12,145,2,1.1496080214843403,3.503628830336602,3
8,0.05,12,145,3,0.7243446117418131,2.365814573015708,3
8,0.05,12,145,4,0.37495698651143883,1.2769087276125628,1
8,0.05,12,145,5,0.16851663485711654,0.6173067494589475,1
8,0.05,12,145,6,0.04318476515873826,0.14219369979408647,1
8,0.05,12,145,7,0.01434729395324652,0.07035582782448913,4
8,0.05,12,145,8,0.008192827600215224,0.03449391097509924,3
8,0.05,12,145,9,0.0021909625458498283,0.011670404301135306,1
8,0.05,12,145,10,0.001313379436762574,0.003979401373289448,1
8,0.05,12,146,1,1.3488635402522462,4.883727410511675,7
8,0.05,12,146,2,1.0593814048328198,3.821782278373,8
8,0.05,12,146,3,0.7539167747704525,2.966039473164493,7
8,0.05,12,146,4,0.45976995916874586,1.9042216765188442,4
8,0.05,12,146,5,0.21771352256979526,1.0382813737558347,2
8,0.05,12,146,6,0.13391633458595464,0.7038879251766073,2
8,0.05,12,146,7,0.036054999304948154,0.253069559215497,2
8,0.05,12,146,8,0.02229136108091012,0.1255797007998556,2
8,0.05,12,146,9,0.005916175957498382,0.024921100196706902,2
8,0.05,12,146,10,0.0015437867480976308,0.0049927778034764,1
8,0.05,12,147,1,1.479204593453158,5.669212235080172,6
8,0.05,12,147,2,1.2975949226844783,5.100049879341517,5
8,0.05,12,147,3,1.0934959064777416,4.296209883264298,4
8,0.05,12,147,4,0.7201872459008385,2.9443074819086217,4
8,0.05,12,147,5,0.5131676458803973,2.130079690897526,4
8,0.05,12,147,6,0.2330386608907311,1.0030793727584335,2
8,0.05,12,147,7,0.10887598208180549,0.4913667503372814,2
8,0.05,12,147,8,0.04349753479304752,0.18398229138691669,2
8,0.05,12,147,9,0.016559527203131807,0.03418295390793524,2
8,0.05,12,147,10,0.0026942162844605377,0.004181467094644731,1
8,0.05,12,148,1,1.5017242661292016,5.49545523933519,8
8,0.05,12,148,2,1.2170833345734948,4.768907594703233,7
8,0.05,12,148,3,0.9126940618182076,3.614741291078275,7
8,0.05,12,148,4,0.5192925373468746,2.4336150382824755,6
8,0.05,12,148,5,0.35007789590825666,1.7953198924411318,4
8,0.05,12,148,6,0.17019315177589078,0.8566841757471426,3
8,0.05,12,148,7,0.07168506867094493,0.36085768702263543,3
8,0.05,12,148,8,0.030581602076903636,0.10002080219312148,3
8,0.05,12,148,9,0.005910974803594371,0.02526061220625664,1
8,0.05,12,148,10,0.0025971548925340926,0.006328345794669232,1
8,0.05,12,149,1,1.7742004050357139,6.968086464989881,6
8,0.05,12,149,2,1.568295498866867,6.264476326716828,5
8,0.05,12,149,3,1.2248857605172532,5.093263424194486,5
8,0.05,12,149,4,1.0418898527316145,4.477948553226305,3
8,0.05,12,149,5,0.7028789540160858,3.14248556396317,2
8,0.05,12,149,6,0.4727298222014369,2.4586761829757577,3
8,0.05,12,149,7,0.2926890171144052,1.501511972956564,3
8,0.05,12,149,8,0.09808226746794446,0.3728784531597622,1
8,0.05,12,149,9,0.04778695843302572,0.1479264060270502,1
8,0.05,12,149,10,0.0220849914860608,0.047009393493134155,1
8,0.05,12,150,1,1.4098960463540315,5.217132925800067,5
8,0.05,12,150,2,1.0695933672630638,4.184229975302143,4
8,0.05,12,150,3,0.7975678293990676,3.2041164571114837,3
8,0.05,12,150,4,0.4409399818640729,1.8056661414280732,7
8,0.05,12,150,5,0.2534835825470019,1.0844966033475156,6
8,0.05,12,150,6,0.13814388833254654,0.6547134786630124,5
8,0.05,12,150,7,0.07080080377494724,0.32924319561205273,4
8,0.05,12,150,8,0.022842328957960234,0.12089398975660082,3
8,0.05,12,150,9,0.010192285554289526,0.05657983479529527,2
8,0.05,12,150,10,0.004576762203956974,0.012748222422919397,1
8,0.05,12,151,1,1.3369824358309543,4.858274966685144,7
8,0.05,12,151,2,1.0248950489249076,3.836726918187267,6
8,0.05,12,151,3,0.7714980235163402,2.9434355449972074,4
8,0.05,12,151,4,0.6594268219661998,2.45870809330674,4
8,0.05,12,151,5,0.3234753130671493,1.4841618889261454,4
8,0.05,12,151,6,0.13950695550877512,0.7774801221045671,2
8,0.05,12,151,7,0.09705717224575494,0.43105619523860206,2
8,0.05,12,151,8,0.019823814617886626,0.10861587568339992,2
8,0.05,12,151,9,0.006566103160054126,0.0323868496560209,2
8,0.05,12,151,10,0.0015742983388520315,0.007025853828352524,1
8,0.05,12,152,1,1.3778354736053657,5.43837721881124,3
8,0.05,12,152,2,1.0755252644692526,4.625360478631581,6
8,0.05,12,152,3,0.851355940807899,3.7261197689787338,6
8,0.05,12,152,4,0.5623978885164789,2.8058409914581652,4
8,0.05,12,152,5,0.5119543678951466,2.565792468485,3
8,0.05,12,152,6,0.3108156576851755,1.71165492001251,3
8,0.05,12,152,7,0.1423601119614304,0.8635004930289334,3
8,0.05,12,152,8,0.07983395180683672,0.266362231258789,3
8,0.05,12,152,9,0.028026262468781482,0.08445135458597441,2
8,0.05,12,152,10,0.013694303922260787,0.02378810093987127,1
8,0.05,12,153,1,1.411578084038787,5.348514665722805,8
8,0.05,12,153,2,1.1556181765327125,4.637809919211099,7
8,0.05,12,153,3,0.8257121078489078,3.579852368234098,6
8,0.05,12,153,4,0.5870341697883603,2.5377007221422243,5
8,0.05,12,153,5,0.2787950616114827,1.4551591478723598,5
8,0.05,12,153,6,0.12955690266730358,0.7077224260975719,3
8,0.05,12,153,7,0.056523873882181164,0.24668494403152508,1
8,0.05,12,153,8,0.03842530865543381,0.1607340830192463,1
8,0.05,12,153,9,0.008711020492555122,0.04724706292300063,1
8,0.05,12,153,10,0.003758080275375164,0.01069591345223131,1
8,0.05,12,154,1,1.4497989643441365,5.393637869992167,8
8,0.05,12,154,2,1.237042254755032,4.53254123997351,8
8,0.05,12,154,3,0.9310580594024849,3.9350625584180268,6
8,0.05,12,154,4,0.7183013498133839,3.073965928399369,6
8,0.05,12,154,5,0.31880796922807164,1.7191914893619362,4
8,0.05,12,154,6,0.23219983469104477,1.3620115091645406,2
8,0.05,12,154,7,0.12103730660879464,0.7953148859667198,2
8,0.05,12,154,8,0.08619886733240989,0.45774998435237535,2
8,0.05,12,154,9,0.037664631875713894,0.13705598588495072,1
8,0.05,12,154,10,0.007598640379949728,0.018136648085537388,1
8,0.05,12,155,1,1.303277465591222,4.76289759707131,3
8,0.05,12,155,2,0.9893136334624408,3.7796006632128627,7
8,0.05,12,155,3,0.7709167278947362,3.0145712009360874,4
8,0.05,12,155,4,0.583981342477685,2.432084548153762,3
8,0.05,12,155,5,0.22171365387739428,1.2857918575774718,2
8,0.05,12,155,6,0.09898635973367931,0.5054906714142042,1
8,0.05,12,155,7,0.04375793924719673,0.3051742036482654,2
8,0.05,12,155,8,0.024081622297554617,0.10542689785817316,1
8,0.05,12,155,9,0.007106487328268685,0.03677964659152977,2
8,0.05,12,155,10,0.003632628812070493,0.011639801316176701,1
8,0.05,12,156,1,1.3251709211896667,5.240810997873474,6
8,0.05,12,156,2,1.0642115577363072,4.41400829799246,6
8,0.05,12,156,3,0.8394226662101794,3.4580507974128416,6
8,0.05,12,156,4,0.5211999777361314,2.2852330165123007,5
8,0.05,12,156,5,0.2909936507007842,1.2388389785931917,4
8,0.05,12,156,6,0.1327075756343774,0.6107461062201835,3
8,0.05,12,156,7,0.07187194782946449,0.27007302629271024,3
8,0.05,12,156,8,0.033405181719892596,0.0647239467182743,3
8,0.05,12,156,9,0.00781975170311,0.01844520029793273,2
8,0.05,12,156,10,0.003677121095140734,0.00646843005568698,1
8,0.05,12,157,1,1.6688092382703417,5.787098152393838,8
8,0.05,12,157,2,1.2646955885144848,4.750712779603322,7
8,0.05,12,157,3,0.9826557067331407,3.972453848935057,6
8,0.05,12,157,4,0.7990116792490412,3.2639687915241034,5
8,0.05,12,157,5,0.493892118566162,2.1521787530696077,4
8,0.05,12,157,6,0.22423916691468548,1.0834953854392868,3
8,0.05,12,157,7,0.08864203293139639,0.3091568095867139,3
8,0.05,12,157,8,0.03453333474965348,0.0996280484884764,3
8,0.05,12,157,9,0.011489743080577597,0.03361258092699515,1
8,0.05,12,157,10,0.004324606805624853,0.00948276796444425,1
8,0.05,12,158,1,1.3785397582481629,4.861785023326519,5
8,0.05,12,158,2,1.0025358265643156,3.6765056332935657,4
8,0.05,12,158,3,0.669091455863768,2.5642603306417158,3
8,0.05,12,158,4,0.4124339011664766,1.8086269721355066,2
8,0.05,12,158,5,0.22197349111362996,0.9617166793751242,1
8,0.05,12,158,6,0.0859462539447513,0.3591871531875377,1
8,0.05,12,158,7,0.025753864018867034,0.11394458352683756,4
8,0.05,12,158,8,0.012877150891593914,0.062179660946876325,1
8,0.05,12,158,9,0.0035947007876337977,0.01600590765079346,2
8,0.05,12,158,10,0.0019295592847292653,0.0059253233912262004,1
8,0.05,12,159,1,1.4779161314339824,5.7464307657953775,3
8,0.05,12,159,2,1.3312549387646762,4.993220136958129,2
8,0.05,12,159,3,1.011395743168709,4.497469983706907,3
8,0.05,12,159,4,0.8647345504994064,3.744259354869655,2
8,0.05,12,159,5,0.4862167915562523,2.398107693376261,2
8,0.05,12,159,6,0.2756289094183906,1.4841565356436348,2
8,0.05,12,159,7,0.12145747625824654,0.6684417001711118,2
8,0.05,12,159,8,0.03892301411806187,0.1302954598170487,1
8,0.05,12,159,9,0.025268140963611074,0.11933481258629186,2
8,0.05,12,159,10,0.008759232338181988,0.019830862636112556,1
8,0.05,12,160,1,1.4618228343720112,5.6474103494002605,6
8,0.05,12,160,2,1.0246143198689381,4.301321359096011,3
8,0.05,12,160,3,0.8769447742386305,3.7856578859730057,3
8,0.05,12,160,4,0.7042316441900596,3.042761636578927,3
8,0.05,12,160,5,0.4591745080262797,2.1648346407558936,2
8,0.05,12,160,6,0.18275072529768366,0.7671920427249113,1
8,0.05,12,160,7,0.05091793687097024,0.45486708376366103,3
8,0.05,12,160,8,0.03184858708579341,0.24023474919988175,2
8,0.05,12,160,9,0.013108014802345025,0.05736852810928639,1
8,0.05,12,160,10,0.005189819169792997,0.012529126803313417,1
8,0.05,12,161,1,1.2503599689414067,4.171784257706806,9
8,0.05,12,161,2,1.035694108264476,3.654854999379447,8
8,0.05,12,161,3,0.8493646362544958,3.1384159810938232,7
8,0.05,12,161,4,0.5163528733938634,2.1299531096308453,6
8,0.05,12,161,5,0.3376828100334599,1.578680337647894,5
8,0.05,12,161,6,0.20112348908407185,0.9355380154763324,4
8,0.05,12,161,7,0.04809670588896964,0.30017230344498813,3
8,0.05,12,161,8,0.006640126325869744,0.03368482639787551,3
8,0.05,12,161,9,0.004312832416118795,0.02329094872161619,1
8,0.05,12,161,10,0.0007113979346407007,0.002472769151401266,1
8,0.05,12,162,1,1.3140591582846142,4.588318650388922,3
8,0.05,12,162,2,1.031750201865794,3.787286983927425,2
8,0.05,12,162,3,0.6973930388533063,2.46536925540609,1
8,0.05,12,162,4,0.4055077324802596,1.7461317702776835,6
8,0.05,12,162,5,0.2439789337062841,0.8156137726658397,6
8,0.05,12,162,6,0.13333346750303576,0.3665501978127921,5
8,0.05,12,162,7,0.0527948689220068,0.29071111154952867,3
8,0.05,12,162,8,0.031080707400498397,0.09744980985667873,3
8,0.05,12,162,9,0.010044602002011516,0.039295547698783295,2
8,0.05,12,162,10,0.005185320777410851,0.012236043625483362,1
8,0.05,12,163,1,1.4222881189176135,5.085203044555266,8
8,0.05,12,163,2,1.0573782800031637,3.9347381809240343,8
8,0.05,12,163,3,0.7678013349029094,3.084171246486287,6
8,0.05,12,163,4,0.4658894590814846,1.9440212496976113,5
8,0.05,12,163,5,0.25864598443823184,1.2488337114525958,4
8,0.05,12,163,6,0.11681652768124806,0.8345943563111735,3
8,0.05,12,163,7,0.042380612563476916,0.3410231156111845,2
8,0.05,12,163,8,0.02252352085898579,0.11302673055496015,3
8,0.05,12,163,9,0.009193493694549915,0.03921526289824406,2
8,0.05,12,163,10,0.0033643568200325547,0.009674834350844819,1
8,0.05,12,164,1,1.323018267695094,4.416277544151601,2
8,0.05,12,164,2,0.9579097415343263,3.5494852933780763,2
8,0.05,12,164,3,0.7583403986099135,3.1180066882811666,4
8,0.05,12,164,4,0.519450253191895,2.3688261013971044,3
8,0.05,12,164,5,0.3720970849280043,1.7682852173792032,2
8,0.05,12,164,6,0.12876786593963985,0.6863143661642788,4
8,0.05,12,164,7,0.07964591475494487,0.2633030269650565,4
8,0.05,12,164,8,0.04075833665431006,0.14224861472687422,3
8,0.05,12,164,9,0.02359195358415178,0.07600142446655056,2
8,0.05,12,164,10,0.0057710171927425336,0.014852166896661245,1
8,0.05,12,165,1,1.3016119773024535,4.791518344151296,5
8,0.05,12,165,2,1.0185263704101821,3.842247816223111,5
8,0.05,12,165,3,0.7013191535076935,3.1329267614515253,7
8,0.05,12,165,4,0.4922423826681097,1.9381030690158987,7
8,0.05,12,165,5,0.2677401348685322,1.205785390472176,6
8,0.05,12,165,6,0.14852491248367983,0.6089545836938246,5
8,0.05,12,165,7,0.08666140297187752,0.567730228114689,3
8,0.05,12,165,8,0.036942826780819615,0.15886523450829415,3
8,0.05,12,165,9,0.01363019243190422,0.05675142857594295,2
8,0.05,12,165,10,0.005335698168543956,0.011885324097821837,1
8,0.05,12,166,1,1.4918100435227473,5.376053250990799,3
8,0.05,12,166,2,1.2647985902732657,5.338350624739137,4
8,0.05,12,166,3,0.972868889146806,4.2723206354434335,4
8,0.05,12,166,4,0.767739379252486,3.434093755728272,4
8,0.05,12,166,5,0.5163224039669565,2.5516932298185306,4
8,0.05,12,166,6,0.4088927691033497,1.960824743025615,4
8,0.05,12,166,7,0.2180965189745656,1.088545428290585,3
8,0.05,12,166,8,0.15036022066803767,0.6179520183728027,2
8,0.05,12,166,9,0.027680095483564315,0.08385997252296384,1
8,0.05,12,166,10,0.005118055367169916,0.013419722156021052,1
8,0.05,12,167,1,1.4202387222413826,5.122867243259483,4
8,0.05,12,167,2,1.0069241354282212,3.00643256576881,1
8,0.05,12,167,3,0.8101928592687742,3.3459425562811784,2
8,0.05,12,167,4,0.5733010467087993,2.317772327869191,5
8,0.05,12,167,5,0.3721642300414594,1.561479927334446,4
8,0.05,12,167,6,0.2176283630610989,0.7759365937537162,4
8,0.05,12,167,7,0.10833791670570747,0.36134847464223796,3
8,0.05,12,167,8,0.045632003279958866,0.1893374705155182,2
8,0.05,12,167,9,0.023526608762807655,0.04948963593046862,1
8,0.05,12,167,10,0.0015638983832211295,0.0041446172867321,1
8,0.05,12,168,1,1.3760465611471986,4.9368072032466035,8
8,0.05,12,168,2,1.100341810665487,4.051216872159822,5
8,0.05,12,168,3,0.8779371781272971,3.393703316127011,5
8,0.05,12,168,4,0.7143254554556862,2.7149497563433034,5
8,0.05,12,168,5,0.5107436503464946,2.0926601573819887,4
8,0.05,12,168,6,0.31091528731650797,1.2412276889341527,3
8,0.05,12,168,7,0.1799474010389126,0.6688591631819705,2
8,0.05,12,168,8,0.058569507535231935,0.19689090070441218,1
8,0.05,12,168,9,0.011103290287621803,0.03781012078990109,1
8,0.05,12,168,10,0.003263727138651973,0.006065863137097338,1
8,0.05,12,169,1,1.189670365879163,4.301439199821278,9
8,0.05,12,169,2,0.9075102966321857,3.6981342040903478,8
8,0.05,12,169,3,0.69857517410885,3.343639460774,5
8,0.05,12,169,4,0.5166525494354453,2.610692623979972,5
8,0.05,12,169,5,0.3762873281428476,1.8292750425979438,5
8,0.05,12,169,6,0.2007927442940307,0.9665922426922275,4
8,0.05,12,169,7,0.11414257387886195,0.35935648913781115,4
8,0.05,12,169,8,0.03769966691447735,0.0772600853033758,3
8,0.05,12,169,9,0.015131231211082508,0.031186106569286665,2
8,0.05,12,169,10,0.0029339881185066474,0.0059920245416584805,1
8,0.05,12,170,1,1.4205596310419573,4.493082992744792,9
8,0.05,12,170,2,1.1317940735736798,3.776542097290264,8
8,0.05,12,170,3,0.7584240863767455,3.1358233004092995,2
8,0.05,12,170,4,0.6125381977070852,2.409395090392911,2
8,0.05,12,170,5,0.3237071511235392,1.2172081405177568,1
8,0.05,12,170,6,0.1479168044765018,0.4524488494313239,1
8,0.05,12,170,7,0.03529353292366366,0.24019482704033557,3
8,0.05,12,170,8,0.020217570611688274,0.14148533981609113,2
8,0.05,12,170,9,0.012130210669091923,0.051037889555210825,1
8,0.05,12,170,10,0.002787815941445615,0.009302492658632033,1
8,0.05,12,171,1,1.2213342948438601,4.498178636547051,6
8,0.05,12,171,2,0.9860943202603956,3.6553916201378964,7
8,0.05,12,171,3,0.6862073110335452,2.613922865101701,6
8,0.05,12,171,4,0.507714707972621,2.2843023433327367,3
8,0.05,12,171,5,0.3029507937632445,1.4149148265037255,4
8,0.05,12,171,6,0.24545198709074967,1.025657315525125,3
8,0.05,12,171,7,0.10767284794576071,0.28932898347782654,3
8,0.05,12,171,8,0.023770941687136116,0.04166489509819726,2
8,0.05,12,171,9,0.006370412753152976,0.009164132326590746,1
8,0.05,12,171,10,0.0008108285675980653,0.0018183151600847935,1
8,0.05,12,172,1,1.276617018921396,4.602295993840167,4
8,0.05,12,172,2,0.9971599682698162,3.7572392522494322,4
8,0.05,12,172,3,0.7445266554533951,2.663909502499626,2
8,0.05,12,172,4,0.5652946200956563,2.211709078085997,4
8,0.05,12,172,5,0.21778758682142652,0.920400318094968,2
8,0.05,12,172,6,0.1477756652833726,0.5845673296297882,2
8,0.05,12,172,7,0.04809841925332492,0.15905550807779179,2
8,0.05,12,172,8,0.0225199620767782,0.08657685585330555,2
8,0.05,12,172,9,0.005086373143914358,0.017909229333655574,2
8,0.05,12,172,10,0.0010739774097068278,0.0036206006896595255,1
8,0.05,12,173,1,1.4312838782263668,5.775192904295029,7
8,0.05,12,173,2,1.1561159215211063,4.480382814871209,8
8,0.05,12,173,3,0.9701953341847798,4.043742725902771,7
8,0.05,12,173,4,0.6340071561732401,2.831933877928659,6
8,0.05,12,173,5,0.43747854626303706,2.0084835219149326,5
8,0.05,12,173,6,0.23485802767203978,0.779762175787905,5
8,0.05,12,173,7,0.09811168147364313,0.41714150859728605,4
8,0.05,12,173,8,0.03575357714269245,0.1971947522638935,2
8,0.05,12,173,9,0.01999842023833409,0.04889989449416454,2
8,0.05,12,173,10,0.004495863405072242,0.008911072481506466,1
8,0.05,12,174,1,1.418085219566045,5.879813773084745,7
8,0.05,12,174,2,1.247997829501891,5.380618068650367,6
8,0.05,12,174,3,0.8875062173190535,4.327041839221554,4
8,0.05,12,174,4,0.7536866537960307,3.762863084563996,4
8,0.05,12,174,5,0.37487690499584403,2.2903721423060475,4
8,0.05,12,174,6,0.2520280413327036,1.577340487993002,2
8,0.05,12,174,7,0.10989958750536388,0.6933560054579804,2
8,0.05,12,174,8,0.06367470998416991,0.3154333802280309,2
8,0.05,12,174,9,0.024424435280089085,0.07954540364358209,2
8,0.05,12,174,10,0.005868187419491022,0.01232864225638508,1
8,0.05,12,175,1,1.4832573941849638,4.876884527568942,2
8,0.05,12,175,2,1.1804347656828469,4.254253875390882,2
8,0.05,12,175,3,0.8982637257900912,3.49864444589422,3
8,0.05,12,175,4,0.6819187390849599,2.707095914916133,3
8,0.05,12,175,5,0.4286616168224846,1.7717192886276987,2
8,0.05,12,175,6,0.10864355817014726,0.5106580102690437,2
8,0.05,12,175,7,0.03392506677272422,0.11024448654052854,1
8,0.05,12,175,8,0.0035222768797744664,0.02355466873518175,2
8,0.05,12,175,9,0.0012810182130387204,0.004555888442395073,1
8,0.05,12,175,10,0.00029672410730441356,0.0012000441953432528,1
8,0.05,12,176,1,1.5587086768642884,5.135577291901283,9
8,0.05,12,176,2,1.2159723646744816,4.394002049632904,8
8,0.05,12,176,3,0.8009161897602937,3.221349574693564,6
8,0.05,12,176,4,0.7039261845898253,2.767405398272617,6
8,0.05,12,176,5,0.34598771596408184,1.6917608741913526,4
8,0.05,12,176,6,0.28963821924473265,1.332493274544774,4
8,0.05,12,176,7,0.15101852702790097,0.7921104666958971,3
8,0.05,12,176,8,0.056405846148383176,0.1573496433094803,3
8,0.05,12,176,9,0.02140159171794309,0.08467141060146055,1
8,0.05,12,176,10,0.008486079147751013,0.013885225252455058,1
8,0.05,12,177,1,1.1189406507362065,3.534631615473028,7
8,0.05,12,177,2,0.7830988636644278,2.472366502815113,6
8,0.05,12,177,3,0.5223176909175464,1.7118781172200954,5
8,0.05,12,177,4,0.24223891876559023,0.862952317437653,4
8,0.05,12,177,5,0.042430246469372435,0.2621661449621726,4
8,0.05,12,177,6,0.016121770621634113,0.08282939957420865,4
8,0.05,12,177,7,0.00510076003360993,0.013860643326612632,4
8,0.05,12,177,8,0.0006298106576920759,0.0011458424453572036,3
8,0.05,12,177,9,8.284776803435534e-05,0.00028033258533355365,1
8,0.05,12,177,10,2.4106330727136083e-05,4.5674344786306165e-05,1
8,0.05,12,178,1,1.2699789894995241,4.735299507557874,7
8,0.05,12,178,2,0.8811259550910151,3.375940441765165,6
8,0.05,12,178,3,0.6684161064825709,2.9250809777910813,7
8,0.05,12,178,4,0.47070793039511116,1.9794675500588834,7
8,0.05,12,178,5,0.2588797888991756,1.0314760814005801,6
8,0.05,12,178,6,0.08090335642841495,0.5397651543250177,4
8,0.05,12,178,7,0.06206369731775041,0.2898327167772088,4
8,0.05,12,178,8,0.01537915224130515,0.11441368248625494,2
8,0.05,12,178,9,0.010599241866341202,0.05294766260304229,2
8,0.05,12,178,10,0.004781695448620837,0.01545334640825935,1
8,0.05,12,179,1,1.2628225910927355,4.378250303512637,2
8,0.05,12,179,2,0.9077202851899635,3.5457526600984615,2
8,0.05,12,179,3,0.578756983448276,2.5249748045549616,2
8,0.05,12,179,4,0.34837045760697194,1.4062259808357993,1
8,0.05,12,179,5,0.19599711601737368,1.1383016446718521,2
8,0.05,12,179,6,0.09586854160628278,0.4519100210900593,1
8,0.05,12,179,7,0.063706786735235,0.36522712922146994,2
8,0.05,12,179,8,0.034253533132364566,0.12586780832848277,1
8,0.05,12,179,9,0.008419977149113578,0.029231844135573226,1
8,0.05,12,179,10,0.003809625912712278,0.011418196864472208,1
8,0.05,12,180,1,1.5211887030500328,5.268630550347755,8
8,0.05,12,180,2,1.1771248340396738,4.234646765529092,7
8,0.05,12,180,3,0.8551475050579391,3.1385594393772607,6
8,0.05,12,180,4,0.6088178147249508,2.4318097809202186,5
8,0.05,12,180,5,0.3693003504236927,1.4914288020705335,3
8,0.05,12,180,6,0.19183782544760675,0.7543051757042871,3
8,0.05,12,180,7,0.043964759676875076,0.18705820598155043,2
8,0.05,12,180,8,0.01653249153196157,0.07839432468576035,1
8,0.05,12,180,9,0.004301117215071315,0.017234934781868105,2
8,0.05,12,180,10,0.001761638195077353,0.006809610722990911,1
8,0.05,12,181,1,1.3004862080893176,4.838089860966042,5
8,0.05,12,181,2,1.161428467902315,4.390144372130473,6
8,0.05,12,181,3,0.7707120157089875,3.1421622350672873,5
8,0.05,12,181,4,0.5953758550348134,2.577683881153648,6
8,0.05,12,181,5,0.4335231294716486,2.0284342169051754,4
8,0.05,12,181,6,0.2901869468307652,1.3689578536106453,4
8,0.05,12,181,7,0.10612425281779636,0.4868088479885415,4
8,0.05,12,181,8,0.04865810808292892,0.3615985110047344,2
8,0.05,12,181,9,0.015437940217356783,0.0894396776600761,1
8,0.05,12,181,10,0.004946669080524657,0.020207071968917134,1
8,0.05,12,182,1,1.7218404708012898,5.66657551992845,8
8,0.05,12,182,2,1.2896114767442377,4.000758795640209,8
8,0.05,12,182,3,0.9620942099292762,3.8451814142240757,6
8,0.05,12,182,4,0.6381017202397885,2.9140648281373345,5
8,0.05,12,182,5,0.3984308627339459,1.9615403222937058,4
8,0.05,12,182,6,0.1977239384793883,1.2546509142581854,2
8,0.05,12,182,7,0.1335368890752946,0.8305061427962883,2
8,0.05,12,182,8,0.038057783334032536,0.2231748966686773,2
8,0.05,12,182,9,0.012511800204563883,0.04755908504271389,1
8,0.05,12,182,10,0.003963914871366825,0.008822812435969496,1
8,0.05,12,183,1,1.3646315525985422,4.928656552685489,7
8,0.05,12,183,2,1.0355201974316657,3.8827788278360806,7
8,0.05,12,183,3,0.803646187937094,3.1552146741219538,7
8,0.05,12,183,4,0.4775957021150532,2.1419622389073822,6
8,0.05,12,183,5,0.1989624279320772,1.18426014211221,2
8,0.05,12,183,6,0.12831672876433586,0.4081056199173112,1
8,0.05,12,183,7,0.044811624791503135,0.14322253472369084,1
8,0.05,12,183,8,0.02360898863098626,0.05986446288981995,1
8,0.05,12,183,9,0.009227482231811024,0.028380295141291256,1
8,0.05,12,183,10,0.003304845029031611,0.005606212559488455,1
8,0.05,12,184,1,1.38898515862941,5.280249989664103,8
8,0.05,12,184,2,1.242529420331504,4.805580147704294,7
8,0.05,12,184,3,0.9970263484045212,3.923901871709834,7
8,0.05,12,184,4,0.6770623254198149,2.8366891437610136,5
8,0.05,12,184,5,0.4653021940484692,2.0247554405564916,5
8,0.05,12,184,6,0.20830215829705878,0.9676376950005903,4
8,0.05,12,184,7,0.10947024341952272,0.3008777038525423,4
8,0.05,12,184,8,0.02277378653863593,0.17282327675433962,2
8,0.05,12,184,9,0.011965350984340262,0.054480149211627804,1
8,0.05,12,184,10,0.004384360328529624,0.01091642009844307,1
8,0.05,12,185,1,1.4214760979002214,5.110063901188916,8
8,0.05,12,185,2,1.2260195284872353,4.556289007064208,7
8,0.05,12,185,3,0.9481167023826131,3.5853579715070296,7
8,0.05,12,185,4,0.5719442699203654,2.4142638030321244,6
8,0.05,12,185,5,0.2638295605990528,1.348201270123516,4
8,0.05,12,185,6,0.11320211494257038,0.6923343685567946,3
8,0.05,12,185,7,0.06546506845967315,0.317623970711125,3
8,0.05,12,185,8,0.021612491747436735,0.09607457942403386,1
8,0.05,12,185,9,0.007098774514570749,0.033064977117925665,1
8,0.05,12,185,10,0.0017237343982863251,0.005331684344788812,1
8,0.05,12,186,1,1.194816339623486,4.16993337179267,2
8,0.05,12,186,2,0.9133781278875901,3.8267569488139728,6
8,0.05,12,186,3,0.6346616733038601,2.8654027478224897,5
8,0.05,12,186,4,0.3781017914370466,1.7982896429757265,6
8,0.05,12,186,5,0.24618639195503889,1.5614115719877049,3
8,0.05,12,186,6,0.17375743811242828,1.1090721074006495,3
8,0.05,12,186,7,0.1215346533408983,0.7100189172924942,2
8,0.05,12,186,8,0.051425177335588046,0.23465923748221051,1
8,0.05,12,186,9,0.013982879137589777,0.06053125659640557,1
8,0.05,12,186,10,0.005436888880563373,0.013223919029535125,1
8,0.05,12,187,1,1.5483836868787115,5.868505621793799,6
8,0.05,12,187,2,1.2334536448533946,4.79328661343253,5
8,0.05,12,187,3,0.9012685108797491,3.701137336314181,6
8,0.05,12,187,4,0.7311474811878256,3.073036133474842,6
8,0.05,12,187,5,0.41621743916250864,1.997817125113576,5
8,0.05,12,187,6,0.20240298264864975,0.9538093427966565,4
8,0.05,12,187,7,0.05842918412450615,0.2273695307722985,3
8,0.05,12,187,8,0.02452347528527099,0.12634214694112877,2
8,0.05,12,187,9,0.007032381842286384,0.036165420197235676,1
8,0.05,12,187,10,0.0018081060063508403,0.005685910457396304,1
8,0.05,12,188,1,1.5412686666845126,4.985345904671066,9
8,0.05,12,188,2,1.3029663316473687,5.182934653486152,6
8,0.05,12,188,3,1.0692850584254607,4.233762892969709,6
8,0.05,12,188,4,0.8597945739142325,3.359833413813165,6
8,0.05,12,188,5,0.554166128817382,1.8632621892568704,6
8,0.05,12,188,6,0.23953989533855946,1.254578542800349,4
8,0.05,12,188,7,0.11354277683592784,0.37907658477034367,4
8,0.05,12,188,8,0.05502215795740639,0.20350646120732563,1
8,0.05,12,188,9,0.0270521823939589,0.08579009307795005,1
8,0.05,12,188,10,0.010901400440783249,0.018404170656751262,1
8,0.05,12,189,1,1.1771880783758348,4.672403889434003,8
8,0.05,12,189,2,0.9910808847776096,4.09090046136224,7
8,0.05,12,189,3,0.7445743126061934,3.281624946371908,6
8,0.05,12,189,4,0.3912931026041626,1.9525682054132378,5
8,0.05,12,189,5,0.24663617814551841,1.3796871251102552,4
8,0.05,12,189,6,0.12023716497407477,0.8786784924553164,3
8,0.05,12,189,7,0.06940980784516526,0.53399704973876,2
8,0.05,12,189,8,0.026321392949348876,0.13124000822488746,1
8,0.05,12,189,9,0.008779439391787491,0.028808400129845424,1
8,0.05,12,189,10,0.002674482456718863,0.006358695587723062,1
8,0.05,12,190,1,1.6053858550863929,4.923940663811278,9
8,0.05,12,190,2,1.365246141172058,4.894575640219932,7
8,0.05,12,190,3,1.0085329706739472,3.5725789402577686,7
8,0.05,12,190,4,0.671987720393183,2.9626000862020856,5
8,0.05,12,190,5,0.4411748106129423,2.063888829287455,3
8,0.05,12,190,6,0.325900442437252,1.6135261158403171,3
8,0.05,12,190,7,0.14501369234289996,0.8193912450183998,2
8,0.05,12,190,8,0.09149865754665143,0.2832612027566892,1
8,0.05,12,190,9,0.027847632900233066,0.07982461077050296,1
8,0.05,12,190,10,0.009649406574371966,0.01312054126899831,1
8,0.05,12,191,1,1.334693474542167,5.354206618842785,7
8,0.05,12,191,2,1.1894989699052338,4.808113970630284,7
8,0.05,12,191,3,0.8956481363003341,3.828780909488156,7
8,0.05,12,191,4,0.6814620844181789,3.073044312295753,6
8,0.05,12,191,5,0.3986596154215114,2.0652575361279144,4
8,0.05,12,191,6,0.23378150415578602,1.3629112420683924,4
8,0.05,12,191,7,0.10234908112042262,0.414563706770382,4
8,0.05,12,191,8,0.050726563974954786,0.36509030877087056,2
8,0.05,12,191,9,0.0275022931914215,0.12506961765467217,1
8,0.05,12,191,10,0.011270553619333157,0.025401722729961662,1
8,0.05,12,192,1,1.5493157058834797,5.331013704074799,8
8,0.05,12,192,2,1.1177573747231158,3.896037445100287,8
8,0.05,12,192,3,0.8364255886015037,3.4327128345616345,5
8,0.05,12,192,4,0.7001002053625598,2.9129845256690103,5
8,0.05,12,192,5,0.4162609898013905,1.863989037725407,4
8,0.05,12,192,6,0.26018837908732095,1.004822428415352,4
8,0.05,12,192,7,0.09064414720218394,0.4019177272785708,3
8,0.05,12,192,8,0.044403164249455784,0.2051219473692143,2
8,0.05,12,192,9,0.012622308986731667,0.04417638570702742,1
8,0.05,12,192,10,0.002181463187827859,0.005738341313522355,1
8,0.05,12,193,1,1.3166836305959606,4.791327150122605,8
8,0.05,12,193,2,0.9798117155253934,3.677439000285581,7
8,0.05,12,193,3,0.6004154616970325,2.082881233787976,1
8,0.05,12,193,4,0.3080298863581561,1.5707705188841672,4
8,0.05,12,193,5,0.21805597168530966,1.0839184757896483,3
8,0.05,12,193,6,0.11123371710021956,0.5444957621715076,2
8,0.05,12,193,7,0.07812875916041406,0.2552677821496765,1
8,0.05,12,193,8,0.018333589486218216,0.1000544092337865,1
8,0.05,12,193,9,0.011246525333923785,0.05167381773526181,1
8,0.05,12,193,10,0.003639087572061328,0.010273909933248504,1
8,0.05,12,194,1,1.5769775925350515,6.155886531032916,7
8,0.05,12,194,2,1.3718242071636588,5.374447348940077,7
8,0.05,12,194,3,1.0791047117267922,4.550315767182926,6
8,0.05,12,194,4,0.772113841537216,3.536639188080251,5
8,0.05,12,194,5,0.54526327856248,2.531555591427015,4
8,0.05,12,194,6,0.3446508721357553,1.4968298047891508,2
8,0.05,12,194,7,0.25775835085750387,1.026628313077202,2
8,0.05,12,194,8,0.0772702184609102,0.419973886568064,2
8,0.05,12,194,9,0.04687889070859086,0.1443312758326485,2
8,0.05,12,194,10,0.0067406890668877395,0.017959669594262095,1
8,0.05,12,195,1,1.3738296117756725,4.909588643370887,4
8,0.05,12,195,2,1.1003959866509945,3.7010721995370535,2
8,0.05,12,195,3,0.8459372549828998,3.105773441873181,5
8,0.05,12,195,4,0.7018158305770896,2.6305841838226574,4
8,0.05,12,195,5,0.3814393443508095,1.6044005115168876,4
8,0.05,12,195,6,0.15273935288997365,0.792386300791323,2
8,0.05,12,195,7,0.07583821870058216,0.2934033125183042,3
8,0.05,12,195,8,0.03396011080843664,0.13655392095921925,1
8,0.05,12,195,9,0.013864730282222126,0.039696696943449794,2
8,0.05,12,195,10,0.006026990809900212,0.013668736288193983,1
8,0.05,12,196,1,1.2748532465480764,4.929618124644202,8
8,0.05,12,196,2,1.065610942639097,4.048607357635019,8
8,0.05,12,196,3,0.7516024685132336,3.3443909882221288,5
8,0.05,12,196,4,0.5780741639539109,2.5538331808499084,4
8,0.05,12,196,5,0.24473996310013746,1.4720519491978674,3
8,0.05,12,196,6,0.12469671227137624,0.5996553240923816,1
8,0.05,12,196,7,0.10033522614086365,0.4296107247067713,1
8,0.05,12,196,8,0.026322570449256233,0.1515039856710203,1
8,0.05,12,196,9,0.014448878782424401,0.06943441524802019,1
8,0.05,12,196,10,0.005802848655783066,0.01610467592567133,1
8,0.05,12,197,1,1.2321922362897908,4.205024220327257,9
8,0.05,12,197,2,0.9453612768549107,3.5306682460028007,8
8,0.05,12,197,3,0.6732689412164987,2.497084367143394,1
8,0.05,12,197,4,0.4783328324732423,2.2400939736018,6
8,0.05,12,197,5,0.3024637967821171,1.6094870617477604,5
8,0.05,12,197,6,0.19300840768282157,1.1111651411650296,4
8,0.05,12,197,7,0.057991989271840794,0.3727295098459784,3
8,0.05,12,197,8,0.0382366085043806,0.23593963974153276,2
8,0.05,12,197,9,0.02240505091502243,0.0807385125591793,1
8,0.05,12,197,10,0.005603069413059103,0.01234450453231517,1
8,0.05,12,198,1,1.4859693565543566,5.243376428414397,8
8,0.05,12,198,2,1.2522380234211106,4.593209246613949,8
8,0.05,12,198,3,0.773644407665202,2.8019899016011642,8
8,0.05,12,198,4,0.3737895682324677,1.4980581470351524,6
8,0.05,12,198,5,0.17214415575665498,0.5183545103537366,6
8,0.05,12,198,6,0.06443835028914435,0.4533661638437483,4
8,0.05,12,198,7,0.03990606456488166,0.32287380285046474,3
8,0.05,12,198,8,0.013922493660267321,0.12932998494561154,2
8,0.05,12,198,9,0.007552493765402346,0.04361006134940126,1
8,0.05,12,198,10,0.0026283558853812394,0.008641713077590651,1
8,0.05,12,199,1,1.443214330662041,5.365923090624218,4
8,0.05,12,199,2,1.0755721832256278,4.450420651160723,4
8,0.05,12,199,3,0.7182384556540313,3.362164719861436,4
8,0.05,12,199,4,0.5697796671038091,2.784296857442399,4
8,0.05,12,199,5,0.3116128140063559,1.7872785408177183,4
8,0.05,12,199,6,0.19612943890197698,1.1776301354189282,4
8,0.05,12,199,7,0.10299815314857952,0.4733799704474304,4
8,0.05,12,199,8,0.020111361621914625,0.09468595710610472,2
8,0.05,12,199,9,0.010657381028568835,0.037761791891234964,1
8,0.05,12,199,10,0.005708986372383151,0.011560296791232716,1
