depth,p,n,real,b,ivn_max,ir2_max,a_at_max
4,0.01,12,0,1,4.289627923263889,4.840337882290898,3
4,0.01,12,0,2,2.6826772027236023,2.963720134963376,4
4,0.01,12,0,3,1.0740973300175245,1.0986889345811965,3
4,0.01,12,0,4,0.08526370156490248,0.02458724880422203,3
4,0.01,12,0,5,0.009943472104670725,0.0007732668739599546,2
4,0.01,12,0,6,0.0012376908384981178,7.748721804645697e-06,1
4,0.01,12,0,7,0.0001161913444311935,9.536526581754856e-07,2
4,0.01,12,0,8,1.5146216300720994e-05,8.324947842197616e-09,1
4,0.01,12,0,9,5.519887631422193e-07,1.0131984140571149e-10,2
4,0.01,12,0,10,6.287557408057864e-08,8.828493491819245e-13,1
4,0.01,12,1,1,4.398216888748606,4.877456641427171,9
4,0.01,12,1,2,2.6507434096055205,2.9640314925851214,7
4,0.01,12,1,3,1.0600550663465746,1.0826202149647823,7
4,0.01,12,1,4,0.03709826810421113,0.020235475713270112,7
4,0.01,12,1,5,0.0028377555658911646,4.104740253296768e-05,5
4,0.01,12,1,6,0.0002828007569855018,2.868573282910347e-06,5
4,0.01,12,1,7,8.881784197001252e-16,0.0,1
4,0.01,12,1,8,8.881784197001252e-16,-1.7763568394002505e-15,1
4,0.01,12,1,9,-8.881784197001252e-16,-1.7763568394002505e-15,2
4,0.01,12,1,10,8.881784197001252e-16,0.0,1
4,0.01,12,2,1,3.650092676050428,3.9971336089899783,6
4,0.01,12,2,2,1.982124619218827,2.1041859257096363,5
4,0.01,12,2,3,0.8796496383727854,0.9805998061597538,3
4,0.01,12,2,4,0.06109285326247438,0.02240801067875431,3
4,0.01,12,2,5,0.011122416350571207,0.0010823658990828378,2
4,0.01,12,2,6,0.0014861440989681896,7.285897536757346e-05,5
4,0.01,12,2,7,0.0001801013730347023,1.8634280554152838e-06,3
4,0.01,12,2,8,6.603585080977581e-05,4.935277786444203e-07,3
4,0.01,12,2,9,5.225547391241037e-06,6.766388338519391e-09,2
4,0.01,12,2,10,1.6788596912675757e-07,5.60440582830779e-12,1
4,0.01,12,3,1,5.076325090561672,5.755936446064865,8
4,0.01,12,3,2,2.6609225291956724,2.9483905255044807,7
4,0.01,12,3,3,1.7742620329364414,1.9613489472081627,6
4,0.01,12,3,4,0.12296645182341415,0.06051917608430468,5
4,0.01,12,3,5,0.016515295757871584,0.0008293976606212894,5
4,0.01,12,3,6,0.002997408664040968,0.00015025920576228202,3
4,0.01,12,3,7,0.00037146692887812804,1.5847866290386037e-06,1
4,0.01,12,3,8,0.00016883517845389662,5.351331306968632e-07,1
4,0.01,12,3,9,7.615427452201118e-06,6.689493403655433e-10,1
4,0.01,12,3,10,9.005838501607855e-07,2.8698821097350447e-11,1
4,0.01,12,4,1,3.616824648122866,3.9805321539140195,2
4,0.01,12,4,2,2.588140321897032,2.902446427654038,4
4,0.01,12,4,3,0.998834797717592,1.0457899449704922,3
4,0.01,12,4,4,0.13730665667417785,0.05299745772975939,2
4,0.01,12,4,5,0.015517335955565592,0.0005918068375834196,1
4,0.01,12,4,6,0.000710601905068664,8.073105266070968e-06,2
4,0.01,12,4,7,0.00012560749730994303,9.875445314833087e-07,4
4,0.01,12,4,8,7.758334276353196e-06,7.91635201835561e-10,1
4,0.01,12,4,9,1.7113940247170945e-06,3.005808935085952e-10,2
4,0.01,12,4,10,1.9718823196512858e-07,4.177991286269389e-12,1
4,0.01,12,5,1,4.33661552231502,4.849177972079135,3
4,0.01,12,5,2,2.6548546828436823,2.9564042070137226,4
4,0.01,12,5,3,1.729470736765803,1.9320362062377168,3
4,0.01,12,5,4,0.10346246862113606,0.057968840227057505,4
4,0.01,12,5,5,0.04052882825198978,0.020013246412661445,4
4,0.01,12,5,6,0.010612513216349484,0.0003692835122111049,4
4,0.01,12,5,7,0.0004717527902462493,9.992725411578363e-06,2
4,0.01,12,5,8,8.819827677086778e-05,1.0314083453977219e-06,1
4,0.01,12,5,9,1.8491407510978775e-05,1.8183920147407662e-08,1
4,0.01,12,5,10,1.2027961000526943e-06,2.800302212335737e-10,1
4,0.01,12,6,1,5.09697243425503,5.745961717494488,2
4,0.01,12,6,2,2.6931138766625073,2.964762962326219,2
4,0.01,12,6,3,1.733970499390507,1.9322574854726327,2
4,0.01,12,6,4,0.0761872923213689,0.026044049147869508,3
4,0.01,12,6,5,0.028144974066896644,0.019143762412055843,5
4,0.01,12,6,6,0.004240325374897047,0.00040541132474203323,3
4,0.01,12,6,7,0.0005812294806437635,8.145373649348642e-06,3
4,0.01,12,6,8,5.115254903476085e-05,8.650693317235891e-08,2
4,0.01,12,6,9,4.617881417701142e-06,1.152599793385889e-09,1
4,0.01,12,6,10,3.500401790645924e-07,8.942180329540861e-12,1
4,0.01,12,7,1,3.467329208379338,3.8895667501959856,7
4,0.01,12,7,2,1.8530267378471184,2.0240385425507252,7
4,0.01,12,7,3,0.8971991244791502,0.9815852718413849,7
4,0.01,12,7,4,0.028240114694147778,0.010312753054991575,6
4,0.01,12,7,5,0.009516493895756817,0.0002273705394664205,3
4,0.01,12,7,6,0.0030078621483395906,7.98458905180155e-05,3
4,0.01,12,7,7,0.00017758954297164564,6.20209055668397e-07,3
4,0.01,12,7,8,5.71180729647125e-06,4.714371115710492e-09,2
4,0.01,12,7,9,1.2627218026750597e-07,6.403766406037903e-12,1
4,0.01,12,7,10,2.501784557296105e-09,-1.7763568394002505e-15,1
4,0.01,12,8,1,4.274678165208239,4.812164369381545,3
4,0.01,12,8,2,2.6478194158369908,2.9380691849955873,2
4,0.01,12,8,3,0.9610564004071609,1.0355008740890135,1
4,0.01,12,8,4,0.12878733930198205,0.09246027341946039,4
4,0.01,12,8,5,0.011586161965982278,0.0010294602261353702,4
4,0.01,12,8,6,0.0011895166851241257,2.0192148778797048e-05,4
4,0.01,12,8,7,0.00024104651046119585,2.2160131436521624e-06,1
4,0.01,12,8,8,1.1188982813159498e-05,2.2370722163600476e-08,1
4,0.01,12,8,9,8.014896968333574e-07,1.4380852064732608e-10,1
4,0.01,12,8,10,9.73971028273013e-08,4.265032771400001e-12,1
4,0.01,12,9,1,3.6413855463923888,3.9794119701048096,2
4,0.01,12,9,2,1.8213708363710577,1.9961968893810988,3
4,0.01,12,9,3,0.9349375731096021,0.9988577832956445,4
4,0.01,12,9,4,0.08280587388875649,0.03932530217665242,5
4,0.01,12,9,5,0.015457512872137258,0.0006285583651131077,2
4,0.01,12,9,6,0.001693745845031458,1.0524900093678013e-05,1
4,0.01,12,9,7,5.412526143988572e-05,7.277728553134466e-08,2
4,0.01,12,9,8,7.38741269312726e-06,1.1819434320159417e-09,1
4,0.01,12,9,9,2.4554737176885055e-07,1.8456347561368602e-12,1
4,0.01,12,9,10,2.203158011582218e-08,2.6645352591003757e-14,1
4,0.01,12,10,1,2.7647759994642014,3.010170435083671,4
4,0.01,12,10,2,0.9121224262858858,1.007455169924512,5
4,0.01,12,10,3,0.8232999972446899,0.9608232139098964,7
4,0.01,12,10,4,0.013514766760581054,0.0005375973533308098,4
4,0.01,12,10,5,0.00738609007169444,0.0003336317548390255,5
4,0.01,12,10,6,0.0003482603332942702,3.0444083591874005e-06,4
4,0.01,12,10,7,2.3627130885550685e-05,3.552019478547663e-08,1
4,0.01,12,10,8,6.347124434036289e-06,3.4721967523410058e-09,2
4,0.01,12,10,9,1.529505661679309e-06,2.3070789723078633e-10,1
4,0.01,12,10,10,5.435143357601646e-08,1.6857626405908377e-12,1
4,0.01,12,11,1,4.382726911011045,4.886369880182643,7
4,0.01,12,11,2,1.9636195333024107,2.0787511389375375,6
4,0.01,12,11,3,0.9691192864336271,1.0360409426880821,7
4,0.01,12,11,4,0.058533379793566986,0.021709303108833566,2
4,0.01,12,11,5,0.017648933033155956,0.0010259388869613417,2
4,0.01,12,11,6,0.0018025597524928827,1.7832757813529554e-05,2
4,0.01,12,11,7,0.00021226778125260637,2.3476774124731037e-07,3
4,0.01,12,11,8,6.278353309330242e-05,9.766631947627502e-09,2
4,0.01,12,11,9,5.903868912859878e-06,3.291766859092604e-10,2
4,0.01,12,11,10,3.592905306604166e-07,1.715960706860642e-12,1
4,0.01,12,12,1,4.318144623133764,4.857135505921139,2
4,0.01,12,12,2,1.9409134472674383,2.076669702849797,6
4,0.01,12,12,3,0.9668498500416325,1.0350911457123537,3
4,0.01,12,12,4,0.14936309111724455,0.07774014045920818,3
4,0.01,12,12,5,0.01694367091918636,0.000662797097473522,3
4,0.01,12,12,6,0.0021898579609764823,1.960395833666695e-05,1
4,0.01,12,12,7,0.0001629653434038758,1.6487948961696475e-07,1
4,0.01,12,12,8,2.6587089505092365e-05,2.188026471117155e-08,3
4,0.01,12,12,9,1.6438113146222122e-06,3.5285552257846575e-11,1
4,0.01,12,12,10,3.525999465736618e-07,5.073275133327115e-12,1
4,0.01,12,13,1,3.7193908467614474,4.041145225540965,8
4,0.01,12,13,2,1.1712054395997313,1.1532513586527875,8
4,0.01,12,13,3,0.8828337995680187,0.98081555425353,2
4,0.01,12,13,4,0.08347552959361959,0.030913523781491037,2
4,0.01,12,13,5,0.00038717587155279176,2.3155203070501784e-06,1
4,0.01,12,13,6,7.105427357601002e-15,-3.552713678800501e-15,1
4,0.01,12,13,7,9.769962616701378e-15,-5.329070518200751e-15,3
4,0.01,12,13,8,8.881784197001252e-15,-3.552713678800501e-15,2
4,0.01,12,13,9,9.769962616701378e-15,-3.552713678800501e-15,1
4,0.01,12,13,10,-3.552713678800501e-15,-1.7763568394002505e-15,1
4,0.01,12,14,1,2.670045438505854,2.946095906118761,1
4,0.01,12,14,2,1.0116788057090904,1.0537239788912927,1
4,0.01,12,14,3,0.8379256508973079,0.9614848852973958,8
4,0.01,12,14,4,0.06854541354408994,0.029139671131117595,7
4,0.01,12,14,5,0.001854180209337919,2.906584239159571e-05,2
4,0.01,12,14,6,0.0007672697199758716,4.82216587194273e-06,1
4,0.01,12,14,7,0.0,0.0,1
4,0.01,12,14,8,-8.881784197001252e-16,0.0,2
4,0.01,12,14,9,0.0,0.0,1
4,0.01,12,14,10,-1.7763568394002505e-15,-1.7763568394002505e-15,1
4,0.01,12,15,1,3.4265957732962535,3.8709830968771897,4
4,0.01,12,15,2,2.5668930394945937,2.8933061352266876,4
4,0.01,12,15,3,0.9698307077758228,1.017960559117895,8
4,0.01,12,15,4,0.04899756326009008,0.011855911216589021,2
4,0.01,12,15,5,0.013661391160057157,0.0007311952320998572,3
4,0.01,12,15,6,0.0011728852223749087,7.593224947477495e-06,2
4,0.01,12,15,7,5.694166806957668e-05,4.50439436860961e-08,1
4,0.01,12,15,8,7.105427357601002e-15,-1.7763568394002505e-15,1
4,0.01,12,15,9,2.6645352591003757e-15,-1.7763568394002505e-15,1
4,0.01,12,15,10,8.881784197001252e-16,0.0,1
4,0.01,12,16,1,4.385902847912134,4.8861603512585265,3
4,0.01,12,16,2,2.6422785884663496,2.9387608381319232,5
4,0.01,12,16,3,1.7778200620533662,1.9778987245231416,4
4,0.01,12,16,4,0.14447797450355537,0.0707480085761345,3
4,0.01,12,16,5,0.016928491123576528,0.0010553902173224827,3
4,0.01,12,16,6,0.006201785510643099,8.690471118821819e-05,3
4,0.01,12,16,7,9.705282103933399e-05,9.148202195774502e-08,1
4,0.01,12,16,8,1.4552838103476518e-05,6.044480471700808e-09,1
4,0.01,12,16,9,4.440892098500626e-15,0.0,2
4,0.01,12,16,10,1.7763568394002505e-15,-1.7763568394002505e-15,1
4,0.01,12,17,1,1.933087946495017,2.0605555115663243,2
4,0.01,12,17,2,0.935430182462115,1.0092675120033903,2
4,0.01,12,17,3,0.1726745102750824,0.09350326055573976,1
4,0.01,12,17,4,0.014512851893122125,0.0008441952210009873,1
4,0.01,12,17,5,0.0003828797409539675,1.1784202946785172e-06,2
4,0.01,12,17,6,8.70281131346573e-05,1.0316904575091712e-07,1
4,0.01,12,17,7,6.217248937900877e-15,-1.7763568394002505e-15,4
4,0.01,12,17,8,6.217248937900877e-15,0.0,3
4,0.01,12,17,9,4.440892098500626e-15,0.0,2
4,0.01,12,17,10,5.329070518200751e-15,0.0,1
4,0.01,12,18,1,3.4897467774616038,3.8894885469412994,7
4,0.01,12,18,2,1.826699985176801,2.013522859170542,2
4,0.01,12,18,3,0.9488507730861055,1.0178229953986992,4
4,0.01,12,18,4,0.07933535538171199,0.024284218033049143,4
4,0.01,12,18,5,0.015327865567590138,0.0006207552321697563,4
4,0.01,12,18,6,0.0012269682295444895,7.1310439153648986e-06,2
4,0.01,12,18,7,0.00019958400469111126,5.368837747710131e-07,2
4,0.01,12,18,8,1.745561549437724e-05,7.575263083481332e-09,2
4,0.01,12,18,9,4.5625325562070884e-07,5.149125570369506e-11,1
4,0.01,12,18,10,8.674653884099826e-09,2.1316282072803006e-14,1
4,0.01,12,19,1,3.495327816057044,3.898976063339333,3
4,0.01,12,19,2,1.9285391506269338,2.042643997326955,9
4,0.01,12,19,3,0.9202500044160766,0.991273423927038,1
4,0.01,12,19,4,0.06662052964172638,0.028964346486024084,1
4,0.01,12,19,5,0.01105588505925148,0.0004138696406084108,1
4,0.01,12,19,6,0.00043113275991757405,9.428966238900216e-07,3
4,0.01,12,19,7,0.0001360621545112295,9.920223753567825e-08,1
4,0.01,12,19,8,1.6232226126788873e-05,2.2507204988642115e-09,1
4,0.01,12,19,9,1.166121843532153e-06,1.0199840971836238e-11,1
4,0.01,12,19,10,3.708010369862791e-07,1.4725998198628076e-12,1
4,0.01,12,20,1,2.743961605472987,2.985027305646959,6
4,0.01,12,20,2,0.9175737127159236,1.0072707330475126,5
4,0.01,12,20,3,0.11784499335187615,0.07363292381280395,8
4,0.01,12,20,4,0.014996014575578087,0.009588108559549724,7
4,0.01,12,20,5,0.0012458750235211369,2.5240268292314738e-05,6
4,0.01,12,20,6,0.0001031095047645536,5.472792636851409e-07,5
4,0.01,12,20,7,4.152417948155573e-06,4.021194044412368e-09,4
4,0.01,12,20,8,7.534676065290569e-07,7.218581288270798e-11,3
4,0.01,12,20,9,3.5679835974633534e-08,5.737632591262809e-13,2
4,0.01,12,20,10,2.6645352591003757e-15,-1.7763568394002505e-15,1
4,0.01,12,21,1,4.280029289740799,4.813282513253469,2
4,0.01,12,21,2,2.7710603187858407,3.0180438306585025,2
4,0.01,12,21,3,1.0297181580768164,1.0719451990362465,2
4,0.01,12,21,4,0.06305367233045,0.021977086184622685,2
4,0.01,12,21,5,0.006328267262354359,0.0007196370608015812,5
4,0.01,12,21,6,0.002806221546263643,0.0001985180479131543,5
4,0.01,12,21,7,0.0001926441456756578,2.7832139561922986e-06,4
4,0.01,12,21,8,1.4341450161658997e-05,2.1477079670262356e-08,3
4,0.01,12,21,9,4.426299611282047e-06,1.5794299201843387e-09,2
4,0.01,12,21,10,2.9671823309485035e-07,1.502620250448672e-11,1
4,0.01,12,22,1,4.395479854012109,4.899677644978837,9
4,0.01,12,22,2,2.670839522633928,2.9475334497588292,7
4,0.01,12,22,3,0.920959051459004,1.007269358715817,6
4,0.01,12,22,4,0.06928212625304564,0.047467363851950495,2
4,0.01,12,22,5,0.024640938286159653,0.010132177134487108,2
4,0.01,12,22,6,0.006835581763809273,0.00039382592278247586,3
4,0.01,12,22,7,0.0007770218340734658,1.0399437273989065e-05,2
4,0.01,12,22,8,5.9782623413440206e-05,5.623088839001866e-08,1
4,0.01,12,22,9,1.3503099891565284e-06,1.4103207490734349e-10,1
4,0.01,12,22,10,2.9306631788017512e-08,1.3500311979441904e-13,1
4,0.01,12,23,1,3.4841194284774097,3.898178478647372,6
4,0.01,12,23,2,1.2434707801067226,1.1926684510391041,5
4,0.01,12,23,3,0.08045994057979744,0.03966415124682232,6
4,0.01,12,23,4,0.026877818259198882,0.0014984249579832465,7
4,0.01,12,23,5,0.003025508184141934,8.919551605490739e-05,6
4,0.01,12,23,6,0.0003711053640058637,1.3444601894008201e-06,5
4,0.01,12,23,7,1.7763568394002505e-15,0.0,4
4,0.01,12,23,8,1.7763568394002505e-15,0.0,3
4,0.01,12,23,9,1.7763568394002505e-15,3.552713678800501e-15,1
4,0.01,12,23,10,0.0,0.0,1
4,0.01,12,24,1,3.5271657413376545,3.934604295952412,7
4,0.01,12,24,2,2.64739676340316,2.933632303242768,6
4,0.01,12,24,3,0.9236718068225107,0.9947468870913818,6
4,0.01,12,24,4,0.08048421744494405,0.038736712561973974,4
4,0.01,12,24,5,0.017550824186773895,0.009778304159598683,3
4,0.01,12,24,6,0.014183857068976735,0.009578222854036866,2
4,0.01,12,24,7,0.0010717216743332258,6.608212420733395e-05,2
4,0.01,12,24,8,0.00012254978455050747,1.4291499770280325e-06,2
4,0.01,12,24,9,1.0010387402559218e-05,1.1458960003096763e-08,2
4,0.01,12,24,10,9.376809018135646e-08,1.3304912727107876e-12,1
4,0.01,12,25,1,2.632635122774679,2.9557470839386424,4
4,0.01,12,25,2,1.7618410144570644,1.9777590189412741,2
4,0.01,12,25,3,0.9137167024062949,1.0069438852029506,8
4,0.01,12,25,4,0.06406991421201358,0.0378094383852936,4
4,0.01,12,25,5,0.019849097137724314,0.00970696078033928,2
4,0.01,12,25,6,0.009037214957606565,0.00013101158712380823,4
4,0.01,12,25,7,0.000251537426104953,1.824020653629077e-06,3
4,0.01,12,25,8,0.00017440197954687875,9.335639070684465e-07,2
4,0.01,12,25,9,4.948117761749415e-06,6.577607791768969e-09,2
4,0.01,12,25,10,7.06246856552184e-08,6.354028414534696e-12,1
4,0.01,12,26,1,3.6086480467176916,3.9690477219498614,7
4,0.01,12,26,2,1.8861560909490205,2.0323667183922964,7
4,0.01,12,26,3,0.8321706604679795,0.961133548421456,8
4,0.01,12,26,4,0.020839564159477852,0.0024038951558802424,7
4,0.01,12,26,5,0.0073170586709565555,0.0001571120407621862,6
4,0.01,12,26,6,0.0004232786582800685,1.971491661478808e-06,5
4,0.01,12,26,7,2.6645352591003757e-15,-1.7763568394002505e-15,4
4,0.01,12,26,8,1.7763568394002505e-15,-1.7763568394002505e-15,2
4,0.01,12,26,9,3.552713678800501e-15,-1.7763568394002505e-15,2
4,0.01,12,26,10,1.7763568394002505e-15,-1.7763568394002505e-15,1
4,0.01,12,27,1,3.4654624809481067,3.889655816859918,9
4,0.01,12,27,2,1.1627196622838234,1.1509870130538697,4
4,0.01,12,27,3,0.9098396692429294,0.9983274061373413,1
4,0.01,12,27,4,0.02724998014669744,0.010841490355081973,5
4,0.01,12,27,5,0.017206267826802346,0.0015003308468974907,4
4,0.01,12,27,6,0.003571943453597015,5.913923548561684e-05,4
4,0.01,12,27,7,0.0002663007035792475,4.072898072138287e-07,4
4,0.01,12,27,8,7.630849458095668e-06,9.122876676315173e-09,1
4,0.01,12,27,9,2.0448024882213645e-06,3.90016907658719e-10,1
4,0.01,12,27,10,1.2764379420104888e-07,2.5366375666635577e-12,1
4,0.01,12,28,1,3.621608627507632,3.9797450318909293,2
4,0.01,12,28,2,2.033722437324199,2.097599715379243,1
4,0.01,12,28,3,0.16410028695160594,0.0607551402869122,1
4,0.01,12,28,4,0.042908755088397754,0.019701739853192457,3
4,0.01,12,28,5,0.011776206351193252,0.00023306572658388092,2
4,0.01,12,28,6,0.005781594529594258,7.139548260060025e-05,1
4,0.01,12,28,7,0.00013434605625839424,8.722234845492949e-08,1
4,0.01,12,28,8,8.674202709002543e-06,6.493561244269586e-10,1
4,0.01,12,28,9,-5.329070518200751e-15,1.7763568394002505e-15,2
4,0.01,12,28,10,0.0,3.552713678800501e-15,1
4,0.01,12,29,1,4.319222139487205,4.850191324565721,2
4,0.01,12,29,2,2.6927789923979075,2.9668884444137475,2
4,0.01,12,29,3,1.797023765380028,1.9872677950887798,2
4,0.01,12,29,4,0.12077635548266841,0.0514627852061631,2
4,0.01,12,29,5,0.02875531595323544,0.010581007077616,2
4,0.01,12,29,6,0.001767960706552607,6.939289615459643e-05,1
4,0.01,12,29,7,4.512498103448337e-05,3.599071263238329e-08,1
4,0.01,12,29,8,-3.552713678800501e-15,1.7763568394002505e-15,3
4,0.01,12,29,9,-4.440892098500626e-15,0.0,2
4,0.01,12,29,10,-8.881784197001252e-16,0.0,1
4,0.01,12,30,1,4.405285922738023,4.8940564268661895,3
4,0.01,12,30,2,2.6725671922148164,2.9570820613179656,3
4,0.01,12,30,3,1.0251856474443066,1.0549663663913877,2
4,0.01,12,30,4,0.08857834601598213,0.040117629568228175,3
4,0.01,12,30,5,0.024347531526488275,0.0017928349902840424,3
4,0.01,12,30,6,0.005712271312019013,7.042263618473044e-05,3
4,0.01,12,30,7,0.00018358188558487143,5.386043238075899e-07,2
4,0.01,12,30,8,1.9315257104857153e-05,4.512139994972131e-09,1
4,0.01,12,30,9,5.287032349698961e-07,5.579536832556187e-12,1
4,0.01,12,30,10,4.6135453679596594e-08,9.059419880941277e-14,1
4,0.01,12,31,1,3.4066181701122966,3.8523957749880395,9
4,0.01,12,31,2,1.1615239124078514,1.1194274469812138,1
4,0.01,12,31,3,0.20178483978830908,0.12964647155189013,6
4,0.01,12,31,4,0.032657954051908966,0.010430119836893681,6
4,0.01,12,31,5,0.0013089758117734718,1.7372119323511015e-05,5
4,0.01,12,31,6,0.0001417983391576172,6.149214195616537e-07,1
4,0.01,12,31,7,7.799922825846295e-06,6.205715052942651e-09,2
4,0.01,12,31,8,1.0512717540933636e-06,1.4156675831600296e-10,1
4,0.01,12,31,9,1.0453365817397753e-07,5.270450742500543e-12,1
4,0.01,12,31,10,3.750940003044434e-09,1.9539925233402755e-14,1
4,0.01,12,32,1,3.3910669695043483,3.8612647585675326,2
4,0.01,12,32,2,1.1727107350230943,1.1474143527049723,1
4,0.01,12,32,3,0.12289830126332113,0.07526189093071967,2
4,0.01,12,32,4,0.014874154216967028,0.0009352846757337829,2
4,0.01,12,32,5,0.001351029871344167,8.564265582045039e-06,1
4,0.01,12,32,6,9.604895303638727e-05,2.4947417198717403e-07,3
4,0.01,12,32,7,1.0147630562507004e-05,6.651314166106204e-09,2
4,0.01,12,32,8,1.3443025457249291e-06,6.337685931612214e-11,1
4,0.01,12,32,9,9.393364575061014e-08,4.6558312760680565e-12,2
4,0.01,12,32,10,1.2016688977212198e-08,6.394884621840902e-14,1
4,0.01,12,33,1,3.4145957931571056,3.852400570819129,8
4,0.01,12,33,2,1.7109454845459124,1.9318565214302263,1
4,0.01,12,33,3,0.19505571731767635,0.11086412154871628,1
4,0.01,12,33,4,0.011489049127725082,0.00016475273053728756,5
4,0.01,12,33,5,0.0005181714824979977,2.1778172660802397e-06,6
4,0.01,12,33,6,3.0487611743623688e-05,6.233264571164909e-09,5
4,0.01,12,33,7,2.6645352591003757e-15,0.0,4
4,0.01,12,33,8,0.0,-1.7763568394002505e-15,1
4,0.01,12,33,9,8.881784197001252e-16,0.0,2
4,0.01,12,33,10,0.0,0.0,1
4,0.01,12,34,1,3.6035803285230026,3.971482218723599,6
4,0.01,12,34,2,2.6393845935485363,2.9317130234077906,5
4,0.01,12,34,3,1.0313543447646918,1.0561773603496318,4
4,0.01,12,34,4,0.08393093498586524,0.03070994947686234,3
4,0.01,12,34,5,0.016641038229257,0.0008778368509645418,5
4,0.01,12,34,6,0.00591334916947428,7.612506782272987e-05,3
4,0.01,12,34,7,0.0003368468128028823,1.6357104026809566e-06,3
4,0.01,12,34,8,2.8369481921863837e-05,1.3434531709322073e-08,3
4,0.01,12,34,9,1.1328650639796933e-06,4.4083847683396016e-11,2
4,0.01,12,34,10,5.6478991261599276e-08,4.4941828036826337e-13,1
4,0.01,12,35,1,4.301431265871712,4.850167589449512,8
4,0.01,12,35,2,1.9373276375062725,2.07759962509642,2
4,0.01,12,35,3,1.7421810941260807,1.9414747541491915,2
4,0.01,12,35,4,0.061717129556496886,0.022765085050385103,5
4,0.01,12,35,5,0.014621789086216808,0.0005658803059338524,2
4,0.01,12,35,6,0.010478215784219813,0.0003474647877963477,2
4,0.01,12,35,7,0.0018709784796238083,7.30663647301455e-05,2
4,0.01,12,35,8,0.0001185247528381339,9.027186642640572e-08,2
4,0.01,12,35,9,2.0770589002516715e-05,7.761453701959908e-09,2
4,0.01,12,35,10,9.185307181525104e-08,7.887024366937112e-13,1
4,0.01,12,36,1,3.4751568549385192,3.906467172769023,7
4,0.01,12,36,2,2.5894850780457928,2.9023049524913844,6
4,0.01,12,36,3,0.9441761698315636,1.0015290483927473,6
4,0.01,12,36,4,0.10762910219459076,0.04163703424316978,6
4,0.01,12,36,5,0.010371166697403567,0.000474126331951652,2
4,0.01,12,36,6,0.005407053090266345,7.123607541981158e-05,2
4,0.01,12,36,7,9.797159001134759e-05,1.2180318620380604e-07,2
4,0.01,12,36,8,5.355015329300272e-05,3.373469859013767e-08,2
4,0.01,12,36,9,6.909276928368513e-07,1.8497203768674808e-11,1
4,0.01,12,36,10,8.430068199061225e-09,3.730349362740526e-14,1
4,0.01,12,37,1,4.420622463536329,4.894447976500103,2
4,0.01,12,37,2,1.8136128918891572,1.9960066121630833,2
4,0.01,12,37,3,0.19913054583494194,0.12149796472192964,2
4,0.01,12,37,4,0.0520227747446258,0.021168191636031786,2
4,0.01,12,37,5,0.007320982814965404,0.00041920543223561424,2
4,0.01,12,37,6,0.0006390369595319356,6.2637108637630945e-06,2
4,0.01,12,37,7,7.100865101961062e-05,1.208246258599388e-07,2
4,0.01,12,37,8,1.8952447907949477e-05,1.5830082134016266e-08,2
4,0.01,12,37,9,3.5847385913001517e-06,6.070326463714082e-10,2
4,0.01,12,37,10,3.45173234883589e-07,3.2720492981752614e-12,1
4,0.01,12,38,1,3.505669716434304,3.932017798838423,2
4,0.01,12,38,2,2.7013487543418186,2.9661360924452014,2
4,0.01,12,38,3,0.9479054724796754,1.0175737680258452,2
4,0.01,12,38,4,0.0787154128919969,0.023081387273341747,2
4,0.01,12,38,5,0.005720520215662717,7.347732686291408e-05,2
4,0.01,12,38,6,0.0002480872749099916,1.2339758743706852e-06,4
4,0.01,12,38,7,0.0001108332753050334,5.192486973726318e-07,2
4,0.01,12,38,8,1.0379189602893746e-05,3.911290846758675e-09,2
4,0.01,12,38,9,1.0623342570070804e-06,8.860112643560569e-11,2
4,0.01,12,38,10,2.987939051735111e-08,1.2434497875801753e-13,1
4,0.01,12,39,1,5.085398860471413,5.755825930992691,3
4,0.01,12,39,2,2.796258800371506,3.029270038403025,3
4,0.01,12,39,3,1.046055655923718,1.0814740848706919,3
4,0.01,12,39,4,0.08449850741670328,0.032641196499262115,3
4,0.01,12,39,5,0.02303251911156856,0.001032110458513813,3
4,0.01,12,39,6,0.0012807481807080023,8.897382360650852e-06,3
4,0.01,12,39,7,0.00022231971609976142,1.0885988785958034e-06,3
4,0.01,12,39,8,1.4218681693378699e-05,1.4340500342768792e-08,2
4,0.01,12,39,9,1.3737001909319702e-06,2.120152942097775e-10,1
4,0.01,12,39,10,3.099845891085806e-08,1.2256862191861728e-13,1
4,0.01,12,40,1,4.226807306098626,4.8038283515441265,2
4,0.01,12,40,2,1.7709829344665984,1.9776307824139705,2
4,0.01,12,40,3,0.9093662022435565,1.0085849042211752,2
4,0.01,12,40,4,0.04678896659657106,0.020619895688039236,2
4,0.01,12,40,5,0.008268363633895603,0.0007238120204675624,3
4,0.01,12,40,6,0.0018702980505374,8.473349516435746e-05,2
4,0.01,12,40,7,0.00025209220549449185,7.298299049551815e-07,1
4,0.01,12,40,8,7.87525800127753e-06,2.0785169141390725e-09,2
4,0.01,12,40,9,1.337459066164115e-06,2.2382096176443156e-11,1
4,0.01,12,40,10,1.1452600734429552e-07,2.3803181647963356e-13,1
4,0.01,12,41,1,3.4280175559318558,3.862335897004481,2
4,0.01,12,41,2,1.1122540824120115,1.118122152937735,2
4,0.01,12,41,3,0.05447167425426347,0.022298991260186085,1
4,0.01,12,41,4,0.007788583902271107,0.0004521570174427225,2
4,0.01,12,41,5,0.0004855532735863477,6.36069655168825e-06,2
4,0.01,12,41,6,6.326132334333323e-05,1.3076148785984287e-07,2
4,0.01,12,41,7,9.665594546959255e-06,4.506082618149776e-09,2
4,0.01,12,41,8,1.8083441135630096e-06,5.995293150817815e-10,2
4,0.01,12,41,9,6.942989649871834e-08,5.929479129918036e-12,1
4,0.01,12,41,10,-8.881784197001252e-15,3.552713678800501e-15,1
4,0.01,12,42,1,2.633989451934057,2.9552021053500006,5
4,0.01,12,42,2,0.997093690906877,1.0544809478409896,5
4,0.01,12,42,3,0.8352369624272526,0.9610175514019468,8
4,0.01,12,42,4,0.05038497798438968,0.01982164958307031,7
4,0.01,12,42,5,0.000967724211764498,8.296620938708088e-06,4
4,0.01,12,42,6,0.00032904911192677133,3.6589195389069573e-06,5
4,0.01,12,42,7,2.592116201860506e-05,1.0377400272432169e-08,4
4,0.01,12,42,8,3.45583810723582e-06,7.773071075689586e-10,3
4,0.01,12,42,9,-3.552713678800501e-15,1.7763568394002505e-15,1
4,0.01,12,42,10,2.6645352591003757e-15,1.7763568394002505e-15,1
4,0.01,12,43,1,5.081936776198758,5.73784944431004,4
4,0.01,12,43,2,2.6787411934262186,2.963670343514286,3
4,0.01,12,43,3,0.9687440620407823,1.0192217165763617,8
4,0.01,12,43,4,0.10937115145495291,0.06609520043448658,4
4,0.01,12,43,5,0.03111649930980498,0.01094227673315551,4
4,0.01,12,43,6,0.002888360982671756,2.5483570775364228e-05,4
4,0.01,12,43,7,0.0005783034544837307,4.086450873685976e-06,4
4,0.01,12,43,8,1.4049335894661397e-05,3.806436055242557e-09,3
4,0.01,12,43,9,7.416245679792155e-07,9.2210683533267e-12,1
4,0.01,12,43,10,1.5858961699422025e-07,1.4708234630234074e-12,1
4,0.01,12,44,1,3.466040379400045,3.8794299440047624,2
4,0.01,12,44,2,1.0677113775744118,1.1069501861734157,5
4,0.01,12,44,3,0.8790521336758284,0.9790812866198069,7
4,0.01,12,44,4,0.009365120326426002,0.0006527101122140166,7
4,0.01,12,44,5,8.881784197001252e-16,8.881784197001252e-16,1
4,0.01,12,44,6,1.7763568394002505e-15,8.881784197001252e-16,4
4,0.01,12,44,7,1.7763568394002505e-15,0.0,4
4,0.01,12,44,8,1.7763568394002505e-15,0.0,2
4,0.01,12,44,9,2.6645352591003757e-15,0.0,1
4,0.01,12,44,10,8.881784197001252e-16,1.7763568394002505e-15,1
4,0.01,12,45,1,4.340525484184644,4.875315131437532,2
4,0.01,12,45,2,1.8437414119369704,2.0148554136710697,1
4,0.01,12,45,3,0.9657966108490914,1.035021598824649,2
4,0.01,12,45,4,0.06655196364821858,0.013247917854350533,2
4,0.01,12,45,5,0.010373780067685523,0.0007341897802932706,5
4,0.01,12,45,6,0.0016159416903498425,6.956570133898055e-05,5
4,0.01,12,45,7,0.0003054262633011007,3.244439205296601e-06,2
4,0.01,12,45,8,7.298619391349348e-05,9.262792310948953e-08,2
4,0.01,12,45,9,5.583201170722418e-06,1.3614727123467674e-09,2
4,0.01,12,45,10,2.834198582490899e-07,6.24211793365248e-12,1
4,0.01,12,46,1,4.272903439815724,4.804170765076096,4
4,0.01,12,46,2,2.6817794488394897,2.9720803119154784,2
4,0.01,12,46,3,1.0647643790005983,1.072967223302241,1
4,0.01,12,46,4,0.04334496635194718,0.0023559573577909276,1
4,0.01,12,46,5,0.00571171274699811,0.00020002316193945546,2
4,0.01,12,46,6,0.00039499734732117986,1.7817558584098947e-06,1
4,0.01,12,46,7,3.552713678800501e-15,-4.440892098500626e-15,4
4,0.01,12,46,8,4.440892098500626e-15,-3.552713678800501e-15,3
4,0.01,12,46,9,6.217248937900877e-15,-3.552713678800501e-15,2
4,0.01,12,46,10,4.440892098500626e-15,-3.552713678800501e-15,1
4,0.01,12,47,1,3.633467923214293,3.9696217311360478,6
4,0.01,12,47,2,1.953340824270307,2.0754027382912223,5
4,0.01,12,47,3,0.2524101180779734,0.14633546157152022,4
4,0.01,12,47,4,0.03608689841625612,0.011059072342516352,5
4,0.01,12,47,5,0.01073105371191474,0.00046901184688863395,4
4,0.01,12,47,6,0.0005928654146583057,3.677719069727914e-06,4
4,0.01,12,47,7,2.30298743373325e-05,4.215003457375133e-09,3
4,0.01,12,47,8,3.443346216158716e-06,3.5209524185120245e-10,1
4,0.01,12,47,9,2.443920275041478e-07,1.2878587085651816e-12,1
4,0.01,12,47,10,7.115102285126795e-09,7.105427357601002e-15,1
4,0.01,12,48,1,3.6032309863410115,3.9616370402345584,7
4,0.01,12,48,2,2.65986678886381,2.9305183947934417,7
4,0.01,12,48,3,1.7321215209125898,1.9229700114553392,6
4,0.01,12,48,4,0.09137438487987648,0.05703586415547335,5
4,0.01,12,48,5,0.03141910498500966,0.01925367560366098,4
4,0.01,12,48,6,0.015031720527949766,0.009582475841206417,3
4,0.01,12,48,7,0.00033344367731924507,3.6804546876822997e-06,2
4,0.01,12,48,8,3.173612878271115e-05,2.1716820342021492e-08,1
4,0.01,12,48,9,3.6732152608465185e-07,9.99733629214461e-12,1
4,0.01,12,48,10,1.0276852258073177e-08,3.907985046680551e-14,1
4,0.01,12,49,1,3.583359237526709,3.969672421826001,9
4,0.01,12,49,2,2.628756466441237,2.9290515987857084,2
4,0.01,12,49,3,0.3048803555259427,0.17616955884908414,8
4,0.01,12,49,4,0.03933846415755404,0.01960298182734732,2
4,0.01,12,49,5,0.004603746856819413,0.00016690084099657554,4
4,0.01,12,49,6,0.0005676700817698332,2.744944108457048e-06,4
4,0.01,12,49,7,7.263512294919394e-05,3.1029131264403986e-08,4
4,0.01,12,49,8,8.356527228414734e-06,1.627766366141259e-09,2
4,0.01,12,49,9,1.0569832369355936e-06,1.8992807326867478e-11,2
4,0.01,12,49,10,2.5873986508884173e-08,4.618527782440651e-14,1
4,0.01,12,50,1,4.420287775306877,4.911078515664164,6
4,0.01,12,50,2,2.647254033818874,2.9387595543947693,4
4,0.01,12,50,3,1.0334110294653085,1.0720975558375478,3
4,0.01,12,50,4,0.07300056217836826,0.023264970240584937,6
4,0.01,12,50,5,0.01019394112028138,0.00030036053461213186,4
4,0.01,12,50,6,0.0010119798581333939,5.478653897661445e-06,4
4,0.01,12,50,7,0.00011525038424053946,8.448734778454536e-08,3
4,0.01,12,50,8,1.949085673835782e-05,1.4707113749068412e-08,1
4,0.01,12,50,9,2.411527497692134e-06,2.700755175055747e-10,1
4,0.01,12,50,10,1.2923684966636984e-07,6.519229600598919e-13,1
4,0.01,12,51,1,2.6517027941664155,2.928054375648169,1
4,0.01,12,51,2,0.818968259917856,0.9605072778329449,9
4,0.01,12,51,3,0.08840148837743378,0.02324373480772035,7
4,0.01,12,51,4,0.01470581399659654,0.009531981483965168,7
4,0.01,12,51,5,0.0008882518163222386,9.161533073509531e-06,1
4,0.01,12,51,6,0.00011127795603727009,1.0516163797547051e-06,5
4,0.01,12,51,7,3.905246856561462e-06,7.469513008118156e-09,4
4,0.01,12,51,8,7.109031328056403e-07,3.537792281349539e-11,1
4,0.01,12,51,9,1.1812535216648712e-07,3.021582983819826e-12,1
4,0.01,12,51,10,2.6889834359167253e-08,8.686384944667225e-13,1
4,0.01,12,52,1,5.071138422834706,5.755561563028911,4
4,0.01,12,52,2,2.800951512363617,3.030204248972275,4
4,0.01,12,52,3,1.7055744670460333,1.9217547662200625,1
4,0.01,12,52,4,0.09340277750871984,0.03321332809668309,4
4,0.01,12,52,5,0.028758978058998963,0.01034931999449995,4
4,0.01,12,52,6,0.002019534994846417,7.446469069805062e-05,3
4,0.01,12,52,7,0.00044816110511991525,4.176091509933144e-06,2
4,0.01,12,52,8,3.067166399883803e-05,4.2770746944142957e-08,1
4,0.01,12,52,9,3.9736677290846956e-06,3.473950016541494e-10,2
4,0.01,12,52,10,2.421694089704829e-07,3.6290970228947117e-12,1
4,0.01,12,53,1,3.7197252900824775,4.041592901605864,7
4,0.01,12,53,2,1.9935432494655192,2.1049342943010885,6
4,0.01,12,53,3,1.021738091947694,1.0549631246165418,6
4,0.01,12,53,4,0.0811186502006187,0.023001672856191924,6
4,0.01,12,53,5,0.020734106514584738,0.0011551142400438863,6
4,0.01,12,53,6,0.0003834930159634098,1.3197084891558575e-06,5
4,0.01,12,53,7,8.902822548506606e-06,5.595911289901778e-09,4
4,0.01,12,53,8,6.217248937900877e-15,0.0,3
4,0.01,12,53,9,1.7763568394002505e-15,0.0,2
4,0.01,12,53,10,3.552713678800501e-15,-1.7763568394002505e-15,1
4,0.01,12,54,1,4.213314273668155,4.785655405824091,4
4,0.01,12,54,2,1.936358720707128,2.061111844557283,3
4,0.01,12,54,3,0.9627113212577667,1.0203373404760585,2
4,0.01,12,54,4,0.05874959957218184,0.021715804726848198,5
4,0.01,12,54,5,0.004040833551391287,0.00014741941770068934,1
4,0.01,12,54,6,0.0005192330379024668,2.422195507278957e-06,5
4,0.01,12,54,7,0.00010558593103038305,1.0209797842719581e-06,1
4,0.01,12,54,8,1.291302340966638e-05,1.5101621286817135e-08,1
4,0.01,12,54,9,2.937271208480752e-07,9.903189379656396e-12,2
4,0.01,12,54,10,8.484634150818238e-08,1.6502355038028327e-12,1
4,0.01,12,55,1,4.306255047967714,4.804546953756427,9
4,0.01,12,55,2,2.596776984102873,2.8922743764467533,8
4,0.01,12,55,3,0.9078723728880789,0.9805880455434846,7
4,0.01,12,55,4,0.04877034577676298,0.0373927479124303,2
4,0.01,12,55,5,0.01497242459478354,0.0012054668718457506,6
4,0.01,12,55,6,0.0011615573670766821,1.3399323129270613e-05,5
4,0.01,12,55,7,3.609107842361681e-05,6.557971943266239e-08,1
4,0.01,12,55,8,5.2422584175815246e-06,1.8004637780677513e-09,1
4,0.01,12,55,9,1.1224740310566972e-06,2.660165421275451e-10,2
4,0.01,12,55,10,2.1726864485316355e-07,7.853273586988507e-12,1
4,0.01,12,56,1,3.594791356041692,3.987709292380509,3
4,0.01,12,56,2,1.9510113306535377,2.050666390555759,9
4,0.01,12,56,3,0.934089711761481,1.0009373667874808,2
4,0.01,12,56,4,0.08005222620731356,0.022864697547272606,5
4,0.01,12,56,5,0.024645085809583023,0.009747569175699411,5
4,0.01,12,56,6,0.008112190621119453,0.0001611770698595194,5
4,0.01,12,56,7,6.634081768286393e-05,1.026016649419148e-07,3
4,0.01,12,56,8,1.974983687791365e-05,9.235961329068232e-09,3
4,0.01,12,56,9,9.310824085062563e-07,6.069100777494896e-11,2
4,0.01,12,56,10,4.1556308616463866e-08,4.2454928461665986e-13,1
4,0.01,12,57,1,3.640931445016111,3.9966330496026554,9
4,0.01,12,57,2,1.266723055236234,1.2159957822352787,9
4,0.01,12,57,3,0.17532464137625947,0.09442830906363842,7
4,0.01,12,57,4,0.03625777251318052,0.010971157364536133,6
4,0.01,12,57,5,0.0064357361923228495,0.00026451271920535646,2
4,0.01,12,57,6,0.00041414684644536237,5.606035441196866e-06,3
4,0.01,12,57,7,6.231046873761414e-05,6.886021708396584e-08,3
4,0.01,12,57,8,9.205331787498494e-06,1.9440875576037797e-09,3
4,0.01,12,57,9,9.679674803919625e-07,7.293721182577428e-11,2
4,0.01,12,57,10,9.938370837403454e-08,6.235012506294879e-13,1
4,0.01,12,58,1,3.511184134900815,3.91498542333375,5
4,0.01,12,58,2,1.783213151956054,1.9778823894289488,5
4,0.01,12,58,3,0.9105084289039302,1.0076425931074748,5
4,0.01,12,58,4,0.12796287901650416,0.07552747026867124,5
4,0.01,12,58,5,0.011831362275352753,0.000607291756865358,5
4,0.01,12,58,6,0.005654133544317652,0.00021305276927119365,3
4,0.01,12,58,7,0.00018188685893605339,1.5173687497593846e-06,3
4,0.01,12,58,8,1.516137104573545e-05,1.2824724393567521e-08,3
4,0.01,12,58,9,5.607182922418019e-07,8.994938127671048e-11,2
4,0.01,12,58,10,9.87110038153105e-09,7.283063041541027e-14,1
4,0.01,12,59,1,2.6197457838415,2.9376427205236846,7
4,0.01,12,59,2,1.118305380212,1.135838190006094,6
4,0.01,12,59,3,0.2134230038585203,0.11315056300473536,5
4,0.01,12,59,4,0.03856049586095356,0.0013767528694756948,5
4,0.01,12,59,5,0.0012956671201820313,1.2279656647962156e-05,5
4,0.01,12,59,6,0.0005044033325907193,2.592434959147738e-06,5
4,0.01,12,59,7,2.6645352591003757e-15,-1.7763568394002505e-15,1
4,0.01,12,59,8,3.552713678800501e-15,-1.7763568394002505e-15,1
4,0.01,12,59,9,3.552713678800501e-15,-3.552713678800501e-15,1
4,0.01,12,59,10,2.6645352591003757e-15,0.0,1
4,0.01,12,60,1,3.4331633386202194,3.8699978491413427,4
4,0.01,12,60,2,1.876579411132508,2.0236071022835738,2
4,0.01,12,60,3,0.897412407338849,0.9891839560062534,4
4,0.01,12,60,4,0.04196497601213789,0.02002341007563402,6
4,0.01,12,60,5,0.008986382655606917,0.00047758353133886544,2
4,0.01,12,60,6,0.002022586921082592,0.00014394512577364793,4
4,0.01,12,60,7,0.00017550222351214728,1.8848253233727519e-06,2
4,0.01,12,60,8,9.975302243692141e-05,9.901585666938217e-07,2
4,0.01,12,60,9,8.551412488344567e-06,3.893607214422445e-09,2
4,0.01,12,60,10,2.5782488499714873e-07,2.645705876602733e-11,1
4,0.01,12,61,1,3.499196616196114,3.8990554936932593,6
4,0.01,12,61,2,1.9145294525123662,2.0413274402873025,9
4,0.01,12,61,3,1.0220914353865007,1.0633881452792542,4
4,0.01,12,61,4,0.07507505562105354,0.031597965516679594,4
4,0.01,12,61,5,0.029259241680522408,0.010040089340296099,4
4,0.01,12,61,6,0.005556442871528233,0.00021929712686752367,4
4,0.01,12,61,7,0.0006316375185786427,2.064492406361751e-06,4
4,0.01,12,61,8,3.097763480397475e-05,2.77242815371892e-08,2
4,0.01,12,61,9,2.96081713990759e-06,2.554703115720258e-10,2
4,0.01,12,61,10,1.7639820626413893e-07,9.521272659185342e-13,1
4,0.01,12,62,1,5.0697937194355305,5.737570765630895,3
4,0.01,12,62,2,3.4730605343141896,3.8898371860312544,2
4,0.01,12,62,3,1.7642753416972932,1.9517185435871935,2
4,0.01,12,62,4,0.0933175424263828,0.04988132310503257,2
4,0.01,12,62,5,0.010012356906575981,0.0003498843377656158,5
4,0.01,12,62,6,0.0019253048146525842,1.879803539672764e-05,4
4,0.01,12,62,7,0.00014377931738174254,1.0613828482775034e-07,4
4,0.01,12,62,8,1.8914689762006276e-05,4.734781455795201e-09,2
4,0.01,12,62,9,1.295410968715771e-06,2.971667356632679e-11,1
4,0.01,12,62,10,5.550031012546697e-08,1.8474111129762605e-13,1
4,0.01,12,63,1,4.159281450701807,4.748523448763392,5
4,0.01,12,63,2,1.7434700921743165,1.9498112143630708,5
4,0.01,12,63,3,0.8712238752505215,0.9716365353023235,2
4,0.01,12,63,4,0.022786547194138862,0.0021978809622389406,2
4,0.01,12,63,5,0.00586718954173282,8.206931698140352e-05,1
4,0.01,12,63,6,0.00033029632772585416,4.041865233617159e-07,2
4,0.01,12,63,7,3.8406752209674266e-05,1.7779907324211308e-08,2
4,0.01,12,63,8,2.6605712335481257e-06,4.781597340297594e-11,2
4,0.01,12,63,9,3.8036272087538237e-07,2.1671553440683056e-12,2
4,0.01,12,63,10,1.509710934044506e-08,2.842170943040401e-14,1
4,0.01,12,64,1,3.4689358049134746,3.8893760035514973,7
4,0.01,12,64,2,1.8465106298466303,2.032496462510636,8
4,0.01,12,64,3,0.9225813049445959,1.0084523035745097,7
4,0.01,12,64,4,0.08064621918162018,0.030628392256760506,6
4,0.01,12,64,5,0.0019162087239195102,1.7962377081737202e-05,5
4,0.01,12,64,6,0.00020446181771305305,1.2450748450021365e-06,2
4,0.01,12,64,7,2.637951614747891e-05,1.627882006971504e-08,2
4,0.01,12,64,8,7.891412200144998e-06,1.1072618377738763e-09,2
4,0.01,12,64,9,4.017702774916643e-07,6.423306331271306e-12,1
4,0.01,12,64,10,2.4952022670277074e-09,1.2434497875801753e-14,1
4,0.01,12,65,1,4.278757492984901,4.805004024876805,3
4,0.01,12,65,2,2.0816337662552042,2.1512609468895674,8
4,0.01,12,65,3,0.9397009182106606,1.025914923520018,3
4,0.01,12,65,4,0.0745580832242485,0.014195899474995777,6
4,0.01,12,65,5,0.016133518193468532,0.0008728598031408907,4
4,0.01,12,65,6,0.006407377162504169,0.00029127127900796523,2
4,0.01,12,65,7,0.0006723031537481106,4.1285959753167845e-06,3
4,0.01,12,65,8,0.0001833003704243552,5.998827266040507e-07,2
4,0.01,12,65,9,1.6048527838208315e-05,6.183315193197814e-09,1
4,0.01,12,65,10,1.0455089807237528e-06,9.309886195296713e-11,1
4,0.01,12,66,1,2.7759281981263326,3.029234845177111,6
4,0.01,12,66,2,1.7956419452897405,1.969511589203187,7
4,0.01,12,66,3,0.8398366014912577,0.9614630660673664,5
4,0.01,12,66,4,0.04959076204584001,0.020017742046293918,5
4,0.01,12,66,5,0.01200858793854298,0.009320274535273398,5
4,0.01,12,66,6,0.000984807194770454,6.710887577199287e-05,5
4,0.01,12,66,7,4.013486277543166e-05,3.2815028916388655e-08,2
4,0.01,12,66,8,5.203351276961143e-06,3.3282283595781337e-09,2
4,0.01,12,66,9,2.7543562541865185e-07,4.793854202489456e-11,1
4,0.01,12,66,10,1.5000114039764867e-08,3.339550858072471e-13,1
4,0.01,12,67,1,5.065158669910798,5.74606206679665,9
4,0.01,12,67,2,2.7307333845559905,2.9848887388282392,7
4,0.01,12,67,3,1.0503581045492192,1.0821682493402598,7
4,0.01,12,67,4,0.0614246185497187,0.020767377275517696,5
4,0.01,12,67,5,0.016383149818940623,0.0007515406814899706,4
4,0.01,12,67,6,0.001169023523797108,1.0775777339766535e-05,3
4,0.01,12,67,7,0.0002892895385615546,7.074846664067991e-07,2
4,0.01,12,67,8,1.901603966469878e-05,2.8236541993464925e-09,1
4,0.01,12,67,9,1.2975276328930363e-06,2.4291679778798425e-11,2
4,0.01,12,67,10,9.34940436181364e-08,1.7053025658242404e-13,1
4,0.01,12,68,1,4.326316733538615,4.858151796195338,7
4,0.01,12,68,2,2.6635340582323757,2.9562373628577703,7
4,0.01,12,68,3,1.00741492049072,1.0631493448346667,5
4,0.01,12,68,4,0.13806832751595,0.06765511510535394,5
4,0.01,12,68,5,0.03011589835443651,0.00998318522787045,5
4,0.01,12,68,6,0.0006220177773528235,4.665783809087998e-06,3
4,0.01,12,68,7,4.441326129800416e-05,4.8604784197436857e-08,2
4,0.01,12,68,8,3.9701546405979116e-06,9.694627323142413e-10,1
4,0.01,12,68,9,1.2641313418271238e-07,1.0579981335467892e-11,1
4,0.01,12,68,10,3.0619045077173723e-09,1.2434497875801753e-14,1
4,0.01,12,69,1,4.290136681201458,4.831080372770117,2
4,0.01,12,69,2,2.6688761933651826,2.9573728149075738,2
4,0.01,12,69,3,1.7741572195737678,1.9779552104344766,2
4,0.01,12,69,4,0.11207961417543633,0.06760866038268443,2
4,0.01,12,69,5,0.01185837295788783,0.000952782871215696,2
4,0.01,12,69,6,0.0006539550190511889,8.282923994684666e-06,2
4,0.01,12,69,7,0.00038519391883351517,4.768242710895265e-06,2
4,0.01,12,69,8,1.866883969903199e-05,3.3882979977306604e-08,2
4,0.01,12,69,9,4.5782791868731465e-06,1.2994156861623196e-09,2
4,0.01,12,69,10,1.8884785646378077e-07,1.5045742429720121e-12,1
4,0.01,12,70,1,4.351041211440324,4.877068095583878,8
4,0.01,12,70,2,2.715817637925343,2.9845965919028803,8
4,0.01,12,70,3,1.0421009844926354,1.0725217491586134,8
4,0.01,12,70,4,0.08858146378646214,0.04770543605731348,4
4,0.01,12,70,5,0.019120530083931442,0.0016825060763032695,5
4,0.01,12,70,6,0.010593580522725077,0.0003520845691387109,4
4,0.01,12,70,7,0.0005623392363363067,4.8045704126309374e-06,3
4,0.01,12,70,8,7.349214237439838e-05,6.840422095422127e-08,2
4,0.01,12,70,9,1.2340503306340622e-05,1.0451111975839922e-08,1
4,0.01,12,70,10,5.669871248059621e-07,7.139000501865667e-11,1
4,0.01,12,71,1,1.9360807500122599,2.052288708763051,9
4,0.01,12,71,2,0.8972934911081305,0.9813914994973985,7
4,0.01,12,71,3,0.8523166602526526,0.9703409319561631,5
4,0.01,12,71,4,0.041764161873805605,0.010863197896058274,5
4,0.01,12,71,5,0.005759691135897249,7.852984125999996e-05,5
4,0.01,12,71,6,0.00040495539046858653,1.122915220364007e-06,5
4,0.01,12,71,7,5.514036685916324e-06,3.5364422501515946e-10,4
4,0.01,12,71,8,4.800013053696262e-07,7.66497976201208e-12,2
4,0.01,12,71,9,3.515062818593151e-08,1.0658141036401503e-13,2
4,0.01,12,71,10,1.1077538886183902e-09,1.4210854715202004e-14,1
4,0.01,12,72,1,3.575040686070996,3.9351652341630494,4
4,0.01,12,72,2,2.6108830201799105,2.9276144633952033,2
4,0.01,12,72,3,1.05871292342648,1.0986661488452176,2
4,0.01,12,72,4,0.06531652622483897,0.04739882240750859,2
4,0.01,12,72,5,0.025468137363011678,0.01065240384633892,2
4,0.01,12,72,6,0.0036274878683535405,0.00020599020573452975,2
4,0.01,12,72,7,0.00026817220339037107,1.6872336061624083e-06,2
4,0.01,12,72,8,9.8556901670932e-06,2.4342803328636364e-09,1
4,0.01,12,72,9,1.0212331833514554e-06,9.774936415851698e-11,2
4,0.01,12,72,10,3.758638289497185e-08,1.687538997430238e-13,1
4,0.01,12,73,1,1.936053933600924,2.066447176496336,1
4,0.01,12,73,2,0.9010676792924315,0.997393244276572,6
4,0.01,12,73,3,0.05237475177561546,0.021956044153728538,5
4,0.01,12,73,4,0.014354777770214433,0.00045419558500281454,4
4,0.01,12,73,5,0.0010843630887293898,2.16593711792612e-05,3
4,0.01,12,73,6,0.00015188157958245796,4.5436053763836526e-07,2
4,0.01,12,73,7,8.678605852630028e-06,9.79575354165263e-09,1
4,0.01,12,73,8,-3.552713678800501e-15,-3.552713678800501e-15,1
4,0.01,12,73,9,-5.329070518200751e-15,0.0,2
4,0.01,12,73,10,-7.105427357601002e-15,-3.552713678800501e-15,1
4,0.01,12,74,1,3.6492839059528768,3.9969839694469265,6
4,0.01,12,74,2,2.119514987438685,2.1766724561109108,6
4,0.01,12,74,3,0.1793901183105513,0.07331520132689384,5
4,0.01,12,74,4,0.023993850921436355,0.0016740217584487738,4
4,0.01,12,74,5,0.00221357247932108,2.4274245499000813e-05,3
4,0.01,12,74,6,0.0005360976592356792,6.179348602586288e-06,2
4,0.01,12,74,7,1.9615412273132904e-05,7.463942353069797e-09,1
4,0.01,12,74,8,7.027099035994411e-07,1.673114979894308e-10,2
4,0.01,12,74,9,7.569472337820571e-08,1.5134560271690134e-12,2
4,0.01,12,74,10,3.096922718270889e-09,1.4210854715202004e-14,1
4,0.01,12,75,1,4.36481632020892,4.877346128532192,4
4,0.01,12,75,2,2.6378978988639474,2.9381394270113503,4
4,0.01,12,75,3,1.0108462423118523,1.046989224431858,2
4,0.01,12,75,4,0.05213892627112582,0.021172208030029616,4
4,0.01,12,75,5,0.011430632177781064,0.00043653580124747293,3
4,0.01,12,75,6,0.0009104044602530337,6.222949370915387e-06,3
4,0.01,12,75,7,0.00010586979735194291,1.2829502615829824e-07,2
4,0.01,12,75,8,1.0772639076783719e-05,1.3766960904604275e-09,1
4,0.01,12,75,9,7.504397352420256e-07,7.65432162097568e-12,1
4,0.01,12,75,10,6.676743780076322e-08,1.1013412404281553e-13,1
4,0.01,12,76,1,4.256671831239408,4.804738451682544,6
4,0.01,12,76,2,3.3900947805663675,3.8436774451100035,5
4,0.01,12,76,3,1.7799530789177442,1.969076158721463,4
4,0.01,12,76,4,0.09024705922774157,0.022590107635791945,4
4,0.01,12,76,5,0.02683426032773184,0.01896046539927987,2
4,0.01,12,76,6,0.002353676490626455,0.00015233753101995262,2
4,0.01,12,76,7,0.0011463344813691378,6.781705676139893e-05,2
4,0.01,12,76,8,1.826675163041358e-05,1.6140592862257108e-08,3
4,0.01,12,76,9,7.14294065051746e-06,9.131305489518127e-09,2
4,0.01,12,76,10,1.2393722581549582e-07,5.631051180898794e-12,1
4,0.01,12,77,1,4.28668032770563,4.823239563589487,3
4,0.01,12,77,2,2.6387455299262843,2.9381408139040115,4
4,0.01,12,77,3,0.9692522503544723,1.0359835920398037,4
4,0.01,12,77,4,0.04773121054166296,0.010684952122826274,1
4,0.01,12,77,5,0.011790668896714429,0.0007496392907535565,4
4,0.01,12,77,6,0.001809951175048674,1.6310388298634848e-05,3
4,0.01,12,77,7,0.00030060840956913637,1.1596063274055268e-06,4
4,0.01,12,77,8,5.219333263273285e-05,3.04172349530063e-08,1
4,0.01,12,77,9,4.781540777543114e-06,3.6151526217054197e-10,2
4,0.01,12,77,10,6.269920209689417e-07,7.87636622590071e-12,1
4,0.01,12,78,1,3.5836327802226373,3.9445782473333217,7
4,0.01,12,78,2,2.675008591350636,2.9246487028966994,6
4,0.01,12,78,3,1.738994559492836,1.932103275012305,5
4,0.01,12,78,4,0.07897365601118178,0.030147682107135587,6
4,0.01,12,78,5,0.01722404270219613,0.009614393264777199,3
4,0.01,12,78,6,0.007476306848410275,0.0004517278460465235,4
4,0.01,12,78,7,0.00022877787054920162,3.658581237075964e-06,4
4,0.01,12,78,8,2.3120921261998717e-05,2.3801023374403485e-08,2
4,0.01,12,78,9,2.1311899986997673e-06,2.119957542845441e-10,1
4,0.01,12,78,10,1.2657549230965515e-07,1.715960706860642e-12,1
4,0.01,12,79,1,2.73201519797471,2.9836251634481386,1
4,0.01,12,79,2,1.8821029005375935,2.0322763785239495,6
4,0.01,12,79,3,0.12506233389824928,0.07482806169719947,2
4,0.01,12,79,4,0.04650557028080815,0.02013821646305569,2
4,0.01,12,79,5,0.004133958443650165,0.0002837245632090202,1
4,0.01,12,79,6,0.0010147949199881268,8.390772855193518e-06,2
4,0.01,12,79,7,6.093715603494587e-05,1.169028287506535e-07,1
4,0.01,12,79,8,5.961086491979017e-06,2.1903225899677636e-09,2
4,0.01,12,79,9,1.1960332146898622e-06,4.4000358911944204e-11,2
4,0.01,12,79,10,3.723077401929231e-08,6.092903959142859e-13,1
4,0.01,12,80,1,4.261680024879043,4.822450674041118,8
4,0.01,12,80,2,3.441981596399721,3.8807953005334035,6
4,0.01,12,80,3,1.767013083020399,1.977760487533991,5
4,0.01,12,80,4,0.08774747863715326,0.04034590161789353,4
4,0.01,12,80,5,0.02097975878958902,0.0009781991034625293,6
4,0.01,12,80,6,0.0016913782473046979,1.39604544440175e-05,4
4,0.01,12,80,7,0.00023216765221789615,1.5316495476369596e-06,3
4,0.01,12,80,8,2.372994389610028e-05,2.4548089783138494e-08,3
4,0.01,12,80,9,2.3155646502459604e-06,1.610445110600267e-10,1
4,0.01,12,80,10,2.65131538057517e-07,2.5988100560425664e-12,1
4,0.01,12,81,1,4.353524382655481,4.866890291222504,5
4,0.01,12,81,2,2.7042784235813766,2.975313141091462,6
4,0.01,12,81,3,0.9551420819959731,0.9977714593239879,5
4,0.01,12,81,4,0.1384955297380861,0.09278410224266675,6
4,0.01,12,81,5,0.017601511552689963,0.009554160225844655,3
4,0.01,12,81,6,0.0029815387300171636,3.427298274516488e-05,4
4,0.01,12,81,7,0.00037766892215085335,2.5142190507310147e-06,3
4,0.01,12,81,8,0.00010472209436152013,3.6503749356597837e-08,2
4,0.01,12,81,9,5.175837637594327e-06,3.19158033335043e-10,1
4,0.01,12,81,10,4.485186089198123e-08,8.526512829121202e-14,1
4,0.01,12,82,1,5.0895873653011305,5.74678786843716,4
4,0.01,12,82,2,3.4837698862112454,3.8725159502229785,4
4,0.01,12,82,3,1.0882627382192407,1.1062299286784585,3
4,0.01,12,82,4,0.0990265029828894,0.07488478201708748,4
4,0.01,12,82,5,0.017716666542800574,0.010262876498330797,3
4,0.01,12,82,6,0.004674299950491623,0.0002751861055489968,4
4,0.01,12,82,7,0.00039789289195102384,3.50925518954881e-06,4
4,0.01,12,82,8,3.252509807349924e-05,6.346344605390186e-08,2
4,0.01,12,82,9,2.4662079161075212e-06,5.994778007334389e-10,2
4,0.01,12,82,10,9.965938740919e-08,1.5365486660812167e-12,1
4,0.01,12,83,1,3.634906033421659,4.013990825391167,9
4,0.01,12,83,2,1.974412011093511,2.0969048871064695,8
4,0.01,12,83,3,0.2394376339921589,0.11111500423443044,2
4,0.01,12,83,4,0.07416471517014855,0.021305910103304626,2
4,0.01,12,83,5,0.003239706152432298,3.1054236782956934e-05,1
4,0.01,12,83,6,6.217248937900877e-15,2.6645352591003757e-15,4
4,0.01,12,83,7,7.105427357601002e-15,1.7763568394002505e-15,1
4,0.01,12,83,8,8.881784197001252e-15,1.7763568394002505e-15,2
4,0.01,12,83,9,7.993605777301127e-15,0.0,1
4,0.01,12,83,10,4.440892098500626e-15,0.0,1
4,0.01,12,84,1,4.3895931651137365,4.893853489126627,3
4,0.01,12,84,2,2.701078902662549,2.974822799927292,4
4,0.01,12,84,3,1.0501013251307576,1.0900689117109232,2
4,0.01,12,84,4,0.13915684271447315,0.09240522690420505,4
4,0.01,12,84,5,0.0165496419661304,0.0005601873608167551,3
4,0.01,12,84,6,0.00848539845067453,0.00022738203822658676,2
4,0.01,12,84,7,0.000268419375222706,1.5419074577138758e-06,1
4,0.01,12,84,8,3.8080079302282854e-05,3.4531556281081066e-08,2
4,0.01,12,84,9,1.9709249885480062e-06,2.9103652821049764e-10,2
4,0.01,12,84,10,7.699730808496952e-08,1.9824142327706795e-12,1
4,0.01,12,85,1,4.294455830068758,4.822352414198457,2
4,0.01,12,85,2,2.667867951615351,2.947583518358421,2
4,0.01,12,85,3,0.9524522756179064,1.0254656467773202,2
4,0.01,12,85,4,0.018206149484692347,0.0010239665338342974,3
4,0.01,12,85,5,0.008144995930293497,0.00011892471558994089,2
4,0.01,12,85,6,0.0010233533029042619,8.441500949807335e-06,2
4,0.01,12,85,7,0.00012209680137065249,6.335154090209016e-08,2
4,0.01,12,85,8,6.9953382482168536e-06,7.131770729529308e-10,3
4,0.01,12,85,9,3.4551514875857947e-06,9.285905377964809e-11,2
4,0.01,12,85,10,8.385599503668573e-08,5.275779813018744e-13,1
4,0.01,12,86,1,3.428957115218074,3.862172375999668,3
4,0.01,12,86,2,1.190722197786119,1.164669246712748,1
4,0.01,12,86,3,0.8383267668922727,0.9701266240888735,7
4,0.01,12,86,4,0.03300981421006011,0.019346343672257404,7
4,0.01,12,86,5,0.00515912543062047,0.00028334469219082337,3
4,0.01,12,86,6,0.0006523145474943703,5.865668002869029e-06,3
4,0.01,12,86,7,4.814515875750658e-05,5.892394838724613e-08,1
4,0.01,12,86,8,6.737623849062402e-06,1.2152447936841781e-09,1
4,0.01,12,86,9,5.14247302518811e-07,1.7710277688820497e-11,1
4,0.01,12,86,10,6.757090531550602e-08,2.948752353404416e-13,1
4,0.01,12,87,1,4.305016114659248,4.813691179406156,4
4,0.01,12,87,2,3.4414181431348867,3.844381385736507,3
4,0.01,12,87,3,1.0404709127243557,1.0617470477113873,3
4,0.01,12,87,4,0.07172001144719964,0.03178504697520079,1
4,0.01,12,87,5,0.014400251397933772,0.0096599603515104,2
4,0.01,12,87,6,0.005052037735850057,0.0006012757200419827,1
4,0.01,12,87,7,1.7763568394002505e-15,1.7763568394002505e-15,1
4,0.01,12,87,8,8.881784197001252e-16,1.7763568394002505e-15,1
4,0.01,12,87,9,1.7763568394002505e-15,3.552713678800501e-15,2
4,0.01,12,87,10,2.6645352591003757e-15,1.7763568394002505e-15,1
4,0.01,12,88,1,4.283916778604445,4.831965308173626,7
4,0.01,12,88,2,2.6376024309501362,2.9389553219756657,6
4,0.01,12,88,3,1.0238203905024692,1.0724137962313236,5
4,0.01,12,88,4,0.08976736820804021,0.041002278330162234,4
4,0.01,12,88,5,0.014587612252602966,0.0008029871656578536,5
4,0.01,12,88,6,0.0031383250345529135,0.00013988099484318894,2
4,0.01,12,88,7,0.00010645673008191636,1.7158111376147644e-07,1
4,0.01,12,88,8,3.2880319461803253e-05,2.896078576952732e-08,2
4,0.01,12,88,9,1.439036213746192e-06,4.8542503350290644e-11,1
4,0.01,12,88,10,2.76107803287573e-08,2.4868995751603507e-14,1
4,0.01,12,89,1,3.3825947486656895,3.8432129419188854,3
4,0.01,12,89,2,1.8423681657079074,2.005040354516262,7
4,0.01,12,89,3,0.860887485401852,0.9712607499705896,4
4,0.01,12,89,4,0.06506600030088538,0.03781110491580364,3
4,0.01,12,89,5,0.004157170990542802,0.0002717341104183646,4
4,0.01,12,89,6,0.000502883009281696,7.47276029500199e-06,3
4,0.01,12,89,7,3.952611297375341e-05,5.045411555215651e-08,4
4,0.01,12,89,8,5.055651400631689e-06,1.3464234172033684e-09,3
4,0.01,12,89,9,2.181342324547586e-07,1.4299672557172016e-12,2
4,0.01,12,89,10,6.025570264966973e-09,3.552713678800501e-15,1
4,0.01,12,90,1,3.552521494318661,3.942938254534674,9
4,0.01,12,90,2,1.867546662161157,2.0244079697797908,8
4,0.01,12,90,3,0.9662537517595462,1.0269656776731564,8
4,0.01,12,90,4,0.01791932218454928,0.0007383302295913552,6
4,0.01,12,90,5,0.01096594005818563,0.0002114284783996112,4
4,0.01,12,90,6,0.0007641432539724491,4.880533768236717e-06,4
4,0.01,12,90,7,0.00016432167449842439,5.283859128013546e-07,4
4,0.01,12,90,8,5.037461864532133e-06,8.760885350511671e-10,2
4,0.01,12,90,9,8.35227497830715e-07,6.193090484885033e-11,2
4,0.01,12,90,10,2.8163062992803134e-09,1.9539925233402755e-14,1
4,0.01,12,91,1,3.473462501111709,3.8893503948269172,8
4,0.01,12,91,2,1.7802762609913136,1.9781891295299228,5
4,0.01,12,91,3,0.945156018829282,1.0177675414165748,5
4,0.01,12,91,4,0.09460370926697426,0.041133034620202125,5
4,0.01,12,91,5,0.011446671822539223,0.00043404181865636104,5
4,0.01,12,91,6,0.00034231070402857,1.5340426271492902e-06,1
4,0.01,12,91,7,4.65041024027002e-05,1.7945369634730923e-08,2
4,0.01,12,91,8,3.5025966331758696e-06,1.8743584462299623e-10,2
4,0.01,12,91,9,2.180001672513754e-07,3.771205570046732e-12,1
4,0.01,12,91,10,6.025381082963577e-09,8.881784197001252e-15,1
4,0.01,12,92,1,3.48214024359421,3.9323021804416527,6
4,0.01,12,92,2,1.8466045480975275,2.0231519762575756,6
4,0.01,12,92,3,0.1323113085032226,0.06813507112316586,5
4,0.01,12,92,4,0.041004826357966095,0.019896810527054498,3
4,0.01,12,92,5,0.0022317548336951987,0.0001467372252230703,3
4,0.01,12,92,6,0.0004667707415100253,3.6132956386936144e-06,1
4,0.01,12,92,7,1.6212026300088667e-05,1.8471148166554485e-08,1
4,0.01,12,92,8,2.1202821196553145e-06,3.6633451827583485e-10,1
4,0.01,12,92,9,1.1546319456101628e-14,5.329070518200751e-15,2
4,0.01,12,92,10,7.993605777301127e-15,8.881784197001252e-15,1
4,0.01,12,93,1,3.669778939363221,3.9897573588008513,8
4,0.01,12,93,2,2.083059633381483,2.142421400545749,7
4,0.01,12,93,3,0.9619852934587847,0.9969979553848392,6
4,0.01,12,93,4,0.038908408606166844,0.0111957243711025,4
4,0.01,12,93,5,0.015204616827094952,0.0005811150477654792,4
4,0.01,12,93,6,0.00137251253199544,1.131736147286233e-05,3
4,0.01,12,93,7,0.00024032539631413385,5.709375709983533e-07,1
4,0.01,12,93,8,9.276561416093898e-05,2.8199430346376175e-08,1
4,0.01,12,93,9,1.2227063246328385e-06,1.5269563391484553e-11,1
4,0.01,12,93,10,2.9570083270868963e-08,4.263256414560601e-14,1
4,0.01,12,94,1,3.412403021110883,3.852968150636528,3
4,0.01,12,94,2,1.1192271770230633,1.1189797955347878,1
4,0.01,12,94,3,0.10401432049859505,0.0349420163962586,4
4,0.01,12,94,4,0.017173184576352085,0.000590763955325535,7
4,0.01,12,94,5,0.0014619070493955277,6.870250476964657e-06,5
4,0.01,12,94,6,0.00018637588892644885,1.8823328051809085e-07,5
4,0.01,12,94,7,2.420720133855525e-05,2.8144153674247718e-08,4
4,0.01,12,94,8,2.6702224156238685e-06,4.3505288260803354e-10,3
4,0.01,12,94,9,1.2318469178040914e-07,3.5704772471945034e-13,1
4,0.01,12,94,10,2.4010137877894522e-08,4.973799150320701e-14,1
4,0.01,12,95,1,5.050541849783106,5.746267239411612,6
4,0.01,12,95,2,3.4114991221414384,3.8357589741044755,4
4,0.01,12,95,3,1.7423851072799508,1.9506956433856235,4
4,0.01,12,95,4,0.08398617833393285,0.031808887685392584,4
4,0.01,12,95,5,0.028138393100895165,0.010065270073807753,6
4,0.01,12,95,6,0.0024739481416284903,4.284192647041607e-05,2
4,0.01,12,95,7,0.000594042103309711,5.291533776485835e-06,4
4,0.01,12,95,8,3.825094062204215e-05,3.524505309826509e-08,2
4,0.01,12,95,9,1.1696376566838751e-05,1.145034822513935e-08,2
4,0.01,12,95,10,5.382880443605131e-07,1.4169998507895798e-11,1
4,0.01,12,96,1,3.4789834962825985,3.9157166713140263,9
4,0.01,12,96,2,1.813265805103904,1.9875781644964352,8
4,0.01,12,96,3,0.19201319614012835,0.11171988537265065,7
4,0.01,12,96,4,0.06618525915205442,0.02215183499598261,6
4,0.01,12,96,5,0.010459853050676315,0.0005426445521736767,5
4,0.01,12,96,6,0.0011510371104339612,8.564293855428673e-06,4
4,0.01,12,96,7,0.000248549813702148,1.9902819925476933e-07,2
4,0.01,12,96,8,9.762898712484258e-05,3.357943789694673e-08,2
4,0.01,12,96,9,3.6614354943509397e-06,4.0808245671541954e-10,2
4,0.01,12,96,10,6.290667098340919e-08,3.872457909892546e-13,1
4,0.01,12,97,1,4.262886558562778,4.804355011220132,8
4,0.01,12,97,2,2.6950239913231986,2.9663814693436947,7
4,0.01,12,97,3,1.7704282360749444,1.9600695715852385,6
4,0.01,12,97,4,0.10608847131623111,0.04928540176243157,5
4,0.01,12,97,5,0.027751600006107324,0.001802723539720219,4
4,0.01,12,97,6,0.0019361662986163708,0.00013156355625909555,4
4,0.01,12,97,7,0.00024127157162201485,2.6940020347865357e-07,2
4,0.01,12,97,8,5.188481177853532e-05,5.103338907019861e-08,1
4,0.01,12,97,9,1.685794210892766e-06,3.845084250997388e-10,1
4,0.01,12,97,10,2.249273789445283e-07,4.943601084050897e-12,1
4,0.01,12,98,1,4.3862253986163005,4.892887723985144,2
4,0.01,12,98,2,2.6564190301883954,2.9479553505046496,3
4,0.01,12,98,3,0.9297215255378593,0.9997055825746779,1
4,0.01,12,98,4,0.06311884270021917,0.020585103812518213,1
4,0.01,12,98,5,0.011745486718366394,0.00024136614784175947,2
4,0.01,12,98,6,0.0010760443377098028,5.444831224110658e-06,1
4,0.01,12,98,7,7.596404158505266e-05,8.933172068736894e-08,3
4,0.01,12,98,8,3.963127591433135e-06,6.460663115603893e-10,2
4,0.01,12,98,9,7.01649663703563e-07,2.100186691222916e-11,1
4,0.01,12,98,10,9.866027994576143e-09,3.552713678800501e-15,1
4,0.01,12,99,1,3.425296084419145,3.870707016262351,6
4,0.01,12,99,2,1.8119967794888332,1.9955678190194188,4
4,0.01,12,99,3,0.1946535248915806,0.12867567957995085,1
4,0.01,12,99,4,0.023035457597226916,0.0013335514849508456,4
4,0.01,12,99,5,0.0050588154951434205,0.0003198701852733521,6
4,0.01,12,99,6,0.00014254985449468904,7.746033681144127e-08,3
4,0.01,12,99,7,3.4013661085019464e-05,5.074692310813589e-08,4
4,0.01,12,99,8,3.477182199951301e-06,4.76893191603267e-10,3
4,0.01,12,99,9,2.322838748014533e-07,6.3788974102862994e-12,2
4,0.01,12,99,10,3.318011465580639e-08,1.652011860642233e-13,1
4,0.01,12,100,1,4.301651539147168,4.840313005345074,9
4,0.01,12,100,2,1.8906333097292949,2.024626492090725,8
4,0.01,12,100,3,0.9665289136014641,1.0350939924075,7
4,0.01,12,100,4,0.14426625572292195,0.0767383658117664,6
4,0.01,12,100,5,0.016101620361580693,0.0005153858171471626,3
4,0.01,12,100,6,0.0014980882702415599,1.6322625087106246e-05,4
4,0.01,12,100,7,0.0003044188586711627,3.2146975570412906e-07,3
4,0.01,12,100,8,2.8625089650624602e-05,6.339581304359854e-09,2
4,0.01,12,100,9,3.1631840107237963e-06,1.3346834748517722e-10,1
4,0.01,12,100,10,8.567709297579995e-08,1.2079226507921703e-13,1
4,0.01,12,101,1,4.306707396737194,4.838968154628493,9
4,0.01,12,101,2,1.7260801777271837,1.9580653053027506,7
4,0.01,12,101,3,0.8230287841782546,0.9606625720760649,7
4,0.01,12,101,4,0.05506211443505915,0.021409733087780047,5
4,0.01,12,101,5,0.005708112437795343,0.00034151510338720215,4
4,0.01,12,101,6,0.00039740470047622267,1.3517165022847166e-06,3
4,0.01,12,101,7,0.00031154329672311576,6.660073319508797e-07,2
4,0.01,12,101,8,3.086165791721385e-05,5.7111080309368845e-09,1
4,0.01,12,101,9,7.690811685279186e-07,5.866596097803267e-11,2
4,0.01,12,101,10,8.466752987601467e-08,5.044853423896711e-13,1
4,0.01,12,102,1,4.359832992356207,4.884340978046033,7
4,0.01,12,102,2,1.803415946183458,1.9959473213885692,7
4,0.01,12,102,3,0.9694218944752411,1.0354063854629203,7
4,0.01,12,102,4,0.05314700391874805,0.011688621567085278,7
4,0.01,12,102,5,0.0017384265249837938,1.7348996225408087e-05,5
4,0.01,12,102,6,0.00015620616412981292,1.380541849727024e-07,5
4,0.01,12,102,7,5.329070518200751e-15,-1.7763568394002505e-15,2
4,0.01,12,102,8,2.6645352591003757e-15,1.7763568394002505e-15,1
4,0.01,12,102,9,-7.105427357601002e-15,1.7763568394002505e-15,1
4,0.01,12,102,10,-5.329070518200751e-15,1.7763568394002505e-15,1
4,0.01,12,103,1,1.850688831251043,2.029966911470847,10
4,0.01,12,103,2,1.00708926459746,1.0611838239818114,4
4,0.01,12,103,3,0.03618405446424067,0.010885867554186746,6
4,0.01,12,103,4,0.008838373841292047,0.0001572804795042515,2
4,0.01,12,103,5,0.0012350221023318397,7.141791734976977e-05,4
4,0.01,12,103,6,5.4687020804244924e-05,9.992410099357585e-08,1
4,0.01,12,103,7,1.057567530349246e-05,4.763613503655506e-09,2
4,0.01,12,103,8,1.1329344173915956e-06,1.609947730685235e-10,1
4,0.01,12,103,9,5.329070518200751e-15,0.0,1
4,0.01,12,103,10,0.0,1.7763568394002505e-15,1
4,0.01,12,104,1,4.374488542336238,4.868590774591205,8
4,0.01,12,104,2,2.574785717419754,2.9012658996318343,7
4,0.01,12,104,3,0.999998231451138,1.0534540164414388,7
4,0.01,12,104,4,0.0611269973816686,0.03836960049128102,2
4,0.01,12,104,5,0.02100107513295324,0.010324195450369444,4
4,0.01,12,104,6,0.013756725460766006,0.009543252019218684,4
4,0.01,12,104,7,0.0029865925815784067,0.00020372161503257047,3
4,0.01,12,104,8,0.00025029215017102757,3.7984632719201272e-06,2
4,0.01,12,104,9,3.89884762785897e-05,9.177042414876269e-08,2
4,0.01,12,104,10,2.0169251158108636e-06,3.681108751152351e-10,1
4,0.01,12,105,1,4.226181666554064,4.8042807888667785,8
4,0.01,12,105,2,2.5694586225958744,2.91024149407108,8
4,0.01,12,105,3,1.0392215375535523,1.0633924436181852,1
4,0.01,12,105,4,0.05732014263788887,0.039204477827228246,5
4,0.01,12,105,5,0.022679158332789662,0.010098785089176943,5
4,0.01,12,105,6,0.005076672540946348,0.0005821768473488476,5
4,0.01,12,105,7,0.0003126173647514108,4.169654305385961e-06,4
4,0.01,12,105,8,6.133532956820176e-05,1.4147213356352495e-07,1
4,0.01,12,105,9,6.164282920551045e-06,2.3229631551657803e-09,1
4,0.01,12,105,10,9.363323094646603e-07,6.17195183849617e-11,1
4,0.01,12,106,1,3.554303834345019,3.9597599136196857,9
4,0.01,12,106,2,2.0211930536449856,2.138146036606879,8
4,0.01,12,106,3,0.9107338156892135,0.9801614915044681,2
4,0.01,12,106,4,0.026274757351997025,0.002021134286542825,7
4,0.01,12,106,5,0.0013660646432249735,3.0006930777481955e-05,5
4,0.01,12,106,6,0.00024800431783766896,7.594604749527889e-07,5
4,0.01,12,106,7,4.440892098500626e-15,0.0,1
4,0.01,12,106,8,3.552713678800501e-15,0.0,2
4,0.01,12,106,9,2.6645352591003757e-15,0.0,1
4,0.01,12,106,10,8.881784197001252e-16,0.0,1
4,0.01,12,107,1,4.313400662622057,4.840588355855388,3
4,0.01,12,107,2,1.9309728578066592,2.0524655219086503,2
4,0.01,12,107,3,0.9454224776069626,0.991704691355884,2
4,0.01,12,107,4,0.05273038200162006,0.01196868195430767,2
4,0.01,12,107,5,0.0018373538056506433,0.000136361106319427,4
4,0.01,12,107,6,0.00024793952542712105,1.5582062502517147e-06,2
4,0.01,12,107,7,1.8069228596040432e-05,1.9983488641628355e-08,2
4,0.01,12,107,8,1.5113207156858266e-06,4.1595349387080205e-10,2
4,0.01,12,107,9,8.485711955330544e-08,2.192024339819909e-12,2
4,0.01,12,107,10,2.990792502544082e-09,8.881784197001252e-15,1
4,0.01,12,108,1,5.095424865118232,5.7470588604798785,6
4,0.01,12,108,2,3.4427631125121705,3.8629669371367115,7
4,0.01,12,108,3,1.7682712942077217,1.9599317706083177,6
4,0.01,12,108,4,0.13648641073750412,0.08584251577695579,3
4,0.01,12,108,5,0.030018024629690387,0.0192864332040088,3
4,0.01,12,108,6,0.017684881466441205,0.009733392001080254,3
4,0.01,12,108,7,0.0014428681324911707,6.905573424198508e-05,3
4,0.01,12,108,8,0.00010157026082335818,9.761084367454487e-07,1
4,0.01,12,108,9,5.873199495631809e-06,6.897870719058119e-09,1
4,0.01,12,108,10,1.789740595725675e-07,5.472955422192172e-12,1
4,0.01,12,109,1,3.5036226901550416,3.900264783281126,6
4,0.01,12,109,2,1.1326926896675404,1.0955457047402204,5
4,0.01,12,109,3,0.838083538814927,0.9616247606065729,3
4,0.01,12,109,4,0.050787975089727766,0.020020139461465192,3
4,0.01,12,109,5,0.004412210579264553,0.0003005363624826174,6
4,0.01,12,109,6,0.0006913567031734402,7.700676087019076e-06,5
4,0.01,12,109,7,7.16185462206198e-05,1.0587833543240777e-07,3
4,0.01,12,109,8,2.3470889329857414e-05,2.676135402168711e-08,3
4,0.01,12,109,9,1.1692215533543049e-06,2.9099211928951263e-10,2
4,0.01,12,109,10,1.9799497508188324e-07,7.547740210611664e-12,1
4,0.01,12,110,1,3.5451396128482653,3.94920554866232,2
4,0.01,12,110,2,1.840615739887384,2.0051024081868443,1
4,0.01,12,110,3,0.9018562000399175,0.9807791950066758,3
4,0.01,12,110,4,0.056537849996603384,0.021205368378108602,2
4,0.01,12,110,5,0.0035607708906111313,0.00014448438862846302,4
4,0.01,12,110,6,0.0011323528692077645,6.730149074574143e-05,3
4,0.01,12,110,7,0.00013447066229854698,1.0988405385603528e-06,2
4,0.01,12,110,8,1.0342345753144855e-05,1.02147623692872e-08,3
4,0.01,12,110,9,1.2725091735887872e-06,1.7349499614738306e-10,2
4,0.01,12,110,10,8.624386982347687e-08,1.865174681370263e-12,1
4,0.01,12,111,1,5.091289152571081,5.756333556289292,6
4,0.01,12,111,2,3.495413458186494,3.8997444477253342,5
4,0.01,12,111,3,1.0927391810162863,1.1255763599273223,5
4,0.01,12,111,4,0.09741692408889335,0.0486314607787488,5
4,0.01,12,111,5,0.025961807124156522,0.009886597255148288,2
4,0.01,12,111,6,0.004028453752681571,0.00020983594427015362,1
4,0.01,12,111,7,0.00031054869539204333,2.4302736374437472e-06,2
4,0.01,12,111,8,4.5380459394728234e-05,5.124575253034891e-08,1
4,0.01,12,111,9,2.1867322228530384e-06,4.4077985705825995e-10,2
4,0.01,12,111,10,3.164273714162391e-07,9.285017199545109e-12,1
4,0.01,12,112,1,3.5895733505607543,3.9784666246071883,6
4,0.01,12,112,2,1.8802065925541553,2.0493926763906334,5
4,0.01,12,112,3,0.9426386084096219,1.0174682068900092,2
4,0.01,12,112,4,0.0662843561052151,0.03856186529162997,2
4,0.01,12,112,5,0.020197774883835784,0.009836545195056168,1
4,0.01,12,112,6,0.0019361390527761202,0.00013663606322289468,1
4,0.01,12,112,7,0.00012814064211497112,2.552104731989857e-07,2
4,0.01,12,112,8,2.5930084841085943e-05,4.283924148751339e-08,1
4,0.01,12,112,9,4.720818584935671e-06,3.6898004651675365e-09,1
4,0.01,12,112,10,3.083984152496555e-07,9.247713705917704e-12,1
4,0.01,12,113,1,3.5706129791365138,3.961175742358396,3
4,0.01,12,113,2,1.7694554925283263,1.9424760880186827,9
4,0.01,12,113,3,0.9263676486687604,0.9911039787220322,8
4,0.01,12,113,4,0.054449830346718464,0.011452229158582128,7
4,0.01,12,113,5,0.017873039489899156,0.009627148661321527,3
4,0.01,12,113,6,0.0027700117578959293,0.00020324707301355716,3
4,0.01,12,113,7,0.0002792017109651823,1.0782457451341543e-06,4
4,0.01,12,113,8,0.0001259974128497987,5.185810625363274e-07,3
4,0.01,12,113,9,4.111671738193934e-06,3.1097258101908665e-10,2
4,0.01,12,113,10,9.604126907092336e-07,3.1169733460956195e-11,1
4,0.01,12,114,1,3.5367141723515374,3.9258209498799213,4
4,0.01,12,114,2,1.943869228234627,2.0521425735600634,4
4,0.01,12,114,3,0.21667611385071694,0.14617300213462947,1
4,0.01,12,114,4,0.04035442253567112,0.0023482099758460606,2
4,0.01,12,114,5,0.0059492486828558455,0.0003956616244433775,4
4,0.01,12,114,6,0.00048431315530983454,5.780061076876564e-06,4
4,0.01,12,114,7,9.697409065001494e-05,5.271628715775023e-07,2
4,0.01,12,114,8,1.273105562304977e-05,7.616907993224231e-09,2
4,0.01,12,114,9,7.284966869747223e-07,2.900613083056669e-11,2
4,0.01,12,114,10,2.8475293234464516e-08,7.460698725481052e-14,1
4,0.01,12,115,1,2.710665029216404,2.9736944019971974,1
4,0.01,12,115,2,1.0186491744519017,1.0719553943604296,8
4,0.01,12,115,3,0.11674429629054384,0.04406758823981338,8
4,0.01,12,115,4,0.008748215299409168,0.0002711718788894757,7
4,0.01,12,115,5,0.0010159866871610745,6.838241726647709e-06,6
4,0.01,12,115,6,6.840581057865336e-05,9.655269801456257e-07,2
4,0.01,12,115,7,4.129872256619649e-06,6.558469323181271e-10,4
4,0.01,12,115,8,7.512214317273447e-07,2.426681078304682e-10,2
4,0.01,12,115,9,1.4101420209300386e-07,4.7197801222864655e-12,2
4,0.01,12,115,10,5.1251305421828874e-09,8.881784197001252e-15,1
4,0.01,12,116,1,3.5858005011404526,3.9614836810630383,2
4,0.01,12,116,2,2.6047125073674575,2.9291179838815964,8
4,0.01,12,116,3,0.8650330401668311,0.9715129776416305,5
4,0.01,12,116,4,0.039705867256892624,0.010862713802377577,6
4,0.01,12,116,5,0.011826462088270873,0.000605954693483568,5
4,0.01,12,116,6,0.0007938661788724488,6.832375260223955e-06,2
4,0.01,12,116,7,0.00017604232893653204,9.642553493449668e-07,1
4,0.01,12,116,8,1.6065179396562712e-05,3.6083260823716046e-09,2
4,0.01,12,116,9,2.680623497397505e-06,3.801901016231568e-10,1
4,0.01,12,116,10,1.0447224951803946e-07,9.343636975245317e-13,1
4,0.01,12,117,1,4.305884270769603,4.85005285666888,7
4,0.01,12,117,2,2.6140537052540154,2.929075136757376,5
4,0.01,12,117,3,1.0924129326531187,1.117571863013799,4
4,0.01,12,117,4,0.13468537084834864,0.06179585566647017,4
4,0.01,12,117,5,0.018232900637928928,0.009555297753941261,4
4,0.01,12,117,6,0.0024247287370267046,7.571052767296749e-05,4
4,0.01,12,117,7,0.0002552713376475779,3.9777320637313096e-07,1
4,0.01,12,117,8,8.603621248326476e-06,2.397134934994938e-09,1
4,0.01,12,117,9,1.0683058997429384e-06,2.781064267765032e-11,1
4,0.01,12,117,10,1.1906957464447032e-07,3.375077994860476e-13,1
4,0.01,12,118,1,4.411862863753132,4.91049121529878,5
4,0.01,12,118,2,2.043280128461081,2.1468228117817,5
4,0.01,12,118,3,0.9526630586996685,0.9923036194054173,5
4,0.01,12,118,4,0.1580721252420263,0.09365458338116639,6
4,0.01,12,118,5,0.016447625561161416,0.0005742994352377906,5
4,0.01,12,118,6,0.0013943486010177253,9.3781618764055e-06,4
4,0.01,12,118,7,2.9419132351549138e-05,1.0525575078190741e-08,3
4,0.01,12,118,8,7.860146290283865e-06,1.0117311433077703e-09,2
4,0.01,12,118,9,5.552274791043033e-07,9.36495325731812e-12,1
4,0.01,12,118,10,3.2783660230961686e-09,7.105427357601002e-15,1
4,0.01,12,119,1,3.7080003105506574,4.024303277280536,3
4,0.01,12,119,2,1.9921690561804901,2.095598195433352,2
4,0.01,12,119,3,0.9616248584099276,1.0265412347542018,2
4,0.01,12,119,4,0.06583004022419559,0.03759884647237577,4
4,0.01,12,119,5,0.014625776602830598,0.0005015396147349804,3
4,0.01,12,119,6,0.008934034139714164,0.00021063985854574696,2
4,0.01,12,119,7,0.00036442466989417,2.682992787050864e-06,2
4,0.01,12,119,8,0.00019435846438931037,1.027673576459165e-06,2
4,0.01,12,119,9,1.2078114870917034e-05,8.42323899519215e-09,2
4,0.01,12,119,10,9.509679621544365e-08,4.8334669600080815e-12,1
4,0.01,12,120,1,4.368901939783059,4.884444270286652,5
4,0.01,12,120,2,1.845992844206262,2.039362667282255,4
4,0.01,12,120,3,0.936153765598589,0.9998465803774597,3
4,0.01,12,120,4,0.036158290881125765,0.0197834678119575,2
4,0.01,12,120,5,0.0068550884133324885,0.0005257096402795369,5
4,0.01,12,120,6,0.0005339949768146113,4.605017068115558e-06,5
4,0.01,12,120,7,6.289421748828516e-05,1.4725658203929015e-07,3
4,0.01,12,120,8,7.842741280406074e-06,1.649126346592311e-08,2
4,0.01,12,120,9,7.248965987471934e-07,1.4435919126754015e-10,2
4,0.01,12,120,10,2.035148316537061e-08,1.1546319456101628e-13,1
4,0.01,12,121,1,3.4823910518110583,3.8988381037007738,2
4,0.01,12,121,2,1.832751708560302,1.9972272012346721,2
4,0.01,12,121,3,0.1766894749026111,0.06576285261380299,1
4,0.01,12,121,4,0.04132272318496355,0.010863440514421896,3
4,0.01,12,121,5,0.009952435334526832,0.00029713803273079264,2
4,0.01,12,121,6,0.001077629728022167,5.372312000595514e-06,2
4,0.01,12,121,7,7.390728392664414e-05,1.8582845484615973e-08,1
4,0.01,12,121,8,3.960945076819655e-06,4.2950532019858656e-11,1
4,0.01,12,121,9,1.1095397374205618e-06,2.275513111271721e-11,2
4,0.01,12,121,10,5.927009283368534e-08,7.283063041541027e-14,1
4,0.01,12,122,1,2.713592767607281,2.9917200950502867,5
4,0.01,12,122,2,1.8179334782849441,2.0136793677483347,4
4,0.01,12,122,3,0.8737266631918192,0.9806874568388828,3
4,0.01,12,122,4,0.09339751927828743,0.056830325829611894,2
4,0.01,12,122,5,0.010695478950720982,0.000174726981144957,2
4,0.01,12,122,6,0.0003703933800913717,4.113309419295774e-06,4
4,0.01,12,122,7,0.0001696940586022322,1.0883172176789913e-06,2
4,0.01,12,122,8,1.4545527809772807e-05,8.225617520452033e-09,2
4,0.01,12,122,9,1.7534152991771634e-06,7.618616848503734e-11,2
4,0.01,12,122,10,2.6256357088527693e-08,5.684341886080802e-14,1
4,0.01,12,123,1,3.420283963051795,3.862011741955506,8
4,0.01,12,123,2,1.7835635438278592,1.9872004344287832,2
4,0.01,12,123,3,0.18891595413955642,0.08216160109065385,1
4,0.01,12,123,4,0.01751674499518696,0.0006493409181729248,1
4,0.01,12,123,5,0.0017300035401959235,1.1990880827816852e-05,1
4,0.01,12,123,6,2.6645352591003757e-15,1.7763568394002505e-15,1
4,0.01,12,123,7,3.552713678800501e-15,1.7763568394002505e-15,1
4,0.01,12,123,8,8.881784197001252e-16,1.7763568394002505e-15,3
4,0.01,12,123,9,8.881784197001252e-16,1.7763568394002505e-15,2
4,0.01,12,123,10,2.6645352591003757e-15,3.552713678800501e-15,1
4,0.01,12,124,1,4.245559567215286,4.813344384707397,5
4,0.01,12,124,2,1.890591796585018,2.0330527964670777,4
4,0.01,12,124,3,1.0458972435854257,1.0722536343938636,3
4,0.01,12,124,4,0.07424716026865852,0.030266716541593297,2
4,0.01,12,124,5,0.031913452685397026,0.010182701000291061,1
4,0.01,12,124,6,0.003022188350815469,0.0002615630018478754,2
4,0.01,12,124,7,0.0002508105746228395,1.1831905215586858e-06,3
4,0.01,12,124,8,4.1500573931152474e-05,5.935166846882112e-08,2
4,0.01,12,124,9,8.97076087724713e-06,7.888914410614234e-09,1
4,0.01,12,124,10,2.487063479605922e-07,2.5721647034515627e-11,1
4,0.01,12,125,1,4.357440651428452,4.8840237847654855,2
4,0.01,12,125,2,2.723018469629351,2.9844188502497886,2
4,0.01,12,125,3,0.9670295535474924,1.0350891921823715,2
4,0.01,12,125,4,0.04769653315775546,0.011502362059847115,2
4,0.01,12,125,5,0.01719114471002925,0.0009908459186043217,2
4,0.01,12,125,6,0.006183015269322745,7.724419850330122e-05,2
4,0.01,12,125,7,0.00025759521235979577,5.676767518281167e-07,1
4,0.01,12,125,8,2.2880109210809962e-05,6.9515877498815826e-09,2
4,0.01,12,125,9,4.768423287337953e-06,4.163798195122581e-10,2
4,0.01,12,125,10,2.6267654096301385e-07,2.9967139880682225e-12,1
4,0.01,12,126,1,4.400637810298867,4.885390016337954,7
4,0.01,12,126,2,2.029150506906066,2.1318827709663974,7
4,0.01,12,126,3,0.9020946661385647,0.9808380437487845,5
4,0.01,12,126,4,0.04954276463070961,0.020055014266510796,5
4,0.01,12,126,5,0.005932385147843,8.05743665859282e-05,5
4,0.01,12,126,6,0.0008373946398680943,4.411725832653701e-06,5
4,0.01,12,126,7,1.5706741939958135e-05,3.6553040594355934e-08,1
4,0.01,12,126,8,2.863394537477859e-06,6.79381884083341e-10,1
4,0.01,12,126,9,1.910033899932273e-07,4.209965709378594e-12,2
4,0.01,12,126,10,3.623998434676423e-08,4.884981308350689e-13,1
4,0.01,12,127,1,5.071361405127273,5.746190128070552,9
4,0.01,12,127,2,2.63929985523382,2.93812142019965,8
4,0.01,12,127,3,0.8305062893714723,0.9613678290571981,5
4,0.01,12,127,4,0.08990146730893045,0.055947333335040206,5
4,0.01,12,127,5,0.013948495562082108,0.0007916608586500118,5
4,0.01,12,127,6,0.0042700311940038205,0.000401581641711779,3
4,0.01,12,127,7,0.0002746617961308928,5.575278240854686e-06,3
4,0.01,12,127,8,3.894570314066925e-05,4.443270995579951e-08,3
4,0.01,12,127,9,2.6645352591003757e-15,0.0,1
4,0.01,12,127,10,-1.7763568394002505e-15,3.552713678800501e-15,1
4,0.01,12,128,1,4.162015654289764,4.766758838440106,9
4,0.01,12,128,2,2.6257267458276603,2.9377277166535247,8
4,0.01,12,128,3,1.0074419265055923,1.0454855594918557,8
4,0.01,12,128,4,0.07417628356547468,0.0232648808733682,5
4,0.01,12,128,5,0.022858599612119335,0.0015370237848433277,5
4,0.01,12,128,6,0.00939894029340227,0.0002248482911255678,5
4,0.01,12,128,7,0.000361642507319182,1.6007597132272622e-06,4
4,0.01,12,128,8,9.011253177426681e-06,1.445933150989731e-09,3
4,0.01,12,128,9,1.7380335304295613e-07,5.10524955643632e-12,2
4,0.01,12,128,10,1.0029800989741489e-08,6.572520305780927e-14,1
4,0.01,12,129,1,4.404525328830961,4.900556253011519,9
4,0.01,12,129,2,1.957828868639643,2.0837028392371604,9
4,0.01,12,129,3,0.20996346822765144,0.1298075806427894,7
4,0.01,12,129,4,0.023962379600938277,0.0009574879744000953,5
4,0.01,12,129,5,0.010050066141724656,0.00018770415745361646,5
4,0.01,12,129,6,0.0028763844122758897,2.00206647571477e-05,4
4,0.01,12,129,7,0.000208213657582057,1.5817021825625943e-07,4
4,0.01,12,129,8,5.906909126274229e-06,3.829185857284756e-10,3
4,0.01,12,129,9,7.684641127880809e-07,1.2859047160418413e-11,1
4,0.01,12,129,10,4.39936274077013e-08,9.947598300641403e-14,1
4,0.01,12,130,1,3.5064434403932356,3.889416070757754,1
4,0.01,12,130,2,1.9438932770005142,2.0516791419506593,2
4,0.01,12,130,3,0.12933243418062723,0.05188274766769041,1
4,0.01,12,130,4,0.030986903861120574,0.010170626039990083,7
4,0.01,12,130,5,0.011356566951712388,0.0004910195954206387,2
4,0.01,12,130,6,0.0003973719629160044,1.3859620109357706e-06,5
4,0.01,12,130,7,0.00027956631965153633,2.044638550025013e-06,2
4,0.01,12,130,8,3.885341809883869e-05,3.016136673750225e-08,2
4,0.01,12,130,9,3.614706086452202e-06,3.950173521616307e-10,2
4,0.01,12,130,10,7.657519240922284e-08,8.29558643999917e-13,1
4,0.01,12,131,1,3.434283665087861,3.8622146933845496,9
4,0.01,12,131,2,1.9462797057380161,2.069497082997249,7
4,0.01,12,131,3,0.8994271751705956,0.9897589518623384,4
4,0.01,12,131,4,0.04035178946352502,0.010647497146774043,3
4,0.01,12,131,5,0.013101911763047092,0.0004816136663876591,2
4,0.01,12,131,6,0.0007972596969079149,2.6095242331436452e-06,1
4,0.01,12,131,7,0.00012639661913205202,1.3860025571688084e-07,2
4,0.01,12,131,8,1.020464299106294e-05,1.5879013659514385e-09,2
4,0.01,12,131,9,8.378384332985434e-07,7.680966973566683e-12,1
4,0.01,12,131,10,3.214963228970191e-08,1.4210854715202004e-14,1
4,0.01,12,132,1,2.84398919623166,3.0628005394531446,9
4,0.01,12,132,2,1.0927560564685352,1.1225343915203503,8
4,0.01,12,132,3,0.16812807855874823,0.0687766144368549,8
4,0.01,12,132,4,0.004277000388850816,0.0002082783252879139,7
4,0.01,12,132,5,8.881784197001252e-16,3.552713678800501e-15,5
4,0.01,12,132,6,1.7763568394002505e-15,1.7763568394002505e-15,4
4,0.01,12,132,7,1.7763568394002505e-15,1.7763568394002505e-15,3
4,0.01,12,132,8,1.7763568394002505e-15,5.329070518200751e-15,2
4,0.01,12,132,9,8.881784197001252e-16,3.552713678800501e-15,1
4,0.01,12,132,10,0.0,1.7763568394002505e-15,1
4,0.01,12,133,1,4.333483781593085,4.857263949671633,4
4,0.01,12,133,2,2.7158202872050214,2.983976141200305,4
4,0.01,12,133,3,1.0408967362521073,1.0815701095161847,3
4,0.01,12,133,4,0.06344951641167373,0.02339791906549049,4
4,0.01,12,133,5,0.006477392880359645,0.00032995185140549665,3
4,0.01,12,133,6,0.0008818597357489466,2.2756101691001618e-05,4
4,0.01,12,133,7,9.83630052990847e-05,3.1713128390009615e-07,3
4,0.01,12,133,8,2.83677545720451e-06,4.799804997901447e-10,3
4,0.01,12,133,9,2.804542056367154e-07,1.5646151041437406e-11,1
4,0.01,12,133,10,8.916690497073887e-09,1.9539925233402755e-14,1
4,0.01,12,134,1,4.342586232937918,4.8677822520717715,6
4,0.01,12,134,2,2.5925140753283777,2.9126920018709592,6
4,0.01,12,134,3,0.9330554822579966,1.0174270556396952,6
4,0.01,12,134,4,0.060277928592711305,0.022635385099696315,3
4,0.01,12,134,5,0.02297227840628402,0.009839106865833891,6
4,0.01,12,134,6,0.000821213933874354,8.479532722205363e-06,3
4,0.01,12,134,7,7.59270654429045e-05,1.2121943981924233e-07,3
4,0.01,12,134,8,3.386586981513062e-05,1.856164999480825e-08,3
4,0.01,12,134,9,8.830293802830624e-07,1.7823964526542113e-11,2
4,0.01,12,134,10,1.0761212632104389e-07,3.339550858072471e-13,1
4,0.01,12,135,1,5.066893808872567,5.746259640347146,6
4,0.01,12,135,2,2.715546444109811,2.991007880729466,5
4,0.01,12,135,3,1.7812369752905024,1.960645555287357,4
4,0.01,12,135,4,0.1079256353763407,0.04125831551466508,4
4,0.01,12,135,5,0.02809278434318596,0.009888001655674827,4
4,0.01,12,135,6,0.004400175236240145,0.00020451624201101026,4
4,0.01,12,135,7,0.00024935235110223886,6.132567609284933e-07,1
4,0.01,12,135,8,2.048641882446134e-05,1.5218665438965218e-08,1
4,0.01,12,135,9,2.5037693598406463e-06,3.0046898302771297e-10,1
4,0.01,12,135,10,5.713363204762345e-08,2.611244553918368e-13,1
4,0.01,12,136,1,3.5213837208882417,3.908362868978635,7
4,0.01,12,136,2,2.60558053519837,2.9286729737054307,3
4,0.01,12,136,3,1.0251336820998302,1.0548457899788346,5
4,0.01,12,136,4,0.0630100562440532,0.03087408200628694,3
4,0.01,12,136,5,0.02404092237304134,0.001767625021672714,3
4,0.01,12,136,6,0.006755313967648391,8.785129207300457e-05,2
4,0.01,12,136,7,0.00017645825530276937,5.719754341271255e-07,2
4,0.01,12,136,8,1.6623093717527127e-05,3.378225699179893e-09,3
4,0.01,12,136,9,2.5847874480788846e-06,1.0675726969111565e-10,2
4,0.01,12,136,10,8.628204728466926e-08,2.3447910280083306e-13,1
4,0.01,12,137,1,3.4063439063828724,3.8436949236237057,7
4,0.01,12,137,2,1.823201175963069,1.9962538882670842,5
4,0.01,12,137,3,0.9384940522626808,1.0171371279256602,5
4,0.01,12,137,4,0.05337694425577766,0.03750201170381473,5
4,0.01,12,137,5,0.009122652601433856,0.0004796133074611575,4
4,0.01,12,137,6,0.0006262780240851029,5.543945585273491e-06,3
4,0.01,12,137,7,2.8306491285157165e-05,3.800986547730645e-08,3
4,0.01,12,137,8,1.6405319005485808e-06,4.923705887449614e-11,3
4,0.01,12,137,9,1.7763568394002505e-15,0.0,2
4,0.01,12,137,10,4.440892098500626e-15,0.0,1
4,0.01,12,138,1,2.783497949822025,3.011529674603218,10
4,0.01,12,138,2,1.8205279668461225,1.9958830194370343,5
4,0.01,12,138,3,0.8476957089061088,0.9614377566163306,7
4,0.01,12,138,4,0.0584766970100441,0.020352847634739213,7
4,0.01,12,138,5,0.0020694036912161096,0.00013978871975162122,5
4,0.01,12,138,6,0.00023346704672810858,2.100281977668317e-06,5
4,0.01,12,138,7,4.356138338046378e-06,2.6738184999430814e-09,4
4,0.01,12,138,8,1.3322162040196872e-07,1.568167817822541e-11,3
4,0.01,12,138,9,-8.881784197001252e-16,3.552713678800501e-15,1
4,0.01,12,138,10,-2.6645352591003757e-15,3.552713678800501e-15,1
4,0.01,12,139,1,2.772699269949187,3.0417890639374106,10
4,0.01,12,139,2,0.9521051491007171,1.019771767593343,9
4,0.01,12,139,3,0.08115977415817177,0.023673042020379675,1
4,0.01,12,139,4,0.03405238268045885,0.019084621776771726,2
4,0.01,12,139,5,0.0012559520257182655,2.2223516894293027e-05,1
4,0.01,12,139,6,7.696809388502146e-05,2.551507769510408e-07,4
4,0.01,12,139,7,4.679452939804207e-06,1.8048407213200335e-09,3
4,0.01,12,139,8,2.4104109250799866e-06,1.0409983985937288e-09,2
4,0.01,12,139,9,1.837181864416948e-07,1.1638690011750441e-11,2
4,0.01,12,139,10,8.058418821121904e-09,1.4210854715202004e-14,1
4,0.01,12,140,1,3.6099048393695696,3.9702904052299797,3
4,0.01,12,140,2,1.8833575084653145,2.0335832981292192,3
4,0.01,12,140,3,0.9158864839874026,0.9903152059006128,2
4,0.01,12,140,4,0.06966910259838865,0.02983604170908727,1
4,0.01,12,140,5,0.006461113623055681,9.289591281724796e-05,5
4,0.01,12,140,6,0.00078506754732377,8.277593973815556e-06,5
4,0.01,12,140,7,5.2784414109829925e-05,7.131967372231429e-08,4
4,0.01,12,140,8,6.639858135315535e-06,1.5383658791279231e-09,3
4,0.01,12,140,9,3.517052871160331e-07,5.282885240376345e-12,1
4,0.01,12,140,10,7.060003959225014e-08,1.0409451078885468e-12,1
4,0.01,12,141,1,3.530543555641425,3.925100651612759,9
4,0.01,12,141,2,2.652348660769319,2.929712176612064,7
4,0.01,12,141,3,0.9931579753790976,1.0529609365013055,6
4,0.01,12,141,4,0.060938071861249554,0.021267609102613605,5
4,0.01,12,141,5,0.00915298654745289,0.0007095414176010451,2
4,0.01,12,141,6,0.0018552816819044082,7.652622602183357e-05,1
4,0.01,12,141,7,0.00011928931855198499,2.4240906881800584e-07,2
4,0.01,12,141,8,2.447723620679909e-05,2.5979426609978873e-08,1
4,0.01,12,141,9,4.769650141511761e-07,5.782396783615695e-11,1
4,0.01,12,141,10,8.578525534375103e-08,2.6503244043851737e-12,1
4,0.01,12,142,1,2.622722874814814,2.937726642340067,6
4,0.01,12,142,2,1.1066286547525248,1.1174980821396492,6
4,0.01,12,142,3,0.14890816180483046,0.09167146334559728,3
4,0.01,12,142,4,0.03625049195163754,0.010244367157355327,2
4,0.01,12,142,5,0.0025475577780582626,0.00014363283546359185,2
4,0.01,12,142,6,0.0002074453395941589,1.2861428260180219e-06,2
4,0.01,12,142,7,8.377751575139314e-06,2.376742358478623e-09,1
4,0.01,12,142,8,1.677745393280361e-06,4.2461500981971767e-10,2
4,0.01,12,142,9,6.71183553180299e-08,1.0871303857129533e-12,1
4,0.01,12,142,10,5.016840276539369e-10,3.552713678800501e-15,1
4,0.01,12,143,1,4.361236705410132,4.8763857087316165,2
4,0.01,12,143,2,2.676358953643443,2.9413285071405406,5
4,0.01,12,143,3,0.9634293509427074,1.0357919899924592,2
4,0.01,12,143,4,0.07794244148469343,0.029644527905040796,1
4,0.01,12,143,5,0.01975637407235631,0.0014328004729069477,5
4,0.01,12,143,6,0.004290445141922561,0.0001616635634960062,1
4,0.01,12,143,7,0.00037938240806134615,3.4368882690927194e-06,1
4,0.01,12,143,8,3.8003360149474474e-05,3.123820491168772e-08,2
4,0.01,12,143,9,1.4636184458183266e-05,8.988486399630347e-09,1
4,0.01,12,143,10,2.1484213048594825e-06,1.8122214839877415e-10,1
4,0.01,12,144,1,3.4778906136087127,3.8974277320022876,3
4,0.01,12,144,2,2.7223778555181166,2.9738333452475185,3
4,0.01,12,144,3,1.0459825709917965,1.0715367213440743,2
4,0.01,12,144,4,0.02228615669894385,0.010574389371190485,2
4,0.01,12,144,5,0.005916003357363309,0.0006712909852932825,1
4,0.01,12,144,6,1.7763568394002505e-15,1.7763568394002505e-15,5
4,0.01,12,144,7,1.7763568394002505e-15,1.7763568394002505e-15,4
4,0.01,12,144,8,0.0,1.7763568394002505e-15,3
4,0.01,12,144,9,0.0,1.7763568394002505e-15,1
4,0.01,12,144,10,0.0,3.552713678800501e-15,1
4,0.01,12,145,1,3.6151148996041185,3.996942686810673,5
4,0.01,12,145,2,1.9589324720801207,2.0878965394017666,5
4,0.01,12,145,3,0.900331677470569,0.982457881972473,5
4,0.01,12,145,4,0.025403984460724338,0.0012920794866726482,3
4,0.01,12,145,5,0.007278288355215601,0.00010401188955455609,5
4,0.01,12,145,6,0.0006558530072746649,4.699476045644246e-06,5
4,0.01,12,145,7,2.2495218625628866e-05,5.832021088281181e-09,4
4,0.01,12,145,8,2.9049258101210285e-06,2.007833899142497e-10,3
4,0.01,12,145,9,1.1094624330354463e-07,1.5560885913146194e-12,2
4,0.01,12,145,10,1.3429160894418146e-08,3.907985046680551e-14,1
4,0.01,12,146,1,3.5598462383372924,3.9255032170730466,6
4,0.01,12,146,2,1.86984468188962,2.0132262777980667,6
4,0.01,12,146,3,0.9081292138082278,0.9803562842387947,5
4,0.01,12,146,4,0.06260563070157144,0.021317230750744542,3
4,0.01,12,146,5,0.004585399031070914,0.00028776286065657075,3
4,0.01,12,146,6,0.0002756653129605269,4.5163436102058085e-06,4
4,0.01,12,146,7,5.379870422395072e-05,8.534791540171227e-08,3
4,0.01,12,146,8,6.314108706106936e-06,1.2827729989339787e-09,3
4,0.01,12,146,9,8.881784197001252e-16,1.7763568394002505e-15,1
4,0.01,12,146,10,2.6645352591003757e-15,1.7763568394002505e-15,1
4,0.01,12,147,1,2.636635603196713,2.9380097695886125,6
4,0.01,12,147,2,1.886585117280542,2.0324631851994326,5
4,0.01,12,147,3,0.16693153139529038,0.10278737026050067,7
4,0.01,12,147,4,0.03392593194460858,0.019706754322823095,1
4,0.01,12,147,5,0.004310879663370848,0.00011936979771842715,5
4,0.01,12,147,6,0.0012656165624642668,7.090404305820641e-05,3
4,0.01,12,147,7,0.00014979017404659345,7.100338894616698e-07,3
4,0.01,12,147,8,2.6564219872682315e-05,3.8476128949582744e-08,1
4,0.01,12,147,9,4.181761459776112e-06,6.447908873496999e-10,1
4,0.01,12,147,10,3.5803624687247293e-07,9.604761430637154e-12,1
4,0.01,12,148,1,4.357974835135566,4.859415067476487,2
4,0.01,12,148,2,2.558009660572801,2.9013720489766595,2
4,0.01,12,148,3,0.9157935858284878,0.9899637094400378,5
4,0.01,12,148,4,0.07478614278505713,0.021803735828673787,5
4,0.01,12,148,5,0.015659310571509266,0.001068942384410576,4
4,0.01,12,148,6,0.0016066419338054416,1.5904285401546758e-05,3
4,0.01,12,148,7,0.00035055742914469334,7.516920259575954e-07,2
4,0.01,12,148,8,5.006237777660516e-05,1.097136426153611e-08,1
4,0.01,12,148,9,5.24697775450278e-06,5.048743645374998e-10,2
4,0.01,12,148,10,7.638490302497303e-07,7.634781695742276e-12,1
4,0.01,12,149,1,3.4221086038253947,3.8527343782751924,9
4,0.01,12,149,2,0.9897078947605014,1.0626467366556902,7
4,0.01,12,149,3,0.13655639853605894,0.0837482118266486,2
4,0.01,12,149,4,0.03475713356910415,0.010904498455951206,5
4,0.01,12,149,5,0.0059980619464354845,0.0003488622054277357,5
4,0.01,12,149,6,0.00044390918848691285,2.7203890811122733e-06,4
4,0.01,12,149,7,2.920539570716585e-05,1.911314484459581e-08,4
4,0.01,12,149,8,2.343968024121068e-06,1.0755289991948302e-09,1
4,0.01,12,149,9,3.9685841102254926e-07,3.218936228677194e-11,1
4,0.01,12,149,10,2.5071763332107366e-08,1.865174681370263e-13,1
4,0.01,12,150,1,3.5216752850925133,3.9153953365496115,6
4,0.01,12,150,2,1.8742831688068584,2.040678479844935,5
4,0.01,12,150,3,0.9157840547596354,1.0168823027032357,7
4,0.01,12,150,4,0.027330494172279174,0.0023298349660088036,7
4,0.01,12,150,5,0.003413650153289538,0.00014765616452816488,5
4,0.01,12,150,6,0.00021643883076727377,3.7835215405124245e-07,5
4,0.01,12,150,7,1.2613519633219994e-05,3.0040716580970184e-09,4
4,0.01,12,150,8,3.552713678800501e-15,0.0,2
4,0.01,12,150,9,2.6645352591003757e-15,1.7763568394002505e-15,1
4,0.01,12,150,10,1.7763568394002505e-15,0.0,1
4,0.01,12,151,1,3.466092927325941,3.8885348656917698,3
4,0.01,12,151,2,1.8103947435119148,1.9961295847156313,2
4,0.01,12,151,3,0.8808020468817626,0.980293466609564,1
4,0.01,12,151,4,0.029542928327787266,0.0017349311000858236,2
4,0.01,12,151,5,0.002418438360294317,9.152846781645962e-05,1
4,0.01,12,151,6,4.884030420360119e-05,8.752759939056887e-08,1
4,0.01,12,151,7,2.2128240404484245e-06,1.0089813429203787e-09,1
4,0.01,12,151,8,6.217248937900877e-15,-1.7763568394002505e-15,2
4,0.01,12,151,9,6.217248937900877e-15,-3.552713678800501e-15,1
4,0.01,12,151,10,-2.6645352591003757e-15,0.0,1
4,0.01,12,152,1,2.748598130580728,3.0106851397470376,5
4,0.01,12,152,2,1.8320210449463659,1.9969785540330633,6
4,0.01,12,152,3,0.8485244760884223,0.9703294157870079,2
4,0.01,12,152,4,0.06859786455955064,0.03834257028163446,2
4,0.01,12,152,5,0.004861837771694688,0.00021072082320294783,4
4,0.01,12,152,6,0.0006415679704723232,7.678743127570442e-06,2
4,0.01,12,152,7,0.00017827094377675934,9.512056156069093e-07,2
4,0.01,12,152,8,1.7664191882538205e-05,3.420076666316163e-09,2
4,0.01,12,152,9,2.290652911796087e-06,7.342215724293055e-11,2
4,0.01,12,152,10,3.942896142916652e-08,5.3290705182007514e-14,1
4,0.01,12,153,1,4.359306542520247,4.893060342839352,5
4,0.01,12,153,2,2.7233084396176244,2.98487174547963,4
4,0.01,12,153,3,0.9680482711805185,1.0135292506834936,4
4,0.01,12,153,4,0.0742849348208745,0.021272478368251413,4
4,0.01,12,153,5,0.005428066754032734,0.00015916387729575376,3
4,0.01,12,153,6,0.0005995107799021682,1.8109189827697492e-06,2
4,0.01,12,153,7,1.3194797037208161e-05,1.9439401199861095e-09,1
4,0.01,12,153,8,-8.881784197001252e-15,-1.7763568394002505e-15,1
4,0.01,12,153,9,-9.769962616701378e-15,0.0,2
4,0.01,12,153,10,-1.5987211554602254e-14,-1.7763568394002505e-15,1
4,0.01,12,154,1,4.17235365917576,4.7671487499032095,6
4,0.01,12,154,2,2.7323222471247552,3.007949161769438,6
4,0.01,12,154,3,1.0492033856778962,1.082092846367403,6
4,0.01,12,154,4,0.07245069725931863,0.02230932647386119,5
4,0.01,12,154,5,0.012847736387941566,0.0005414030690449323,5
4,0.01,12,154,6,0.010027142823399338,0.0001346496987952861,3
4,0.01,12,154,7,0.0003766686267869801,1.1069122853868407e-06,2
4,0.01,12,154,8,4.07383998117794e-05,9.87658310691586e-09,1
4,0.01,12,154,9,1.552236062352108e-06,6.538236618780502e-11,2
4,0.01,12,154,10,1.6251856038707047e-07,5.915268275202834e-13,1
4,0.01,12,155,1,4.290738010963018,4.822777733265847,2
4,0.01,12,155,2,2.5506553919705937,2.9010452660991977,2
4,0.01,12,155,3,0.9672977286103999,1.0271586801582355,4
4,0.01,12,155,4,0.09485191567585183,0.04822056033018729,3
4,0.01,12,155,5,0.01854728198703981,0.010194499627614206,5
4,0.01,12,155,6,0.0032187071957494595,0.00020442618253646572,4
4,0.01,12,155,7,0.00045673663278478216,6.8058177351559834e-06,3
4,0.01,12,155,8,9.929665544561317e-05,6.330919308794591e-07,2
4,0.01,12,155,9,1.808635671096681e-05,1.7240884275793178e-08,2
4,0.01,12,155,10,8.704481775367867e-07,2.517985819849855e-11,1
4,0.01,12,156,1,3.6054704413338756,3.971346260948456,9
4,0.01,12,156,2,2.1190241955727815,2.176997263003292,8
4,0.01,12,156,3,0.881965249002036,0.9713809863097698,4
4,0.01,12,156,4,0.06927141062729003,0.037806674217707226,2
4,0.01,12,156,5,0.020815539915156833,0.009779713043877258,4
4,0.01,12,156,6,0.004153956083380983,0.00011253693507029539,4
4,0.01,12,156,7,0.00015219788893094943,9.82282676531554e-07,4
4,0.01,12,156,8,2.383141863493421e-05,1.0471241651544005e-08,2
4,0.01,12,156,9,1.4656819375957753e-06,2.6361490768067597e-10,2
4,0.01,12,156,10,4.3903773061515494e-08,2.9665159217984183e-13,1
4,0.01,12,157,1,3.5921071640893434,3.9619180311665705,6
4,0.01,12,157,2,1.1853960693700945,1.1727257499505992,5
4,0.01,12,157,3,0.8697980509818661,0.9714448606547084,3
4,0.01,12,157,4,0.06293376842922349,0.022266381643182953,3
4,0.01,12,157,5,0.0066498120786020465,0.0003268796295721188,2
4,0.01,12,157,6,0.0013841758291794903,1.5941580772782515e-05,5
4,0.01,12,157,7,6.552815186999794e-05,6.980793898492266e-08,3
4,0.01,12,157,8,3.194195376288178e-05,9.100695308461582e-09,3
4,0.01,12,157,9,2.769589883655499e-06,1.3662670994563086e-10,2
4,0.01,12,157,10,4.1067526446170177e-07,2.27018404075352e-12,1
4,0.01,12,158,1,4.229993855896431,4.802575091768759,8
4,0.01,12,158,2,2.6799245675726038,2.9634435245978015,7
4,0.01,12,158,3,0.8934115968068728,0.9800211083234425,6
4,0.01,12,158,4,0.010270228469907217,0.0009061423418845749,1
4,0.01,12,158,5,0.0008922768215393617,1.6263420911322157e-05,1
4,0.01,12,158,6,0.0,-2.6645352591003757e-15,1
4,0.01,12,158,7,0.0,0.0,3
4,0.01,12,158,8,0.0,-1.7763568394002505e-15,1
4,0.01,12,158,9,0.0,0.0,1
4,0.01,12,158,10,-8.881784197001252e-16,-3.552713678800501e-15,1
4,0.01,12,159,1,3.495552462330804,3.89869007062745,3
4,0.01,12,159,2,1.8163927337333314,2.004703918868363,2
4,0.01,12,159,3,0.8873480880205635,0.9804749483114481,7
4,0.01,12,159,4,0.04351898136662502,0.020043562204671517,7
4,0.01,12,159,5,0.0034457202392541575,0.00016195888287118265,2
4,0.01,12,159,6,0.00034172819873656834,1.5292848640768852e-06,5
4,0.01,12,159,7,5.715225681868219e-05,4.184391855233116e-08,4
4,0.01,12,159,8,6.725310150557107e-06,2.8246258665376445e-09,2
4,0.01,12,159,9,1.297297804292441e-06,7.510436716984259e-11,2
4,0.01,12,159,10,2.917691244164189e-08,6.572520305780927e-14,1
4,0.01,12,160,1,3.499831958872985,3.899103712765843,8
4,0.01,12,160,2,1.955618907393049,2.070131856924462,8
4,0.01,12,160,3,0.903813864868952,0.9814757749757117,5
4,0.01,12,160,4,0.040367474471249665,0.0027591312576555893,6
4,0.01,12,160,5,0.006490024763998292,8.535605403015012e-05,4
4,0.01,12,160,6,0.0007506823356520087,2.4070541728704598e-06,4
4,0.01,12,160,7,2.86234651216688e-05,1.6028177896032503e-08,4
4,0.01,12,160,8,2.6645352591003757e-15,0.0,3
4,0.01,12,160,9,1.7763568394002505e-15,0.0,2
4,0.01,12,160,10,2.6645352591003757e-15,0.0,1
4,0.01,12,161,1,4.298802323073632,4.830148360995354,9
4,0.01,12,161,2,2.79262166984954,3.0188144556887693,7
4,0.01,12,161,3,0.33577585398433385,0.2092185149962562,7
4,0.01,12,161,4,0.07441041308030716,0.03142146944587676,5
4,0.01,12,161,5,0.013211706132633338,0.000549375688057907,4
4,0.01,12,161,6,0.0010864381403106194,6.8355700042488365e-06,3
4,0.01,12,161,7,0.00020449193337412908,1.2351300515689445e-07,2
4,0.01,12,161,8,0.00013437405192284757,4.524789964932552e-08,1
4,0.01,12,161,9,2.15568847572456e-06,1.1637801833330741e-10,1
4,0.01,12,161,10,1.7069878488484846e-07,8.348877145181177e-13,1
4,0.01,12,162,1,2.7583063534883054,3.025294768877534,10
4,0.01,12,162,2,0.9515176967951042,1.0262331193834369,1
4,0.01,12,162,3,0.8428451210106145,0.9612053650481132,7
4,0.01,12,162,4,0.05142335126029085,0.02016025816243161,7
4,0.01,12,162,5,0.0008851436502119725,2.601894492215706e-05,3
4,0.01,12,162,6,0.00031029526204839897,5.342069053781984e-07,5
4,0.01,12,162,7,6.301524716523232e-05,1.5377908901825776e-07,3
4,0.01,12,162,8,1.0637114670863923e-05,4.290551913754825e-09,3
4,0.01,12,162,9,7.383791356119218e-09,1.9404922113608336e-11,1
4,0.01,12,162,10,2.5833193362245765e-09,5.933031843596837e-13,1
4,0.01,12,163,1,3.4527915800733533,3.8889368028261737,2
4,0.01,12,163,2,1.7259309609030078,1.9496842936025978,2
4,0.01,12,163,3,0.9396738123523667,1.0084787089684975,1
4,0.01,12,163,4,0.02369210258585497,0.0011989649073518294,3
4,0.01,12,163,5,0.011625148433862087,0.0002767538559629301,4
4,0.01,12,163,6,0.0007021130551096988,6.559568419106654e-06,3
4,0.01,12,163,7,9.498592269174821e-05,1.1848177372542068e-07,2
4,0.01,12,163,8,3.139214122516165e-05,2.7059458673761583e-08,1
4,0.01,12,163,9,1.2001456983767866e-07,2.8350655156827997e-12,1
4,0.01,12,163,10,5.726438878639328e-09,2.1316282072803006e-14,1
4,0.01,12,164,1,5.063085876027623,5.7466416938906075,8
4,0.01,12,164,2,2.6147057227054464,2.928814869196273,8
4,0.01,12,164,3,1.7359705129153271,1.9413737079375535,6
4,0.01,12,164,4,0.07016349532148514,0.03029359708902657,5
4,0.01,12,164,5,0.03281342743888338,0.010184805031369315,4
4,0.01,12,164,6,0.0032204846954719812,0.0001469591023131045,3
4,0.01,12,164,7,9.845778069816902e-05,1.718849524934285e-07,3
4,0.01,12,164,8,1.0540391900626389e-05,8.111246785347248e-09,3
4,0.01,12,164,9,2.5922955249058077e-07,8.554934538551606e-12,1
4,0.01,12,164,10,2.748552585529751e-08,2.6645352591003757e-13,1
4,0.01,12,165,1,3.4731577232599413,3.889439411859815,6
4,0.01,12,165,2,1.826228216895677,1.9964718614078745,5
4,0.01,12,165,3,0.9399671852743401,1.0089097867932395,5
4,0.01,12,165,4,0.06495945287351113,0.0298457218935253,5
4,0.01,12,165,5,0.004068806841261541,0.00015233894352295607,6
4,0.01,12,165,6,0.0005318440112711542,3.266602907281424e-06,5
4,0.01,12,165,7,0.00012961517405152279,6.16057970859174e-07,2
4,0.01,12,165,8,1.4396886688139432e-05,1.4863697828104705e-08,1
4,0.01,12,165,9,9.912761065322684e-07,6.619060854973213e-11,2
4,0.01,12,165,10,1.1005302091859903e-07,1.5365486660812167e-12,1
4,0.01,12,166,1,3.417484293647891,3.8607207040533265,4
4,0.01,12,166,2,1.706133824180485,1.9305074491657086,4
4,0.01,12,166,3,0.1642926080204692,0.11012441614662816,5
4,0.01,12,166,4,0.06212734692837518,0.021955000606448394,5
4,0.01,12,166,5,0.004809749020297183,0.00016443057833370744,5
4,0.01,12,166,6,1.615965263290775e-05,1.69607456967924e-08,1
4,0.01,12,166,7,1.7763568394002505e-15,0.0,4
4,0.01,12,166,8,1.7763568394002505e-15,0.0,3
4,0.01,12,166,9,1.7763568394002505e-15,0.0,2
4,0.01,12,166,10,4.440892098500626e-15,0.0,1
4,0.01,12,167,1,2.739910265293485,2.984837293854346,6
4,0.01,12,167,2,1.7897309285846745,1.9776097262200203,4
4,0.01,12,167,3,0.2720804292962695,0.140765581408262,4
4,0.01,12,167,4,0.017899678174549294,0.0012964110188145028,2
4,0.01,12,167,5,0.0030383767839863296,4.397880549689148e-05,2
4,0.01,12,167,6,0.0002623530369874061,1.5605671723761816e-06,3
4,0.01,12,167,7,1.586620874505229e-05,3.8514986755444625e-09,2
4,0.01,12,167,8,2.1724029917180587e-06,8.213056901240634e-10,3
4,0.01,12,167,9,1.4861167318969137e-07,2.758682171588589e-12,2
4,0.01,12,167,10,7.195882112398522e-09,2.842170943040401e-14,1
4,0.01,12,168,1,3.548461158016157,3.934084499077313,6
4,0.01,12,168,2,2.5488179044105426,2.8829384890562393,5
4,0.01,12,168,3,1.0139453342313605,1.053509408684941,5
4,0.01,12,168,4,0.04304804830755238,0.021323172269855917,4
4,0.01,12,168,5,0.024796372668266287,0.011151074856956988,3
4,0.01,12,168,6,0.012013919580274646,0.0009259137142247909,2
4,0.01,12,168,7,0.00023031383784033466,4.06479595227438e-06,2
4,0.01,12,168,8,5.856615323107661e-05,9.579246729174429e-08,2
4,0.01,12,168,9,4.967421435075892e-06,1.1026486390619539e-09,2
4,0.01,12,168,10,2.6645352591003757e-15,0.0,1
4,0.01,12,169,1,3.606360807018957,3.9598008287135986,9
4,0.01,12,169,2,1.7953244343350265,1.9711466173433374,4
4,0.01,12,169,3,0.14764473936355937,0.0783089659826155,3
4,0.01,12,169,4,0.02454000689248037,0.0019355383264656467,5
4,0.01,12,169,5,0.011467195644517147,0.00022572650999386212,5
4,0.01,12,169,6,0.0008269961844948881,6.67041285495884e-06,3
4,0.01,12,169,7,0.00011382484109478952,1.1255052356773376e-07,4
4,0.01,12,169,8,1.1850515745592816e-05,1.3401475484897674e-09,1
4,0.01,12,169,9,1.2136779865556946e-06,1.646327518756152e-11,1
4,0.01,12,169,10,1.5771469108472047e-07,3.304023721284466e-13,1
4,0.01,12,170,1,5.073664230845903,5.746001221140153,9
4,0.01,12,170,2,1.939351136079468,2.0597845888515405,8
4,0.01,12,170,3,0.8985685330465873,0.9814179673691363,1
4,0.01,12,170,4,0.012624475147712033,0.000688289829533062,7
4,0.01,12,170,5,0.0007271509532600362,6.218536767299554e-06,6
4,0.01,12,170,6,1.7763568394002505e-15,0.0,2
4,0.01,12,170,7,1.7763568394002505e-15,0.0,1
4,0.01,12,170,8,0.0,0.0,1
4,0.01,12,170,9,0.0,0.0,1
4,0.01,12,170,10,-1.7763568394002505e-15,0.0,1
4,0.01,12,171,1,4.235202389175348,4.803577582457617,3
4,0.01,12,171,2,2.5908159079382207,2.91982890977569,4
4,0.01,12,171,3,1.0390755093368966,1.056373088548237,6
4,0.01,12,171,4,0.11081050521014912,0.04168920122550546,5
4,0.01,12,171,5,0.03594938354289834,0.010875240103840333,4
4,0.01,12,171,6,0.006319210032417644,0.0003417255960824761,3
4,0.01,12,171,7,0.0004316571785052403,1.8245370956293527e-06,2
4,0.01,12,171,8,0.0001742251277301321,1.4993254637829523e-07,1
4,0.01,12,171,9,1.079610116239138e-05,1.2585612552129533e-09,1
4,0.01,12,171,10,4.0578702265037236e-07,6.219025294740277e-12,1
4,0.01,12,172,1,3.48006082556138,3.8983183668024344,2
4,0.01,12,172,2,1.7926928458451075,1.9872697255077192,3
4,0.01,12,172,3,0.9039854445429985,0.9993396635365706,3
4,0.01,12,172,4,0.05210042582892882,0.021592813577929526,3
4,0.01,12,172,5,0.011770651767950113,0.00048724019559553966,2
4,0.01,12,172,6,0.002443171552392265,0.00014118305694310607,3
4,0.01,12,172,7,0.00016553926971418775,1.019183383021982e-06,2
4,0.01,12,172,8,2.281440500073728e-05,3.729742914515555e-08,3
4,0.01,12,172,9,1.920363977170325e-06,2.7767832477820775e-10,2
4,0.01,12,172,10,2.4639864637521214e-07,5.647038392453396e-12,1
4,0.01,12,173,1,3.580099647989579,3.9604745006913165,8
4,0.01,12,173,2,1.9445805380515875,2.061407232833403,6
4,0.01,12,173,3,0.9817296743235104,1.0082231636339944,6
4,0.01,12,173,4,0.04395369988189124,0.011450155833063747,5
4,0.01,12,173,5,0.003430137936121902,9.2382560568538e-05,4
4,0.01,12,173,6,0.00031603055117912504,6.669348220356142e-07,5
4,0.01,12,173,7,2.41231802657893e-05,6.727832513320209e-09,2
4,0.01,12,173,8,1.3135505625427868e-06,8.499689840846258e-11,1
4,0.01,12,173,9,2.063685533570947e-07,5.400124791776761e-13,2
4,0.01,12,173,10,1.0338856881730862e-08,5.329070518200751e-15,1
4,0.01,12,174,1,3.650250752559,3.9968340270025404,2
4,0.01,12,174,2,2.6109823199331856,2.9288014962481963,8
4,0.01,12,174,3,1.757643126603921,1.9518388949499998,5
4,0.01,12,174,4,0.07391190412565063,0.02243296599993272,1
4,0.01,12,174,5,0.026481498646568014,0.010200278732064305,1
4,0.01,12,174,6,0.004611128112156138,0.00022025099730704767,5
4,0.01,12,174,7,0.0009499097988037164,9.581926732060708e-06,1
4,0.01,12,174,8,0.00011631288268354467,7.29162028534347e-08,1
4,0.01,12,174,9,1.5889479632491543e-05,3.6963250238386536e-09,1
4,0.01,12,174,10,4.3468713943894954e-06,4.048956725455355e-10,1
4,0.01,12,175,1,3.4821410479358876,3.8985127800361425,9
4,0.01,12,175,2,1.8878492150654766,2.0336532510451626,8
4,0.01,12,175,3,0.9465633810198408,1.0178279484676445,4
4,0.01,12,175,4,0.06362182512949754,0.02223103657145753,4
4,0.01,12,175,5,0.012535733547551331,0.0006164846268692514,4
4,0.01,12,175,6,0.0011931275137166963,1.0925870634004298e-05,4
4,0.01,12,175,7,6.336610392843056e-05,3.4299237228196944e-08,4
4,0.01,12,175,8,7.814624879642906e-06,9.707203929565367e-10,2
4,0.01,12,175,9,4.039773111585987e-07,3.2098768087962526e-12,2
4,0.01,12,175,10,5.329070518200751e-15,0.0,1
4,0.01,12,176,1,3.5840678436510593,3.9616064692595785,2
4,0.01,12,176,2,2.0026634160349364,2.10451735943159,5
4,0.01,12,176,3,0.9404258294447283,1.008267036736525,7
4,0.01,12,176,4,0.08954318382652282,0.031192463809182946,7
4,0.01,12,176,5,0.017500400755974255,0.0012304172994141993,2
4,0.01,12,176,6,0.001880896916593322,7.627864328618728e-05,2
4,0.01,12,176,7,0.0002356920724171374,1.5393683714393092e-06,2
4,0.01,12,176,8,1.0273969211382905e-05,8.104453996793382e-09,2
4,0.01,12,176,9,1.5651926918991421e-06,1.7824675069277873e-10,2
4,0.01,12,176,10,5.9242534433678884e-08,6.572520305780927e-14,1
4,0.01,12,177,1,4.2173588054291455,4.803166855995141,5
4,0.01,12,177,2,2.606768943813374,2.928988274306576,4
4,0.01,12,177,3,1.7503371371028988,1.9594387417629804,5
4,0.01,12,177,4,0.13974727548712718,0.08526016007441406,4
4,0.01,12,177,5,0.03165119159429519,0.010179095675201921,4
4,0.01,12,177,6,0.003638964026828617,0.00021316047408426186,4
4,0.01,12,177,7,0.00031360336357888485,2.4941559484403797e-06,4
4,0.01,12,177,8,1.3721514499742682e-05,2.0181586180001432e-08,1
4,0.01,12,177,9,1.2262386839267947e-06,4.240945372657734e-10,1
4,0.01,12,177,10,9.627926100819195e-08,3.424815986363683e-12,1
4,0.01,12,178,1,3.416630493235602,3.870258472291341,9
4,0.01,12,178,2,1.9918611165826858,2.1121952889459656,5
4,0.01,12,178,3,0.25397884680365923,0.17200462942495065,4
4,0.01,12,178,4,0.056169042468233954,0.029421905791791048,5
4,0.01,12,178,5,0.01839876623842507,0.00966965004288678,5
4,0.01,12,178,6,0.0012087932223456832,6.933905354244985e-05,4
4,0.01,12,178,7,8.55761190434734e-05,5.344601348156175e-07,3
4,0.01,12,178,8,2.4492236727624572e-06,4.495159799944304e-10,2
4,0.01,12,178,9,4.124739012567602e-07,7.321965256323892e-11,1
4,0.01,12,178,10,1.3427464473636519e-08,6.394884621840902e-14,1
4,0.01,12,179,1,4.395743251056255,4.894349583817865,5
4,0.01,12,179,2,2.6070718764851124,2.9286230865198792,5
4,0.01,12,179,3,1.795702358757631,1.9868195704190956,2
4,0.01,12,179,4,0.131639927029366,0.05493033519830082,2
4,0.01,12,179,5,0.03070734137503539,0.010501874779792253,2
4,0.01,12,179,6,0.0018726930294343802,2.1323678256024436e-05,2
4,0.01,12,179,7,0.00046546274012282396,4.9678177607148655e-06,2
4,0.01,12,179,8,5.5097250457158964e-05,7.68843513299089e-08,2
4,0.01,12,179,9,6.3941875358963784e-06,6.955554354703963e-09,1
4,0.01,12,179,10,4.935369490866037e-07,3.0111024784673646e-11,1
4,0.01,12,180,1,3.622704961761656,3.9779707503796695,4
4,0.01,12,180,2,2.1110820064046862,2.1662591951594052,4
4,0.01,12,180,3,1.0871046351541258,1.0970717583643737,4
4,0.01,12,180,4,0.04618258254334151,0.013964932776195482,4
4,0.01,12,180,5,0.011492882333927312,0.0009606056149200626,1
4,0.01,12,180,6,0.0015034117641903322,7.401858593159005e-05,1
4,0.01,12,180,7,0.0003559540340987155,5.023636715506541e-06,1
4,0.01,12,180,8,1.758563644038702e-05,1.0781402437487486e-08,1
4,0.01,12,180,9,3.3621599726529894e-06,5.769180688730557e-10,1
4,0.01,12,180,10,3.740811855834636e-07,6.6773253593055415e-12,1
4,0.01,12,181,1,3.482003014628644,3.898366940840086,8
4,0.01,12,181,2,1.7679377004704069,1.9504605867302671,9
4,0.01,12,181,3,0.9267601266448109,0.9913968896793071,7
4,0.01,12,181,4,0.05054504225562617,0.01121521922450075,7
4,0.01,12,181,5,0.005644333073108854,7.333667490438955e-05,1
4,0.01,12,181,6,0.00013811834432964076,3.381348285813601e-07,3
4,0.01,12,181,7,9.145667262533408e-05,4.834565281441883e-07,1
4,0.01,12,181,8,1.670452394098021e-05,8.116058936025183e-09,1
4,0.01,12,181,9,1.2981729078376247e-06,7.867484441703709e-11,1
4,0.01,12,181,10,1.5889842153171685e-07,1.2381207170619746e-12,1
4,0.01,12,182,1,3.598710936976838,3.970149732597532,9
4,0.01,12,182,2,1.0945736183079582,1.133854442275977,9
4,0.01,12,182,3,0.850448206471647,0.9702343926257964,6
4,0.01,12,182,4,0.06493818430038267,0.028933097074585135,5
4,0.01,12,182,5,0.013966032056263344,0.009396749944954763,6
4,0.01,12,182,6,0.0027650033396895424,0.00019995291800967152,5
4,0.01,12,182,7,0.00016530914323453771,1.462363881543638e-06,4
4,0.01,12,182,8,7.114601036306567e-06,1.048609554743507e-08,3
4,0.01,12,182,9,-1.7763568394002505e-15,-1.7763568394002505e-15,1
4,0.01,12,182,10,0.0,-3.552713678800501e-15,1
4,0.01,12,183,1,5.089511757062867,5.756142816218144,5
4,0.01,12,183,2,3.3788459904513477,3.8432215927176188,3
4,0.01,12,183,3,1.800199664060953,1.9873230042217127,3
4,0.01,12,183,4,0.13631723973809162,0.07698090896210363,2
4,0.01,12,183,5,0.022289087653336814,0.0017469821173801137,3
4,0.01,12,183,6,0.005850416300813066,0.00046717679039876003,2
4,0.01,12,183,7,0.00038912711449334836,3.2304289003803888e-06,1
4,0.01,12,183,8,3.985374110726525e-05,4.401739950310457e-08,2
4,0.01,12,183,9,4.135584878106613e-06,6.235758576167427e-10,2
4,0.01,12,183,10,2.8566293508447416e-07,3.510081114654895e-12,1
4,0.01,12,184,1,2.5475273067013697,2.909406389889792,2
4,0.01,12,184,2,0.9241976910019689,1.0170288012974593,3
4,0.01,12,184,3,0.17901805185850073,0.1015538425518363,5
4,0.01,12,184,4,0.011879782041908094,0.0006045968332415441,3
4,0.01,12,184,5,0.009033935049079567,0.000209953195141388,3
4,0.01,12,184,6,0.0002449315362289539,2.412262118056674e-06,2
4,0.01,12,184,7,2.259630119905154e-05,3.7554343634838006e-08,3
4,0.01,12,184,8,8.304357215216385e-06,9.633556175003832e-09,3
4,0.01,12,184,9,2.3515338209989523e-07,7.142375579860527e-11,2
4,0.01,12,184,10,1.980650754518365e-08,5.222489107836736e-13,1
4,0.01,12,185,1,5.089995879053923,5.75622123183668,4
4,0.01,12,185,2,3.4730214152211456,3.8903110216188885,4
4,0.01,12,185,3,0.9881601886541018,1.0387975153921731,1
4,0.01,12,185,4,0.1123228319998617,0.07440847242988724,6
4,0.01,12,185,5,0.02821845456688088,0.010068467791770175,4
4,0.01,12,185,6,0.009775365764808086,0.0003549549031038879,4
4,0.01,12,185,7,0.00036064879878239253,2.6476662968732967e-06,3
4,0.01,12,185,8,0.00010425939238523085,1.2086105805053649e-07,2
4,0.01,12,185,9,1.1865309012648595e-05,1.3903134643555859e-08,1
4,0.01,12,185,10,5.422031303936592e-07,4.2151171442128543e-11,1
4,0.01,12,186,1,4.394181799407131,4.901709851814742,3
4,0.01,12,186,2,1.961315685518998,2.093889813784438,2
4,0.01,12,186,3,0.8374040142936607,0.9616274219326568,4
4,0.01,12,186,4,0.09029527743539134,0.05595812777983955,3
4,0.01,12,186,5,0.012345033295560803,0.00029312799020875246,2
4,0.01,12,186,6,0.001161685076485064,6.30796682266066e-06,1
4,0.01,12,186,7,8.017049226527462e-05,8.390871819585755e-08,3
4,0.01,12,186,8,4.987889007601609e-06,1.426524676162444e-09,1
4,0.01,12,186,9,5.429855720606724e-07,8.149925179168349e-12,1
4,0.01,12,186,10,3.862098107987322e-08,1.1013412404281553e-13,1
4,0.01,12,187,1,3.5868497449266057,3.9596575944295953,4
4,0.01,12,187,2,1.9865447480629594,2.093809098755794,4
4,0.01,12,187,3,1.068051566309376,1.0876501402648362,4
4,0.01,12,187,4,0.09051058429127501,0.02280023599859682,3
4,0.01,12,187,5,0.0031072153097273514,9.369125932057187e-05,2
4,0.01,12,187,6,0.00042676244800077257,2.826242972098214e-06,1
4,0.01,12,187,7,3.552713678800501e-15,-1.7763568394002505e-15,3
4,0.01,12,187,8,4.440892098500626e-15,-1.7763568394002505e-15,1
4,0.01,12,187,9,-8.881784197001252e-16,0.0,1
4,0.01,12,187,10,-8.881784197001252e-16,0.0,1
4,0.01,12,188,1,3.5488329167286583,3.9086809321319675,9
4,0.01,12,188,2,2.603112187117219,2.910709178727421,8
4,0.01,12,188,3,1.0536391247045716,1.0707833116394507,8
4,0.01,12,188,4,0.05812430969685156,0.02254953443971619,6
4,0.01,12,188,5,0.01718317807849168,0.0013846601133353786,6
4,0.01,12,188,6,0.004825745930665093,0.00022875205538497312,5
4,0.01,12,188,7,0.00044632492835461335,4.0360746389467295e-06,4
4,0.01,12,188,8,7.524049223306406e-05,9.781236798289683e-08,3
4,0.01,12,188,9,8.271836277273792e-06,4.269454123573269e-09,2
4,0.01,12,188,10,8.306137573299566e-07,4.030198397231288e-11,1
4,0.01,12,189,1,5.094746750278918,5.756348255865124,6
4,0.01,12,189,2,2.7559571692750735,3.0115997663374134,6
4,0.01,12,189,3,1.769244142967752,1.960132165651462,6
4,0.01,12,189,4,0.158628173334181,0.09345680014350233,2
4,0.01,12,189,5,0.023262178178890203,0.009883255153976478,6
4,0.01,12,189,6,0.012545215397746112,0.009327099962895602,4
4,0.01,12,189,7,0.0006621680751006664,6.988673750818464e-06,2
4,0.01,12,189,8,0.000280141521806776,2.7570306126989408e-06,2
4,0.01,12,189,9,1.5491765448238937e-05,5.241872713668272e-09,2
4,0.01,12,189,10,3.542936877209968e-08,4.405364961712621e-13,1
4,0.01,12,190,1,3.591575626730749,3.9706942722887044,2
4,0.01,12,190,2,2.074954940362365,2.1245670755730894,2
4,0.01,12,190,3,0.06800692990272772,0.007468709497910453,2
4,0.01,12,190,4,0.013232154393127082,0.0011740862993718792,2
4,0.01,12,190,5,0.00033161741166498615,5.586025809023454e-06,1
4,0.01,12,190,6,7.993605777301127e-15,0.0,2
4,0.01,12,190,7,8.881784197001252e-15,0.0,4
4,0.01,12,190,8,7.993605777301127e-15,0.0,3
4,0.01,12,190,9,7.993605777301127e-15,0.0,2
4,0.01,12,190,10,5.329070518200751e-15,3.552713678800501e-15,1
4,0.01,12,191,1,3.6671615754698763,4.022485563146041,7
4,0.01,12,191,2,1.7540636974723434,1.9773159504056208,8
4,0.01,12,191,3,0.8725586235441796,0.9983959785023453,8
4,0.01,12,191,4,0.054998094203632775,0.022715133888715044,7
4,0.01,12,191,5,0.006846684384798962,0.0004249103971183388,2
4,0.01,12,191,6,0.0008528188345726662,1.1992187801013188e-05,2
4,0.01,12,191,7,5.870820714903857e-05,4.5679472648885167e-08,3
4,0.01,12,191,8,4.5318096663748975e-05,2.3098566614976335e-08,2
4,0.01,12,191,9,3.5307834105324787e-06,7.522782397018091e-10,2
4,0.01,12,191,10,1.0382560589050627e-08,7.283063041541027e-14,1
4,0.01,12,192,1,4.2585525459315985,4.8220190678068615,5
4,0.01,12,192,2,2.583619963807892,2.9196130142822776,4
4,0.01,12,192,3,0.9627793844138264,1.0272452170056852,3
4,0.01,12,192,4,0.05406987955370912,0.011644669461414736,3
4,0.01,12,192,5,0.007976139054233222,0.0001607882109917469,3
4,0.01,12,192,6,0.0005018650641517297,3.2077002112274045e-06,3
4,0.01,12,192,7,3.9889919240643223e-05,3.945262427862417e-08,3
4,0.01,12,192,8,9.113532352778009e-06,2.9096334230871435e-09,3
4,0.01,12,192,9,3.5978741763642574e-08,3.4638958368304884e-13,2
4,0.01,12,192,10,5.130441849132694e-09,1.7763568394002505e-14,1
4,0.01,12,193,1,4.433981914408729,4.902506771971796,4
4,0.01,12,193,2,2.0019333915113116,2.111804580193052,4
4,0.01,12,193,3,0.9408394715561776,1.025824661572143,5
4,0.01,12,193,4,0.05762180204542844,0.012760476160548428,1
4,0.01,12,193,5,0.014527447785744663,0.009516644884234537,3
4,0.01,12,193,6,0.0008263044089718008,7.958827252352307e-06,1
4,0.01,12,193,7,0.00017657618876043557,1.0802986540880966e-06,1
4,0.01,12,193,8,1.4225682315682775e-05,1.2355313216971808e-08,3
4,0.01,12,193,9,1.8142525108899576e-06,1.5919354723337165e-10,1
4,0.01,12,193,10,1.7111660000068696e-07,1.3749001936957939e-12,1
4,0.01,12,194,1,3.5989295223777837,3.953097083352798,5
4,0.01,12,194,2,1.828747582921669,2.00432364080394,6
4,0.01,12,194,3,0.3508147906446366,0.20290188555684008,5
4,0.01,12,194,4,0.05743702802557493,0.0206573296999224,5
4,0.01,12,194,5,0.012454162081968256,0.00019305308903661,5
4,0.01,12,194,6,0.002863518220229011,0.00026354850841769917,3
4,0.01,12,194,7,0.00015249104920300738,1.1001282729239392e-06,3
4,0.01,12,194,8,1.838537242893068e-05,3.303450846203759e-08,3
4,0.01,12,194,9,3.6129733338441383e-07,1.4200196574165602e-11,1
4,0.01,12,194,10,5.762417210064541e-08,4.991562718714704e-13,1
4,0.01,12,195,1,4.341254474544051,4.875585452325865,4
4,0.01,12,195,2,3.4830068221318413,3.8994659979622774,2
4,0.01,12,195,3,1.0910006193819433,1.1091346079215247,1
4,0.01,12,195,4,0.05895077566586693,0.030599412841286977,1
4,0.01,12,195,5,0.00815771331737647,0.000176619663237787,2
4,0.01,12,195,6,0.0008095806512837811,6.984556134348452e-06,4
4,0.01,12,195,7,7.053142786439537e-05,6.828603460462546e-08,4
4,0.01,12,195,8,2.386268734611008e-05,1.0637752012598867e-08,2
4,0.01,12,195,9,2.081048343427483e-06,1.3302781098900596e-10,2
4,0.01,12,195,10,1.4295444827894244e-07,2.042810365310288e-12,1
4,0.01,12,196,1,3.711874500778446,4.041188703042561,7
4,0.01,12,196,2,1.828751285453711,1.996967694167811,8
4,0.01,12,196,3,0.3128355489339576,0.20047859031788384,7
4,0.01,12,196,4,0.04009289335138533,0.010798534899143064,3
4,0.01,12,196,5,0.008351184509351128,0.0002381957238979382,2
4,0.01,12,196,6,0.0016398839463294124,1.0480824954584023e-05,2
4,0.01,12,196,7,0.00023158415966673118,5.880945117553438e-07,3
4,0.01,12,196,8,4.599277638028809e-05,1.9204883017209795e-08,2
4,0.01,12,196,9,4.498844719869055e-06,2.533582232899789e-10,1
4,0.01,12,196,10,1.9187180555491068e-07,3.979039320256561e-13,1
4,0.01,12,197,1,3.4996673471780477,3.899119424145689,4
4,0.01,12,197,2,1.8341503920329183,1.9970435013720715,3
4,0.01,12,197,3,0.13175958680167188,0.0596341934473692,5
4,0.01,12,197,4,0.03537106110292054,0.0018697234533311402,5
4,0.01,12,197,5,0.011473159915460052,0.0005544373246220147,5
4,0.01,12,197,6,0.0009572991011959076,8.24656888465114e-06,5
4,0.01,12,197,7,0.00011205126940438959,1.51507027368325e-07,3
4,0.01,12,197,8,1.035091492784801e-05,2.252200204111432e-09,3
4,0.01,12,197,9,2.145238559236873e-06,1.6785683953912667e-10,1
4,0.01,12,197,10,2.3665413806384095e-07,2.4851232183209504e-12,1
4,0.01,12,198,1,3.4907555306445763,3.898410335993111,9
4,0.01,12,198,2,1.8324123653709519,2.0140852176656754,4
4,0.01,12,198,3,0.15328161351202585,0.0936801714743245,2
4,0.01,12,198,4,0.04115857316135596,0.01086204107093991,2
4,0.01,12,198,5,0.00723532169477803,0.00010331204561797591,6
4,0.01,12,198,6,0.0005715133691586161,1.643525793681988e-06,5
4,0.01,12,198,7,9.680112686716313e-05,1.1210067540901036e-07,2
4,0.01,12,198,8,1.322035161255286e-05,1.893601719871185e-09,2
4,0.01,12,198,9,3.136761129063359e-06,7.298517346043809e-11,2
4,0.01,12,198,10,8.195670009314426e-08,1.580957587066223e-13,1
4,0.01,12,199,1,4.369388696652324,4.850053881199077,8
4,0.01,12,199,2,2.7577451936219566,2.975505155769837,7
4,0.01,12,199,3,1.749458671105744,1.932551121093585,7
4,0.01,12,199,4,0.0849361225591796,0.039684868236171233,7
4,0.01,12,199,5,0.006214933426165636,7.976997660996688e-05,2
4,0.01,12,199,6,0.0022874220220394648,0.00014446586964300678,5
4,0.01,12,199,7,0.00019780010925352087,3.553147458035255e-06,4
4,0.01,12,199,8,3.044384538863909e-05,5.617812526281796e-08,3
4,0.01,12,199,9,1.640809111869146e-05,7.305883897856802e-09,2
4,0.01,12,199,10,3.272812982402229e-06,4.602753733706777e-10,1
