depth,p,n,real,b,ivn_max,ir2_max,a_at_max
8,0.01,12,0,1,5.527714997332387,7.021492743314578,8
8,0.01,12,0,2,4.01793628957199,4.971492344915582,6
8,0.01,12,0,3,2.8203291701467332,3.295656690005349,6
8,0.01,12,0,4,1.4567171063646445,1.481904195492711,5
8,0.01,12,0,5,0.8508673683804897,0.9908994327800027,1
8,0.01,12,0,6,0.21537296972592834,0.0908794111995519,3
8,0.01,12,0,7,0.07417857335993538,0.004164882487009081,3
8,0.01,12,0,8,0.031091869074153067,0.0015634118526666185,3
8,0.01,12,0,9,0.012036492392779152,0.00022367959636326873,2
8,0.01,12,0,10,0.004301583911670903,2.3995369806684153e-05,1
8,0.01,12,1,1,6.639807426005907,8.530540848344753,8
8,0.01,12,1,2,5.373337101999242,6.815666087925624,7
8,0.01,12,1,3,3.3566732983500405,4.0785847199890455,6
8,0.01,12,1,4,1.7885075443168414,2.071534478909572,5
8,0.01,12,1,5,1.0276051343038315,1.1221796500113488,4
8,0.01,12,1,6,0.23156585411874708,0.03375810509354338,4
8,0.01,12,1,7,0.07689795455768511,0.0016162290921020173,4
8,0.01,12,1,8,0.023405856753969445,0.0015534461538599942,2
8,0.01,12,1,9,0.007139613310618742,4.490740102802704e-05,2
8,0.01,12,1,10,0.0018783370527284404,9.059488483842415e-07,1
8,0.01,12,2,1,5.948187742960709,7.659860237316282,7
8,0.01,12,2,2,4.724734435947264,5.957449542082546,2
8,0.01,12,2,3,3.1713272457036297,3.9611276813444825,4
8,0.01,12,2,4,1.9258570648038713,2.2513548594012924,4
8,0.01,12,2,5,1.6380657694876195,1.94866021086378,3
8,0.01,12,2,6,0.9054117747491155,1.0047377647082811,2
8,0.01,12,2,7,0.16829162238889772,0.0359517358687782,3
8,0.01,12,2,8,0.09961355521601511,0.01374760972201372,2
8,0.01,12,2,9,0.014004621620514968,0.00016605709742023578,2
8,0.01,12,2,10,0.0016724956791414058,9.194905157272615e-07,1
8,0.01,12,3,1,5.778280106761199,7.504241970006616,5
8,0.01,12,3,2,4.486039366206092,5.742565634751351,3
8,0.01,12,3,3,3.042754699921928,3.870598943585847,3
8,0.01,12,3,4,1.2945115855125797,1.4299588622602624,3
8,0.01,12,3,5,0.2738315260224651,0.09788676215279501,2
8,0.01,12,3,6,0.0976935075705141,0.0063542934397924355,3
8,0.01,12,3,7,0.02791827292032334,0.0005030091324664809,2
8,0.01,12,3,8,0.011984693179424077,0.00015984238691935104,1
8,0.01,12,3,9,0.0021805388107134505,6.061807303225919e-06,2
8,0.01,12,3,10,0.0007970404004060683,1.3675625343267939e-06,1
8,0.01,12,4,1,5.35841295845358,6.784019880939461,4
8,0.01,12,4,2,3.928868418028883,4.931140275666671,3
8,0.01,12,4,3,2.438673372606579,2.996287201646698,5
8,0.01,12,4,4,1.662565255107162,1.9671055981269685,5
8,0.01,12,4,5,0.3198095885184573,0.15802447553429566,5
8,0.01,12,4,6,0.15825368810077745,0.0512078840913297,5
8,0.01,12,4,7,0.03334061068265104,0.0012323799478233255,4
8,0.01,12,4,8,0.011947636590062594,0.00018722344101362864,1
8,0.01,12,4,9,0.0030996150510373965,5.715086082602738e-06,1
8,0.01,12,4,10,0.0011870921628434061,3.787279574396507e-07,1
8,0.01,12,5,1,5.254034964457887,6.646218474043668,7
8,0.01,12,5,2,3.4120690288586104,4.102935168919755,7
8,0.01,12,5,3,1.6702917793866412,2.026566348045028,4
8,0.01,12,5,4,0.949164343224119,1.0551629145730246,3
8,0.01,12,5,5,0.1846082681107113,0.1243427880342054,3
8,0.01,12,5,6,0.06778170032993103,0.005254494097661322,4
8,0.01,12,5,7,0.027161865478035452,0.0007108178376906693,3
8,0.01,12,5,8,0.005725854342035319,2.194619703210776e-05,2
8,0.01,12,5,9,0.0010637858464335181,6.753329486741677e-07,1
8,0.01,12,5,10,0.00016322166407434224,3.231165024430993e-08,1
8,0.01,12,6,1,7.306534929211762,9.383873573962543,5
8,0.01,12,6,2,5.985435759074737,7.591453372859963,5
8,0.01,12,6,3,4.144350362874545,5.059700137866265,5
8,0.01,12,6,4,2.7272044954140293,3.212132367016462,3
8,0.01,12,6,5,1.1270025492665576,1.1016686611878193,5
8,0.01,12,6,6,0.43155042603212035,0.11243938489624661,2
8,0.01,12,6,7,0.13511240621660559,0.01606280162989826,3
8,0.01,12,6,8,0.06473031246807626,0.0018515079330239104,2
8,0.01,12,6,9,0.01936292509317017,0.00011738807444494626,1
8,0.01,12,6,10,0.003486022092791252,2.0121132511263795e-06,1
8,0.01,12,7,1,6.822056418218547,8.670771917129503,6
8,0.01,12,7,2,4.819302887324038,5.919081743546469,4
8,0.01,12,7,3,3.2491106514542656,3.588334037531286,4
8,0.01,12,7,4,1.860324906390697,2.194630981257431,2
8,0.01,12,7,5,0.6319766548161594,0.38501360617731706,2
8,0.01,12,7,6,0.15916385434327207,0.013447764353841762,2
8,0.01,12,7,7,0.0549886308230354,0.0013673574387969012,2
8,0.01,12,7,8,0.017121972153375076,0.0001276418156308523,2
8,0.01,12,7,9,0.004620156640466,8.751851652277765e-06,2
8,0.01,12,7,10,0.0007462864681135883,1.8447676453092754e-07,1
8,0.01,12,8,1,8.608879401650203,11.130280471078938,5
8,0.01,12,8,2,7.323787627810258,9.379707907013344,5
8,0.01,12,8,3,5.555350412391935,6.9410869827731965,5
8,0.01,12,8,4,3.907559974546359,4.88326576833002,3
8,0.01,12,8,5,2.1391227591280355,2.4446448440898703,3
8,0.01,12,8,6,0.5897069885590227,0.4026372733361221,3
8,0.01,12,8,7,0.18738667151736443,0.0352384046595251,2
8,0.01,12,8,8,0.08086905468038807,0.01197742248643685,1
8,0.01,12,8,9,0.02151624381819417,0.00018356818643816553,1
8,0.01,12,8,10,0.005808679391591909,6.287695841322716e-06,1
8,0.01,12,9,1,6.863052787029333,8.719716504622294,6
8,0.01,12,9,2,5.407325171872391,6.826996004277271,5
8,0.01,12,9,3,3.993204819198934,4.974176229808821,4
8,0.01,12,9,4,2.552368922561077,2.696451596760058,3
8,0.01,12,9,5,1.64488591600787,1.4046742660570573,3
8,0.01,12,9,6,1.23620873543224,1.0673150707411736,2
8,0.01,12,9,7,0.1932441079014664,0.01258442712719443,3
8,0.01,12,9,8,0.11004835971457982,0.003907134899453268,2
8,0.01,12,9,9,0.028935106624184748,0.00033719149978317375,1
8,0.01,12,9,10,0.007824165441825848,2.0708053964924034e-05,1
8,0.01,12,10,1,5.270743570649947,6.7624341820700895,4
8,0.01,12,10,2,4.229387777873909,5.171052062075471,5
8,0.01,12,10,3,3.4657682056313304,4.200606666887552,4
8,0.01,12,10,4,2.0500075899297316,2.266349455855475,4
8,0.01,12,10,5,0.8101229404249475,0.5026963542910075,4
8,0.01,12,10,6,0.3474466768503115,0.07462529205484536,4
8,0.01,12,10,7,0.10723360859329123,0.0028663284625345398,3
8,0.01,12,10,8,0.02453620874804141,9.735923683962255e-05,3
8,0.01,12,10,9,0.008934350631494503,1.7609545126973103e-05,1
8,0.01,12,10,10,0.0020639333016161387,6.585170240214211e-07,1
8,0.01,12,11,1,5.6291919007071165,6.989545353878416,9
8,0.01,12,11,2,3.938231026195428,4.867852018524243,7
8,0.01,12,11,3,2.594201788481975,3.1245385299273867,6
8,0.01,12,11,4,1.3069150783936792,1.383961132205803,5
8,0.01,12,11,5,0.3736516270939543,0.15817767968340135,4
8,0.01,12,11,6,0.1673254359580998,0.025213253968059846,3
8,0.01,12,11,7,0.05096783807475269,0.003153460213889403,2
8,0.01,12,11,8,0.013699343692254118,0.00017093914183874404,1
8,0.01,12,11,9,0.004279996037270806,1.2529119937099154e-05,1
8,0.01,12,11,10,0.0007044417243751155,1.405132792342556e-07,1
8,0.01,12,12,1,6.895077056321017,8.723646987049648,7
8,0.01,12,12,2,4.892097740671345,6.05903973543297,7
8,0.01,12,12,3,3.407385126682388,4.106940469171324,5
8,0.01,12,12,4,2.632987035241359,3.141999553669491,4
8,0.01,12,12,5,1.9148974220020234,2.1219939920259296,3
8,0.01,12,12,6,0.4334387562889921,0.19737110082396647,3
8,0.01,12,12,7,0.16422259159014185,0.012266503193647083,3
8,0.01,12,12,8,0.04317118497510375,0.0004598417110432962,2
8,0.01,12,12,9,0.013318627499171676,3.316231251027091e-05,1
8,0.01,12,12,10,0.0029302138852580484,8.109454565641272e-07,1
8,0.01,12,13,1,5.504951350584033,6.874011222923716,2
8,0.01,12,13,2,3.7403357110305393,4.37915650710012,2
8,0.01,12,13,3,2.5619733501477633,3.0837380984575304,3
8,0.01,12,13,4,1.3152353745328202,1.2923119380432082,2
8,0.01,12,13,5,1.0419298403615596,1.11554216919337,3
8,0.01,12,13,6,0.2285900110711836,0.05655092262286665,2
8,0.01,12,13,7,0.11167916522807708,0.02226240427490289,3
8,0.01,12,13,8,0.023510476286848103,0.00025807231216212756,2
8,0.01,12,13,9,0.004651244032539026,1.0049770613917985e-05,1
8,0.01,12,13,10,0.0007042109669939123,1.5936027963903143e-07,1
8,0.01,12,14,1,5.942388422760256,7.6747775481829485,7
8,0.01,12,14,2,4.12212059627128,5.075714811402495,6
8,0.01,12,14,3,3.218404978411437,3.9759042216986256,5
8,0.01,12,14,4,2.4775006351171545,3.036740095578013,4
8,0.01,12,14,5,1.6485639432443087,1.9790544053227075,4
8,0.01,12,14,6,0.8577121631655853,0.9805055490571242,3
8,0.01,12,14,7,0.1618232547638918,0.040080724261416734,2
8,0.01,12,14,8,0.03630378684629676,0.0006633112283029874,2
8,0.01,12,14,9,0.008300881017204276,4.6266237088588014e-05,2
8,0.01,12,14,10,0.001308797941899087,8.008253047364633e-07,1
8,0.01,12,15,1,6.1399527600694785,7.839940818593238,4
8,0.01,12,15,2,4.344437645869364,5.234269707743575,5
8,0.01,12,15,3,3.2412820011630465,3.916354201821827,4
8,0.01,12,15,4,2.01453350963976,2.3247118846569936,5
8,0.01,12,15,5,0.9198073028576186,1.0393234609715893,4
8,0.01,12,15,6,0.7922438024176195,0.9692640948422353,3
8,0.01,12,15,7,0.09866044425935172,0.052894795676973416,3
8,0.01,12,15,8,0.0163506322415099,0.0010607174415504517,2
8,0.01,12,15,9,0.005157057946325594,4.8193365454807235e-05,1
8,0.01,12,15,10,0.0006447784365111175,1.4824295568871548e-07,1
8,0.01,12,16,1,4.744269439015015,5.957786891242106,8
8,0.01,12,16,2,3.4430259657350364,4.215994817426768,8
8,0.01,12,16,3,2.2078809524998,2.391530454764615,7
8,0.01,12,16,4,1.1140987915600755,1.186877922159118,6
8,0.01,12,16,5,0.3580963197361102,0.12410192630723849,3
8,0.01,12,16,6,0.22524080536828794,0.04967228287322634,4
8,0.01,12,16,7,0.10717641472824457,0.006671289506664735,3
8,0.01,12,16,8,0.034072672516834324,0.0007095047554166456,2
8,0.01,12,16,9,0.00954549300881613,0.00010631770156166453,1
8,0.01,12,16,10,0.0024167855168260033,2.3312275736486754e-06,1
8,0.01,12,17,1,5.946436164707743,7.5880402980268205,8
8,0.01,12,17,2,4.193260649271007,5.104615503952694,7
8,0.01,12,17,3,2.3056114827708107,2.52529242526116,7
8,0.01,12,17,4,1.407695102846521,1.4312077681987194,4
8,0.01,12,17,5,0.69656541997138,0.3913888020892262,4
8,0.01,12,17,6,0.24289610110950122,0.049440716542363816,3
8,0.01,12,17,7,0.08027918473110418,0.005363048646232826,2
8,0.01,12,17,8,0.022971745551231493,0.0003048079566152495,2
8,0.01,12,17,9,0.006657043974060528,1.1648348655413088e-05,2
8,0.01,12,17,10,0.0016707638308446349,2.5425035943271723e-07,1
8,0.01,12,18,1,5.533006465520338,6.938920743421338,6
8,0.01,12,18,2,3.6835994760551793,4.330739746162614,6
8,0.01,12,18,3,1.9558383820589595,2.261750722957398,4
8,0.01,12,18,4,0.8235198897573381,0.968561991701872,2
8,0.01,12,18,5,0.39309231105848763,0.3064282461076324,2
8,0.01,12,18,6,0.14790990831275952,0.02216664964114834,2
8,0.01,12,18,7,0.020363453050957325,0.0002682512687153249,1
8,0.01,12,18,8,0.002594660190479381,3.749502468508581e-06,1
8,0.01,12,18,9,0.001058009201730492,1.2937289355363646e-06,2
8,0.01,12,18,10,0.00017031754015928158,2.011767108456297e-08,1
8,0.01,12,19,1,6.1387016880271545,7.7350486424734655,3
8,0.01,12,19,2,3.987742015979613,4.995216240551436,3
8,0.01,12,19,3,2.6059825494318076,3.1510116182546497,3
8,0.01,12,19,4,1.378445489912334,1.3934620003461733,3
8,0.01,12,19,5,0.36962033685358087,0.1353821604438057,3
8,0.01,12,19,6,0.22334320556068832,0.08761406323608689,4
8,0.01,12,19,7,0.07782391699626956,0.004171430650856678,3
8,0.01,12,19,8,0.02061502766313872,0.00023799842090888035,2
8,0.01,12,19,9,0.0034202648487529075,1.3915635662442583e-05,1
8,0.01,12,19,10,0.0006100545417524472,1.22635755062106e-06,1
8,0.01,12,20,1,5.350669144716621,6.777351454329249,4
8,0.01,12,20,2,3.828393401761865,4.918925028834497,2
8,0.01,12,20,3,2.034713855662643,2.3854348519791593,2
8,0.01,12,20,4,1.1699891757199943,1.2315778350875455,2
8,0.01,12,20,5,0.803298629263125,0.9558759517716,2
8,0.01,12,20,6,0.7421925418361006,0.9501308222716816,2
8,0.01,12,20,7,0.06711455326449922,0.016192971873813633,2
8,0.01,12,20,8,0.036690255872789734,0.003955726286280381,2
8,0.01,12,20,9,0.0062243235244672235,8.878322429772822e-05,2
8,0.01,12,20,10,0.0009004940189498711,3.9621866498862346e-07,1
8,0.01,12,21,1,6.502082473004981,8.410925938125843,3
8,0.01,12,21,2,5.160068881830588,6.63613060091415,3
8,0.01,12,21,3,3.9530023511854697,4.917717391782837,3
8,0.01,12,21,4,2.6597912693333985,3.165286397864163,3
8,0.01,12,21,5,1.2120405649104171,1.1714787340988995,3
8,0.01,12,21,6,0.3207897112977527,0.11762400171991594,3
8,0.01,12,21,7,0.1598321080712264,0.014623411041215562,3
8,0.01,12,21,8,0.04321910658254957,0.0013781164282349323,3
8,0.01,12,21,9,0.008774840884365531,2.2876489159884272e-05,1
8,0.01,12,21,10,0.001907362397943757,7.959243095712054e-07,1
8,0.01,12,22,1,5.873942304337785,7.497854428852204,6
8,0.01,12,22,2,4.615417185933392,5.871050316971228,7
8,0.01,12,22,3,3.8055787792530698,4.786901812272763,6
8,0.01,12,22,4,2.3580474760600527,2.9180519225715607,5
8,0.01,12,22,5,0.8697622963490215,1.0007181857748257,4
8,0.01,12,22,6,0.20504401083520918,0.07065029082081864,4
8,0.01,12,22,7,0.05597535484606553,0.011951065954372453,2
8,0.01,12,22,8,0.01917836392582828,0.00043685810245186474,2
8,0.01,12,22,9,0.004788471595151833,3.003822130409617e-05,2
8,0.01,12,22,10,0.0011408704782791546,1.2706151224506357e-06,1
8,0.01,12,23,1,5.393677275788144,6.791351934011605,5
8,0.01,12,23,2,3.921118280383973,4.911492082022896,5
8,0.01,12,23,3,2.6809313428541808,3.174482753528128,5
8,0.01,12,23,4,1.7187091035924853,2.0319501703996785,5
8,0.01,12,23,5,1.0685724294236332,1.125905383134005,5
8,0.01,12,23,6,0.30606711491284333,0.1450535529620236,4
8,0.01,12,23,7,0.09920880193437664,0.017459852220712335,4
8,0.01,12,23,8,0.015554947409328612,0.00032613408248138853,2
8,0.01,12,23,9,0.005462867453105424,2.541435857139618e-05,1
8,0.01,12,23,10,0.001012649552687428,7.743217764755173e-07,1
8,0.01,12,24,1,5.422744595652049,6.744783756291586,3
8,0.01,12,24,2,3.578380667204031,4.299753012513026,2
8,0.01,12,24,3,1.7662126001166945,2.058685811440629,3
8,0.01,12,24,4,0.9799009509691112,1.0725689046564542,4
8,0.01,12,24,5,0.3145030716129513,0.20307922842341863,5
8,0.01,12,24,6,0.12042709341968649,0.022157581705576135,3
8,0.01,12,24,7,0.04033247770810444,0.0029479165027801457,3
8,0.01,12,24,8,0.007992960164149743,0.0001406076530088285,2
8,0.01,12,24,9,0.001990341926728867,3.070910080893441e-06,1
8,0.01,12,24,10,0.0003843644347023556,5.343783193723084e-08,1
8,0.01,12,25,1,5.379174963841261,6.880050811732541,7
8,0.01,12,25,2,4.1907080528695575,5.159500911865427,6
8,0.01,12,25,3,2.7269776033669375,3.173084354825831,6
8,0.01,12,25,4,1.4333024038735038,1.4053575463897756,5
8,0.01,12,25,5,0.39897122657766904,0.11705058363472176,5
8,0.01,12,25,6,0.1011502815274552,0.011307956432400346,2
8,0.01,12,25,7,0.05210642328372206,0.0026048779514269427,2
8,0.01,12,25,8,0.014136665550966931,7.589662365248273e-05,2
8,0.01,12,25,9,0.00227979222248198,7.5612256527080035e-06,1
8,0.01,12,25,10,0.000355071599750012,2.7888846787504917e-07,1
8,0.01,12,26,1,5.231936810489755,6.751942682071098,8
8,0.01,12,26,2,3.8577608328735167,4.848864973468304,6
8,0.01,12,26,3,2.5853227097632985,3.132936811292426,5
8,0.01,12,26,4,1.1513673218964886,1.2897516031347944,4
8,0.01,12,26,5,1.023808875406111,1.1756823190031511,3
8,0.01,12,26,6,0.2982108925529854,0.15490694089613655,2
8,0.01,12,26,7,0.12086415782742854,0.028402314294496023,3
8,0.01,12,26,8,0.030262477103603302,0.0011478518257632686,3
8,0.01,12,26,9,0.0072455339615498104,0.00011635288330147375,2
8,0.01,12,26,10,0.00155163974426209,1.5444020498023292e-06,1
8,0.01,12,27,1,6.760395615876299,8.616069461595771,6
8,0.01,12,27,2,5.9149192232726095,7.605070356318318,7
8,0.01,12,27,3,3.9731076935532643,4.954150582379562,6
8,0.01,12,27,4,2.686516037762627,3.142504175174265,6
8,0.01,12,27,5,1.262189104380778,1.2934653535268907,5
8,0.01,12,27,6,0.32768763676588986,0.11194902540828444,1
8,0.01,12,27,7,0.13406278766976154,0.007453220783681047,2
8,0.01,12,27,8,0.05956078263138753,0.0017383266505639483,2
8,0.01,12,27,9,0.012555812510673725,0.0001729524244780123,1
8,0.01,12,27,10,0.00367260899176447,2.9706422832731505e-06,1
8,0.01,12,28,1,4.618940120946973,5.804871132031131,6
8,0.01,12,28,2,2.8398369775054446,3.3135939868634594,4
8,0.01,12,28,3,1.8616141626642362,2.201391309501438,3
8,0.01,12,28,4,1.0765253947467697,1.0876909978066394,5
8,0.01,12,28,5,0.3119721599515577,0.10003868676379035,4
8,0.01,12,28,6,0.15392259361942795,0.053338869228649166,3
8,0.01,12,28,7,0.038628483459690166,0.0018868456279070855,2
8,0.01,12,28,8,0.01795021338479419,0.0005542555253157389,1
8,0.01,12,28,9,0.0033138791471989393,3.3989774053111432e-06,2
8,0.01,12,28,10,0.0013816211025039493,7.952309388770118e-07,1
8,0.01,12,29,1,4.708527147071535,5.903287726335623,3
8,0.01,12,29,2,3.3277792690675136,4.06043281476359,3
8,0.01,12,29,3,1.8236019176639227,2.0846329364322056,3
8,0.01,12,29,4,1.0302136794483596,1.067944108439982,3
8,0.01,12,29,5,0.3765131923947278,0.15936474593459948,3
8,0.01,12,29,6,0.20180451652942022,0.07088299050504787,3
8,0.01,12,29,7,0.028234505724703318,0.00024564772087920517,2
8,0.01,12,29,8,0.008288356449747347,2.238332692705569e-05,1
8,0.01,12,29,9,0.0013456131311615493,1.8424494090396593e-06,2
8,0.01,12,29,10,0.00039232783082976397,1.3737234638711016e-07,1
8,0.01,12,30,1,5.746897859029693,7.457764041576805,6
8,0.01,12,30,2,3.9582241249864802,4.9477584456276915,6
8,0.01,12,30,3,2.596345232280899,3.1180959314543353,7
8,0.01,12,30,4,1.5479205563336107,1.9696107973589747,3
8,0.01,12,30,5,0.8998452207043597,1.0332050290746295,3
8,0.01,12,30,6,0.1651619042283441,0.0573662386332936,1
8,0.01,12,30,7,0.04630296307107873,0.004254378491461708,1
8,0.01,12,30,8,0.00957429610945848,5.723825103665092e-05,2
8,0.01,12,30,9,0.00417035997407833,1.4080366666391342e-05,1
8,0.01,12,30,10,0.0009616128403591162,5.361951131988008e-07,1
8,0.01,12,31,1,5.807943096300624,7.441647718532625,8
8,0.01,12,31,2,4.59326150009583,5.792734926486428,3
8,0.01,12,31,3,3.3041658403967933,4.057102817750639,5
8,0.01,12,31,4,2.036041505334028,2.3105584726517456,5
8,0.01,12,31,5,0.6142721367827821,0.45790338874585856,3
8,0.01,12,31,6,0.30032814275218733,0.08185248945424384,3
8,0.01,12,31,7,0.12205966849702321,0.00707591608964897,3
8,0.01,12,31,8,0.0446464832367095,0.001396774724119254,2
8,0.01,12,31,9,0.01392182167979783,0.0001010253100339753,2
8,0.01,12,31,10,0.002728112613036515,8.709090995040469e-07,1
8,0.01,12,32,1,7.267194895191898,9.39811793615317,7
8,0.01,12,32,2,5.513932421493258,6.93289321792577,7
8,0.01,12,32,3,4.050048438505896,4.999525409417004,5
8,0.01,12,32,4,2.2967859648072517,2.5343006911896033,5
8,0.01,12,32,5,1.198092691388779,1.1510914601804245,3
8,0.01,12,32,6,0.26232499060678816,0.05104557395193687,3
8,0.01,12,32,7,0.09475542076890076,0.003274668025733618,3
8,0.01,12,32,8,0.02202930814382764,0.0003822607122909716,1
8,0.01,12,32,9,0.00732198484621005,2.6240752687201052e-05,1
8,0.01,12,32,10,0.0013720334747526763,9.08163396928785e-07,1
8,0.01,12,33,1,5.45094508420731,6.780317748624576,4
8,0.01,12,33,2,4.68148760405804,5.822825575362488,4
8,0.01,12,33,3,2.6638891951344714,3.182785951931537,4
8,0.01,12,33,4,1.73867427091999,2.0543129591667944,2
8,0.01,12,33,5,0.6575165970053369,0.3809393630039679,4
8,0.01,12,33,6,0.33989548477532594,0.07442236988259765,4
8,0.01,12,33,7,0.0811641981692226,0.0023227503513361114,3
8,0.01,12,33,8,0.025529913796535908,0.00039175252070222655,2
8,0.01,12,33,9,0.00669968459379966,2.1472933671162764e-05,1
8,0.01,12,33,10,0.0012178315632258574,2.920310411269611e-07,1
8,0.01,12,34,1,7.184101075419884,9.24985313220537,6
8,0.01,12,34,2,5.414026064729372,6.778697498997364,5
8,0.01,12,34,3,3.4680448324579114,4.143460557620962,5
8,0.01,12,34,4,2.000455885997516,2.347645293240749,6
8,0.01,12,34,5,1.0212498924033415,1.0597100167611782,2
8,0.01,12,34,6,0.2546558397008525,0.07472317562642594,4
8,0.01,12,34,7,0.07126819714343746,0.0017442694698521777,4
8,0.01,12,34,8,0.025231980923287267,0.0009248321179970986,2
8,0.01,12,34,9,0.005676201774598155,1.9963649803500516e-05,2
8,0.01,12,34,10,0.0011531224866363488,3.1814558987264263e-07,1
8,0.01,12,35,1,7.464985021106685,9.565326475672762,7
8,0.01,12,35,2,5.746409271414851,7.106611060237476,7
8,0.01,12,35,3,4.158160287724343,5.078649147913836,5
8,0.01,12,35,4,2.888077153789185,3.2559087657500063,5
8,0.01,12,35,5,0.9358386176860947,0.9649915650962928,6
8,0.01,12,35,6,0.336267426701804,0.09058610954454949,3
8,0.01,12,35,7,0.13965332659133978,0.013474664932756397,2
8,0.01,12,35,8,0.045250058426214324,0.0015025188036332793,1
8,0.01,12,35,9,0.010805402958222743,8.151219237007012e-05,2
8,0.01,12,35,10,0.003505841709154467,1.046159074036268e-05,1
8,0.01,12,36,1,6.1451085103816485,7.783519829622568,5
8,0.01,12,36,2,4.796075302615849,5.988549660698105,5
8,0.01,12,36,3,3.6365586633344815,4.354933359722043,5
8,0.01,12,36,4,2.2631376654790234,2.521694192476126,5
8,0.01,12,36,5,0.7424371951479447,0.4906965762774096,3
8,0.01,12,36,6,0.4617676024440822,0.22461403780253164,3
8,0.01,12,36,7,0.14468763651241368,0.008395091695755141,2
8,0.01,12,36,8,0.034715473437032074,0.0003938035349957403,2
8,0.01,12,36,9,0.01368649848170378,0.00010981190455083834,2
8,0.01,12,36,10,0.0026486378300365487,3.3210420689044895e-06,1
8,0.01,12,37,1,4.703025416499735,5.860342511701663,6
8,0.01,12,37,2,3.2690737547511093,4.012105929722072,6
8,0.01,12,37,3,1.87511596367482,2.2313627025839633,3
8,0.01,12,37,4,1.0413051502655213,1.057943966547942,4
8,0.01,12,37,5,0.2887404255252983,0.15307765599707857,2
8,0.01,12,37,6,0.12764728988307983,0.017945238577949496,1
8,0.01,12,37,7,0.047305181496612114,0.0023159941400425765,2
8,0.01,12,37,8,0.02173275742328773,0.00026594424388015625,1
8,0.01,12,37,9,0.00412969627960269,4.989422548007383e-06,1
8,0.01,12,37,10,0.0011557194445410701,5.503223849956385e-07,1
8,0.01,12,38,1,5.233316435015938,6.738429143018831,3
8,0.01,12,38,2,3.3469847344327004,4.2114928092074795,2
8,0.01,12,38,3,1.3768994184997858,1.504461190092357,2
8,0.01,12,38,4,0.5385618663433522,0.43164027708964525,3
8,0.01,12,38,5,0.19777130619497463,0.13547486459922808,3
8,0.01,12,38,6,0.107179906346337,0.03391066761714434,3
8,0.01,12,38,7,0.022730561080500422,0.0021565384533399623,3
8,0.01,12,38,8,0.00691990390991748,7.337155119024885e-05,3
8,0.01,12,38,9,0.0009959100946765886,1.8042271836549162e-06,2
8,0.01,12,38,10,0.0003084750542274861,1.4964484762458596e-07,1
8,0.01,12,39,1,6.038942819665595,7.654367117372098,8
8,0.01,12,39,2,4.397304384500486,5.283213971473444,7
8,0.01,12,39,3,3.0793484443326866,3.488436620426368,6
8,0.01,12,39,4,1.7290406231736233,2.0538964680227387,4
8,0.01,12,39,5,1.0437113625736698,1.0503690283456155,4
8,0.01,12,39,6,0.295787886300924,0.2246741260518892,2
8,0.01,12,39,7,0.11079528651353865,0.01630794753687148,3
8,0.01,12,39,8,0.04445655339232335,0.002674514086262292,2
8,0.01,12,39,9,0.014064053239603247,7.977434495032298e-05,1
8,0.01,12,39,10,0.004148298576612142,7.448084710759417e-06,1
8,0.01,12,40,1,5.5896847552032325,6.8918871336893055,4
8,0.01,12,40,2,3.7184827629507113,4.345250015643522,6
8,0.01,12,40,3,3.1335137616896462,3.571686247049117,4
8,0.01,12,40,4,2.541685244950693,2.7078661035728224,4
8,0.01,12,40,5,0.6464846705985989,0.34437985188083786,4
8,0.01,12,40,6,0.30776596614417695,0.05076720522901823,4
8,0.01,12,40,7,0.04269274394432987,0.0024553036574594955,1
8,0.01,12,40,8,0.019030999513643287,0.00012067702184204165,2
8,0.01,12,40,9,0.004970981931104568,1.3686974849491662e-05,1
8,0.01,12,40,10,0.0003178209425724887,1.2461112142148068e-07,1
8,0.01,12,41,1,6.298376355111488,7.857096283472556,3
8,0.01,12,41,2,3.8005381466716184,4.797152378578508,4
8,0.01,12,41,3,2.8613865724172474,3.316246207970744,3
8,0.01,12,41,4,1.8067778643363344,1.7358929327932326,3
8,0.01,12,41,5,0.6581516048188636,0.3756507251050607,3
8,0.01,12,41,6,0.21157866686810145,0.03239165106187869,2
8,0.01,12,41,7,0.06380848657557259,0.003389512904091063,3
8,0.01,12,41,8,0.01661115895215204,0.0002522107906202109,2
8,0.01,12,41,9,0.004306666712354357,1.2235249085890132e-05,1
8,0.01,12,41,10,0.000693085758735279,2.629879176652139e-07,1
8,0.01,12,42,1,6.238224353527149,7.904750201813492,3
8,0.01,12,42,2,4.634446476262345,5.47089397602123,2
8,0.01,12,42,3,3.22513373434298,3.9106319530397577,4
8,0.01,12,42,4,2.2771553520104897,2.8113399343418353,4
8,0.01,12,42,5,1.2505645109681405,1.3345638264569732,3
8,0.01,12,42,6,0.7545084518232175,0.9456955349617786,4
8,0.01,12,42,7,0.198708769463809,0.04415123128887721,1
8,0.01,12,42,8,0.05632359605550352,0.005190201807289796,2
8,0.01,12,42,9,0.016358845175672876,0.00024634995900285617,2
8,0.01,12,42,10,0.004221320139175866,1.4452509830675808e-05,1
8,0.01,12,43,1,6.097014308064735,7.761626408610969,5
8,0.01,12,43,2,4.888618986567606,6.07908413709993,5
8,0.01,12,43,3,3.643522499766788,4.33770064440221,4
8,0.01,12,43,4,2.348238903123465,2.541859222097285,4
8,0.01,12,43,5,1.2060627100098769,1.1183114812684316,3
8,0.01,12,43,6,0.27538583510394776,0.04140535194059325,2
8,0.01,12,43,7,0.0889108676618724,0.013060488459522901,3
8,0.01,12,43,8,0.02397639641337701,0.0003276276415355994,2
8,0.01,12,43,9,0.0048395168679560285,9.00925112645723e-06,1
8,0.01,12,43,10,0.0004991263538078883,2.055492700492323e-07,1
8,0.01,12,44,1,6.119469847896945,7.703641413571599,8
8,0.01,12,44,2,4.270390192056854,5.174978675008806,7
8,0.01,12,44,3,2.764726176923566,3.2868968182530196,6
8,0.01,12,44,4,1.6971357966802136,2.0258602420655354,4
8,0.01,12,44,5,0.9490378887608033,1.043068397529895,3
8,0.01,12,44,6,0.25307315288487064,0.08465047164539286,3
8,0.01,12,44,7,0.07785061065375931,0.012112673102805616,3
8,0.01,12,44,8,0.030736647573731624,0.0010022518909256206,3
8,0.01,12,44,9,0.004895398782053029,3.1098076531677066e-05,2
8,0.01,12,44,10,0.000636389800539483,6.511986700985517e-07,1
8,0.01,12,45,1,6.023467451033355,7.658126862097468,7
8,0.01,12,45,2,4.7473605858064865,5.9272843597785645,5
8,0.01,12,45,3,3.394040424516181,4.1027033559334285,5
8,0.01,12,45,4,2.105736902309598,2.396109246201373,3
8,0.01,12,45,5,0.756366941721895,0.5123404794259638,2
8,0.01,12,45,6,0.3199855065148949,0.1145700264766294,3
8,0.01,12,45,7,0.12644139042476077,0.01910700905895446,3
8,0.01,12,45,8,0.04163061365913734,0.000353614786025247,1
8,0.01,12,45,9,0.012456414060315169,3.491009143807844e-05,1
8,0.01,12,45,10,0.001837352364042033,8.283128316577404e-07,1
8,0.01,12,46,1,5.504402018600202,6.916146702996581,4
8,0.01,12,46,2,4.332176619295381,5.21463512551947,4
8,0.01,12,46,3,2.446932588804226,2.5951835595631696,3
8,0.01,12,46,4,1.547085418609476,1.5986348240722101,4
8,0.01,12,46,5,0.5171447115249501,0.2490809415199955,4
8,0.01,12,46,6,0.2288628753824069,0.026074195807423095,4
8,0.01,12,46,7,0.0986276534119428,0.004890306101955844,4
8,0.01,12,46,8,0.03188648008117578,0.0003962601204214877,3
8,0.01,12,46,9,0.011753364087618401,2.4212786367883155e-05,2
8,0.01,12,46,10,0.0027833004316226706,1.0498190405883179e-06,1
8,0.01,12,47,1,5.372131801748821,6.710123446606531,3
8,0.01,12,47,2,4.290855889144811,5.201882352433923,6
8,0.01,12,47,3,2.4209683337654004,2.948808233501289,3
8,0.01,12,47,4,1.2996203011043184,1.3922751647356275,4
8,0.01,12,47,5,0.7375130542331005,0.9409265597331489,5
8,0.01,12,47,6,0.06331882582255854,0.013629699184185995,3
8,0.01,12,47,7,0.026300363615598066,0.01054128553314193,3
8,0.01,12,47,8,0.005222291980369498,0.00032619640995967814,2
8,0.01,12,47,9,0.0012192253943430487,1.198546956615587e-05,1
8,0.01,12,47,10,0.00015168625772066235,1.2210660749190083e-07,1
8,0.01,12,48,1,6.066029408518299,7.759184816872745,4
8,0.01,12,48,2,5.017008858060004,6.20858835210228,3
8,0.01,12,48,3,3.165671142447918,3.965417331794818,4
8,0.01,12,48,4,2.1166505919896235,2.4148208670243534,3
8,0.01,12,48,5,1.1616624023526576,1.1174008980306738,2
8,0.01,12,48,6,0.27780458773217553,0.0795091081738093,3
8,0.01,12,48,7,0.14052636834822074,0.011912972582370784,2
8,0.01,12,48,8,0.036148563403234135,0.0004501329817117039,1
8,0.01,12,48,9,0.015649965879998007,0.0001401313641498092,2
8,0.01,12,48,10,0.003941422031482844,2.6150073004771457e-06,1
8,0.01,12,49,1,6.1091365790520955,7.685295580600576,3
8,0.01,12,49,2,4.362055786381325,5.2753953500559465,2
8,0.01,12,49,3,2.757895889487304,3.219514460695395,4
8,0.01,12,49,4,1.484337576110856,1.477624615718785,3
8,0.01,12,49,5,0.5818832311003783,0.26623464837683386,2
8,0.01,12,49,6,0.20664925312507965,0.06327789062382827,3
8,0.01,12,49,7,0.08823077086653175,0.006725447322400768,2
8,0.01,12,49,8,0.02982653790984724,0.00250524610387437,2
8,0.01,12,49,9,0.010103479750934063,0.00010672784531529089,2
8,0.01,12,49,10,0.002475618845685368,1.770931845612722e-06,1
8,0.01,12,50,1,6.3134706277894015,7.838035239918966,6
8,0.01,12,50,2,4.853729383149732,5.973461977269418,6
8,0.01,12,50,3,3.3758695585781613,4.115242531164784,4
8,0.01,12,50,4,2.136427233288096,2.26949128202362,6
8,0.01,12,50,5,0.7222450690202855,0.5250828529297884,4
8,0.01,12,50,6,0.36281737171782424,0.1595057497135972,4
8,0.01,12,50,7,0.10261150102499705,0.03160900407928935,4
8,0.01,12,50,8,0.03430353217809312,0.0004503427218107703,2
8,0.01,12,50,9,0.009268426834003307,1.495638185033954e-05,1
8,0.01,12,50,10,0.0021272539056056416,8.672913445195718e-07,1
8,0.01,12,51,1,5.53341230633512,6.96002776331909,4
8,0.01,12,51,2,4.783217162720537,6.017940716923658,3
8,0.01,12,51,3,2.8650792687957436,3.3815007755125777,2
8,0.01,12,51,4,1.8875329593854255,2.30037632068157,3
8,0.01,12,51,5,1.0336805414093364,1.0462062805598498,4
8,0.01,12,51,6,0.8706654598972792,0.9782779036629279,3
8,0.01,12,51,7,0.10635982005331801,0.008166871121472852,2
8,0.01,12,51,8,0.019462871592769382,0.00020441433627205186,1
8,0.01,12,51,9,0.00473192818924506,1.767569339961028e-05,2
8,0.01,12,51,10,0.0009892889383449344,5.038737196372267e-07,1
8,0.01,12,52,1,6.046028473975724,7.649486566636336,8
8,0.01,12,52,2,4.030481264157178,5.004192325302981,4
8,0.01,12,52,3,3.4349984429901,4.161517085744215,6
8,0.01,12,52,4,2.7290745624850317,3.224529420171958,5
8,0.01,12,52,5,1.2784663082251129,1.3609964803912575,4
8,0.01,12,52,6,0.29577117776563355,0.11278835963760869,3
8,0.01,12,52,7,0.11098637382438525,0.006369557740782739,2
8,0.01,12,52,8,0.023799933202250045,0.0002314058405747943,1
8,0.01,12,52,9,0.006305536799766642,1.4967522311337689e-05,2
8,0.01,12,52,10,0.0014486772963255845,4.571053402457892e-07,1
8,0.01,12,53,1,5.753560905959407,7.467217732620568,5
8,0.01,12,53,2,4.101116288426903,5.044238254507125,5
8,0.01,12,53,3,2.4989836341423395,3.0742099948233754,2
8,0.01,12,53,4,1.3866106399932647,1.3945485149403138,3
8,0.01,12,53,5,0.4178202520359502,0.2423065952978991,2
8,0.01,12,53,6,0.14248046542884296,0.08829492051172849,2
8,0.01,12,53,7,0.04755319769773614,0.0038991360468552116,1
8,0.01,12,53,8,0.014090618360697249,0.0003258932134020398,2
8,0.01,12,53,9,0.004542740049826577,1.0327500987727944e-05,1
8,0.01,12,53,10,0.0007291350136302555,6.683295197262851e-07,1
8,0.01,12,54,1,5.9302809861118035,7.634744300267004,4
8,0.01,12,54,2,4.632814639364113,5.8857417719298954,3
8,0.01,12,54,3,2.905741156967025,3.4464963634678867,2
8,0.01,12,54,4,1.7668115693779836,2.013460624876674,5
8,0.01,12,54,5,0.34542979066739754,0.14548520499208273,1
8,0.01,12,54,6,0.1549517018669242,0.022767938312886926,3
8,0.01,12,54,7,0.05570133852967274,0.0022712041539758587,2
8,0.01,12,54,8,0.01656263584547446,0.0002736378626853053,1
8,0.01,12,54,9,0.0028893817811681544,2.126422618431434e-05,1
8,0.01,12,54,10,0.0007304449724401252,6.858910222007353e-07,1
8,0.01,12,55,1,6.119422909000724,7.728628195134521,7
8,0.01,12,55,2,4.8591442685664195,6.06313425305914,5
8,0.01,12,55,3,3.642766608619427,4.340414953221343,5
8,0.01,12,55,4,1.4365271254299454,1.4777843419041368,3
8,0.01,12,55,5,0.7730994515801299,0.5697462694023852,5
8,0.01,12,55,6,0.32177154343199277,0.12672796730005054,3
8,0.01,12,55,7,0.25901111311282143,0.09974463295119662,3
8,0.01,12,55,8,0.036294739208926785,0.0009474242992499882,3
8,0.01,12,55,9,0.011686830559446193,7.498912676240366e-05,1
8,0.01,12,55,10,0.002027858219365797,8.158000497360263e-07,1
8,0.01,12,56,1,4.952647838939893,6.002947890307274,5
8,0.01,12,56,2,3.736423639695084,4.374626864064966,5
8,0.01,12,56,3,2.2052771303079988,2.453096164824389,4
8,0.01,12,56,4,0.5897839708049668,0.4010760814392542,4
8,0.01,12,56,5,0.19828050883681403,0.027861266525331274,1
8,0.01,12,56,6,0.09904855977767557,0.014638228924407137,1
8,0.01,12,56,7,0.011299201557904759,0.0001665191018753731,1
8,0.01,12,56,8,0.004360758543518806,1.4169457362100957e-05,1
8,0.01,12,56,9,0.0013696806529432948,8.671834823559266e-07,1
8,0.01,12,56,10,7.042732909123828e-05,1.3724424263727997e-08,1
8,0.01,12,57,1,6.24949577891393,7.816275517133185,5
8,0.01,12,57,2,4.802791112640724,5.934761300243622,7
8,0.01,12,57,3,3.2465327806592317,4.004905817632398,6
8,0.01,12,57,4,2.2726753945123708,2.5058438906926668,5
8,0.01,12,57,5,1.0960076550269378,1.126270497859375,4
8,0.01,12,57,6,0.3445499016483673,0.15655610868619085,3
8,0.01,12,57,7,0.1445963342787291,0.023023931730591585,3
8,0.01,12,57,8,0.04687965550258433,0.0014992470738075525,1
8,0.01,12,57,9,0.014159191070097776,7.59690564127169e-05,1
8,0.01,12,57,10,0.005035961755625706,1.5464516685881335e-05,1
8,0.01,12,58,1,6.1185914696503065,7.814759658437186,7
8,0.01,12,58,2,4.708778347297526,5.929333474171489,6
8,0.01,12,58,3,3.362425605061654,4.0986223009434095,5
8,0.01,12,58,4,2.065010812463079,2.230733576227805,2
8,0.01,12,58,5,1.0887568630548827,1.1090552826529922,2
8,0.01,12,58,6,0.9311861317838499,1.001278673579172,2
8,0.01,12,58,7,0.13691037255710725,0.021432118467670236,2
8,0.01,12,58,8,0.0663739563353527,0.002185254247734747,2
8,0.01,12,58,9,0.020015499896121725,0.00019019556363097934,2
8,0.01,12,58,10,0.0033871324034304706,3.006114553727457e-06,1
8,0.01,12,59,1,7.224321382012373,8.922305750999964,5
8,0.01,12,59,2,5.670167391264438,6.990481679293442,5
8,0.01,12,59,3,3.8524147501166643,4.394343333064079,4
8,0.01,12,59,4,2.0303370264018765,2.3111426478849326,3
8,0.01,12,59,5,1.0128221316094175,1.03403519440307,2
8,0.01,12,59,6,0.1773484710714035,0.023583709771964223,4
8,0.01,12,59,7,0.08017539050908251,0.006552533241441338,3
8,0.01,12,59,8,0.022713754821483967,0.0003280988951388508,3
8,0.01,12,59,9,0.00485600420263399,1.4027350042411513e-05,2
8,0.01,12,59,10,0.0009045824874673869,1.326192831996309e-06,1
8,0.01,12,60,1,6.077892333638156,7.720329228818198,7
8,0.01,12,60,2,4.382093326786363,5.235636555920232,8
8,0.01,12,60,3,2.979027672401992,3.4205673635336655,7
8,0.01,12,60,4,1.3222483240961171,1.2555797221829827,7
8,0.01,12,60,5,0.4402996179584058,0.12367541787625491,6
8,0.01,12,60,6,0.15481813744870898,0.013636945107711185,4
8,0.01,12,60,7,0.08797179429441648,0.004007559301280494,3
8,0.01,12,60,8,0.02306122760588103,0.00030898582970095845,2
8,0.01,12,60,9,0.0065534767682589035,1.0322547424834738e-05,1
8,0.01,12,60,10,0.0016904568353588445,4.976196468220451e-07,1
8,0.01,12,61,1,5.879119426309152,7.531998774646034,8
8,0.01,12,61,2,4.137423562117999,5.059203047736972,7
8,0.01,12,61,3,2.5687157424094176,3.1300579340937364,6
8,0.01,12,61,4,1.160005582580987,1.1980434029229512,5
8,0.01,12,61,5,0.35412220710752873,0.19291045077625224,1
8,0.01,12,61,6,0.14148688903345086,0.03287810072473185,3
8,0.01,12,61,7,0.05852034643705917,0.006903550301645467,2
8,0.01,12,61,8,0.01779634240699668,0.0004989002867858972,1
8,0.01,12,61,9,0.0034370845369027236,1.0776348515761924e-05,1
8,0.01,12,61,10,0.000992809771855896,9.473250131009081e-07,1
8,0.01,12,62,1,6.171868395324977,7.824769804690158,4
8,0.01,12,62,2,4.9362828522487865,6.052304598058859,3
8,0.01,12,62,3,3.4681904781796744,4.2192809935466755,4
8,0.01,12,62,4,2.7250264198656557,3.1252940058080343,3
8,0.01,12,62,5,1.200525128200927,1.1959618797573626,3
8,0.01,12,62,6,0.24348771196297658,0.11544560505441481,4
8,0.01,12,62,7,0.13597083163154,0.011579513234519112,3
8,0.01,12,62,8,0.052214437445956996,0.001586718476994875,3
8,0.01,12,62,9,0.008074947707011226,3.412626278453956e-05,2
8,0.01,12,62,10,0.0022060462466653163,1.026446106777712e-06,1
8,0.01,12,63,1,4.866018578879454,6.101917978143764,6
8,0.01,12,63,2,3.462103128940373,4.217144460377531,5
8,0.01,12,63,3,2.3670038239810536,2.912748023233874,4
8,0.01,12,63,4,1.2115705784049657,1.301740196171897,3
8,0.01,12,63,5,0.2308675308569237,0.07594838161195483,5
8,0.01,12,63,6,0.07615700008766435,0.014005293120772144,5
8,0.01,12,63,7,0.024726903051480953,0.0007734163435424435,4
8,0.01,12,63,8,0.00703928641647078,7.96453062594793e-05,3
8,0.01,12,63,9,0.0005832966615075819,4.725709263908584e-07,1
8,0.01,12,63,10,0.0002692621635622672,1.245448881803668e-07,1
8,0.01,12,64,1,6.051394855215269,7.736268854692236,5
8,0.01,12,64,2,4.762546910626943,5.955179841240801,5
8,0.01,12,64,3,2.898639672222613,3.35072129480616,5
8,0.01,12,64,4,1.595760563184486,1.6618239145606637,3
8,0.01,12,64,5,0.590967367093727,0.3365214095468527,3
8,0.01,12,64,6,0.19617649369669898,0.047407865052209175,3
8,0.01,12,64,7,0.06219800176985402,0.0037229176020971977,3
8,0.01,12,64,8,0.013703949670212268,0.0001144188138937352,2
8,0.01,12,64,9,0.0022682337189614543,2.7066045014123574e-06,2
8,0.01,12,64,10,0.0003246588526870653,4.682868670613516e-08,1
8,0.01,12,65,1,6.937552664120417,8.81054441184456,3
8,0.01,12,65,2,4.79765153778905,6.013828392794238,3
8,0.01,12,65,3,3.591991357220862,4.304258176503778,3
8,0.01,12,65,4,2.156789099755037,2.4306412760086307,3
8,0.01,12,65,5,1.0467733050625077,1.0868565390045841,3
8,0.01,12,65,6,0.1829435676879454,0.020528270863836795,2
8,0.01,12,65,7,0.05511845285884487,0.011968899347680306,3
8,0.01,12,65,8,0.013482149097355567,0.00015473875258109615,2
8,0.01,12,65,9,0.0025812262883553316,8.613052955297462e-06,1
8,0.01,12,65,10,0.0004307427198595448,3.499426970421382e-07,1
8,0.01,12,66,1,4.5378102831000655,5.74320376395589,3
8,0.01,12,66,2,3.0302056892461566,3.8589015912520157,8
8,0.01,12,66,3,2.1540793405667005,2.36315549562506,5
8,0.01,12,66,4,1.2170376075707745,1.198239598562183,4
8,0.01,12,66,5,0.6871565905037196,0.9220532225368618,1
8,0.01,12,66,6,0.107505262510176,0.007491879726162054,4
8,0.01,12,66,7,0.027658163668797364,0.0025249727947231904,1
8,0.01,12,66,8,0.007555976650697183,0.0002476542926785896,1
8,0.01,12,66,9,0.0021017801445681883,1.6907337544225243e-05,1
8,0.01,12,66,10,0.0004987197838444146,5.019897866276324e-07,1
8,0.01,12,67,1,5.36413161905273,6.68946988339054,4
8,0.01,12,67,2,4.129236360770272,5.036968443611409,4
8,0.01,12,67,3,2.5482646345191293,3.111863896715759,4
8,0.01,12,67,4,1.2133919606360033,1.3284946293351574,4
8,0.01,12,67,5,0.30927279655224904,0.16801814978092366,4
8,0.01,12,67,6,0.12585517915989275,0.019406649574420953,3
8,0.01,12,67,7,0.03694240169942109,0.0009473799650479009,3
8,0.01,12,67,8,0.008454476712262071,6.268128741382384e-05,2
8,0.01,12,67,9,0.0019149858424194477,2.6355609428208027e-06,1
8,0.01,12,67,10,0.0003941042638837544,8.99792418351808e-08,1
8,0.01,12,68,1,5.726089854001741,7.081814197516557,5
8,0.01,12,68,2,4.303509289169797,5.242425354890781,5
8,0.01,12,68,3,2.8257926693609194,3.359747330927876,5
8,0.01,12,68,4,2.1697457697318514,2.463407685570333,5
8,0.01,12,68,5,0.7185381336397461,0.4761845614692817,5
8,0.01,12,68,6,0.24335192171643616,0.034294417171457425,4
8,0.01,12,68,7,0.058309094449881194,0.002614104924914429,2
8,0.01,12,68,8,0.023857342900588385,0.0002825929099028457,2
8,0.01,12,68,9,0.004137270048993891,7.124449124873422e-06,2
8,0.01,12,68,10,0.0006199025105511069,8.445891097608182e-08,1
8,0.01,12,69,1,5.370281528193283,6.739243592588263,6
8,0.01,12,69,2,3.8342311651944705,4.837906672089579,5
8,0.01,12,69,3,2.133279303439082,2.358914183592818,4
8,0.01,12,69,4,1.2008932812261008,1.2699617720471847,5
8,0.01,12,69,5,0.4378395868151408,0.18511680228453908,4
8,0.01,12,69,6,0.07875586569902282,0.0034248153162241834,4
8,0.01,12,69,7,0.02454145602025548,0.0003085075258972836,4
8,0.01,12,69,8,0.004470063046969841,1.2743092799638589e-05,2
8,0.01,12,69,9,0.0012384721324991688,9.282038604396803e-07,2
8,0.01,12,69,10,0.00027603565241562933,6.878795666409587e-08,1
8,0.01,12,70,1,6.533668441462938,8.456378791080038,8
8,0.01,12,70,2,4.705642797960296,5.856030450253794,6
8,0.01,12,70,3,3.2962375217135165,3.9734972524847034,5
8,0.01,12,70,4,1.4495807375998346,1.4165247814041084,2
8,0.01,12,70,5,0.911061957986945,1.074953920383333,3
8,0.01,12,70,6,0.39390278586440886,0.23904114689075406,2
8,0.01,12,70,7,0.08516836749091361,0.019800511938640852,2
8,0.01,12,70,8,0.020602812806396642,0.0002878065148763653,2
8,0.01,12,70,9,0.009462052283884859,3.8897558335193594e-05,2
8,0.01,12,70,10,0.0019496775771887798,2.0354869896266337e-06,1
8,0.01,12,71,1,6.082166694416525,7.709884314294621,7
8,0.01,12,71,2,4.75587481634383,5.892487948147711,6
8,0.01,12,71,3,3.000456742281532,3.4714419811822133,7
8,0.01,12,71,4,1.6741648642088336,1.6540456150353045,6
8,0.01,12,71,5,0.6248917025581857,0.3118873471560697,5
8,0.01,12,71,6,0.21973831436423907,0.04803876245393113,4
8,0.01,12,71,7,0.060589650679478524,0.0013252863136550275,1
8,0.01,12,71,8,0.028856596234540177,0.0003890543330840046,2
8,0.01,12,71,9,0.009288733646091174,1.972345198097969e-05,2
8,0.01,12,71,10,0.002804135176642575,6.722454362062535e-07,1
8,0.01,12,72,1,5.398707645375502,6.716680290077321,9
8,0.01,12,72,2,3.9973834934463692,4.973247686596453,7
8,0.01,12,72,3,2.573946006072159,3.1540552039323337,6
8,0.01,12,72,4,1.7204937637480242,2.0408380847112824,5
8,0.01,12,72,5,0.9540827563795649,1.0498769099573693,4
8,0.01,12,72,6,0.41545127500388723,0.3017025532117774,4
8,0.01,12,72,7,0.17724663617950043,0.06620271017568946,4
8,0.01,12,72,8,0.04049662953112865,0.002387155149753184,1
8,0.01,12,72,9,0.014943533455316071,0.00023382095559654203,1
8,0.01,12,72,10,0.00544071890667297,3.537386775498419e-05,1
8,0.01,12,73,1,5.461931372131053,6.8640941465214365,8
8,0.01,12,73,2,3.775065840852024,4.807757821880667,6
8,0.01,12,73,3,3.07751801012121,3.8883255062060567,5
8,0.01,12,73,4,1.8912394466953142,2.1625561721855746,5
8,0.01,12,73,5,0.8362429478260935,1.0022696547480798,2
8,0.01,12,73,6,0.1947006671269893,0.031059701148750563,5
8,0.01,12,73,7,0.06028928814572332,0.004563808120128243,2
8,0.01,12,73,8,0.018648501077290547,0.0005982931536863134,2
8,0.01,12,73,9,0.007068939787670203,2.065226728120706e-05,2
8,0.01,12,73,10,0.0014505273748639524,4.4363579299044886e-07,1
8,0.01,12,74,1,6.810083148602655,8.727839870221368,8
8,0.01,12,74,2,5.624780789072973,6.995978487981747,6
8,0.01,12,74,3,3.953873567177614,4.612622756036611,6
8,0.01,12,74,4,2.338098984791338,2.485449587991763,4
8,0.01,12,74,5,1.4575660207228482,1.3019035043696423,4
8,0.01,12,74,6,0.5199200563758053,0.10465118621584324,4
8,0.01,12,74,7,0.1393821984554391,0.005145010790483795,3
8,0.01,12,74,8,0.029656838709127165,0.0003285017452210326,2
8,0.01,12,74,9,0.012621260492307051,4.296245043100555e-05,1
8,0.01,12,74,10,0.002202307320851027,3.690259138267038e-07,1
8,0.01,12,75,1,5.413185938709444,6.762244850992911,2
8,0.01,12,75,2,3.8938376805927524,4.879932638873122,3
8,0.01,12,75,3,2.0886453301231294,2.397433073999707,2
8,0.01,12,75,4,0.9345056901390469,1.0961718335324147,5
8,0.01,12,75,5,0.4179822558903554,0.32897115331912197,3
8,0.01,12,75,6,0.13717147833632293,0.02234828672714606,2
8,0.01,12,75,7,0.06016068351188952,0.007594794716951014,3
8,0.01,12,75,8,0.01949853902780685,0.0003879896140208672,2
8,0.01,12,75,9,0.004582160770667976,9.196335229333386e-06,2
8,0.01,12,75,10,0.0003942877892617602,2.0492744745581604e-07,1
8,0.01,12,76,1,5.903861659809612,7.565558568397254,7
8,0.01,12,76,2,4.174090300929885,5.12141282299039,7
8,0.01,12,76,3,2.7904381710786463,3.2793448107108283,7
8,0.01,12,76,4,1.1943635993598285,1.1877373126215227,6
8,0.01,12,76,5,0.33986246354829497,0.1343305829877952,4
8,0.01,12,76,6,0.13369895080977656,0.017147421388109763,3
8,0.01,12,76,7,0.05953747466059589,0.00383704049553657,3
8,0.01,12,76,8,0.018463565711181573,0.0003406181472414005,1
8,0.01,12,76,9,0.007080616427295183,3.932655729244061e-05,1
8,0.01,12,76,10,0.0020215883645082755,1.4984899774361793e-06,1
8,0.01,12,77,1,5.229312120440053,6.591475292720995,6
8,0.01,12,77,2,4.579218222137348,5.783594134247306,4
8,0.01,12,77,3,3.231072434443467,3.969839976265172,6
8,0.01,12,77,4,1.5533371762958321,1.6133267597680039,2
8,0.01,12,77,5,0.5027606641528468,0.42043169439296335,4
8,0.01,12,77,6,0.19202839135974337,0.0495770555438213,3
8,0.01,12,77,7,0.07711894648863549,0.005282134980721054,2
8,0.01,12,77,8,0.024628920199528892,0.0004960512782492543,2
8,0.01,12,77,9,0.0064151144502151425,1.5840051847959558e-05,1
8,0.01,12,77,10,0.0010663859281923038,2.492578854429439e-07,1
8,0.01,12,78,1,5.956547939812077,7.725144663724574,3
8,0.01,12,78,2,4.474041769197425,5.437022364949124,2
8,0.01,12,78,3,2.5344825835307754,2.7303731228733525,2
8,0.01,12,78,4,1.911594736486058,2.19483410079686,4
8,0.01,12,78,5,1.1199133942156232,1.1679266231744556,4
8,0.01,12,78,6,0.931890153525825,1.0210651541683529,3
8,0.01,12,78,7,0.24171476124866853,0.05219776101100493,2
8,0.01,12,78,8,0.03566685088614552,0.0005249252635675106,1
8,0.01,12,78,9,0.012602216240790831,4.431186324715952e-05,2
8,0.01,12,78,10,0.00202326173434475,1.466838547514726e-06,1
8,0.01,12,79,1,6.215213937455052,7.845692116190367,5
8,0.01,12,79,2,4.791604987254311,5.991375307367935,4
8,0.01,12,79,3,3.421529435349325,4.160557679801155,3
8,0.01,12,79,4,1.8408262269743014,2.0686927433418933,5
8,0.01,12,79,5,1.0343546489540438,1.043470216370812,4
8,0.01,12,79,6,0.2554027418890188,0.05903626675015694,3
8,0.01,12,79,7,0.10031601803016432,0.01197413731226682,2
8,0.01,12,79,8,0.02968374297367493,0.00024932856717541085,2
8,0.01,12,79,9,0.011467933276166242,1.583079754219341e-05,2
8,0.01,12,79,10,0.0023638057245873867,6.017482014897269e-07,1
8,0.01,12,80,1,7.335832433791698,9.428911641527002,8
8,0.01,12,80,2,5.460460771867222,6.901639753424096,6
8,0.01,12,80,3,4.213384476542622,5.161535400704114,6
8,0.01,12,80,4,3.4528725565319967,4.182000605941308,4
8,0.01,12,80,5,2.2057962612073965,2.441896253221328,4
8,0.01,12,80,6,0.7960629096662935,0.4349856851829408,4
8,0.01,12,80,7,0.27871356342604336,0.030297516162089977,3
8,0.01,12,80,8,0.10863385777345513,0.0040640805544285286,2
8,0.01,12,80,9,0.028072736969630085,0.0001865495200714662,1
8,0.01,12,80,10,0.005035104460038298,3.85979907946421e-06,1
8,0.01,12,81,1,7.31876776645071,9.426129079832384,8
8,0.01,12,81,2,5.05400868144522,6.160135379503043,7
8,0.01,12,81,3,2.7764680271606093,3.294932720201979,6
8,0.01,12,81,4,1.7509509856343755,2.0656143225503136,4
8,0.01,12,81,5,0.9019566155332956,1.0170554230502287,3
8,0.01,12,81,6,0.24277039073138518,0.09115877920839388,3
8,0.01,12,81,7,0.08813675824474743,0.006479971429437015,3
8,0.01,12,81,8,0.027189106422651932,0.0004846906774158555,3
8,0.01,12,81,9,0.004075245997087862,1.5243419344557196e-05,2
8,0.01,12,81,10,0.0011033658708008431,2.1063909585450347e-06,1
8,0.01,12,82,1,6.041926408631221,7.702727548649813,5
8,0.01,12,82,2,4.2710921339025525,5.146030996008738,5
8,0.01,12,82,3,3.2948352128904386,4.028475239509399,3
8,0.01,12,82,4,2.1029286484754355,2.4066609914403987,2
8,0.01,12,82,5,1.151856618117586,1.15199830728627,3
8,0.01,12,82,6,0.848837282507219,0.9647673233644181,2
8,0.01,12,82,7,0.16113407064671925,0.0486594304136343,2
8,0.01,12,82,8,0.09695764893877978,0.02360779840635807,2
8,0.01,12,82,9,0.03043262081892273,0.0012050137981116649,1
8,0.01,12,82,10,0.005432017119222365,9.850979647119118e-05,1
8,0.01,12,83,1,5.303906003426699,6.698008264218853,3
8,0.01,12,83,2,4.063965233962018,5.076145498333158,2
8,0.01,12,83,3,2.8025250882733372,3.2965088766991215,4
8,0.01,12,83,4,1.3852962257020023,1.450946615417017,4
8,0.01,12,83,5,0.577256302949956,0.4084985603133635,5
8,0.01,12,83,6,0.40092716143109275,0.22021879409132872,4
8,0.01,12,83,7,0.08615063358946617,0.013257571278451508,3
8,0.01,12,83,8,0.04463566673284536,0.01101952520231464,2
8,0.01,12,83,9,0.011670831248989266,0.0002840333638900461,1
8,0.01,12,83,10,0.0007341880117968103,4.824431538708041e-07,1
8,0.01,12,84,1,4.674520466090179,5.934871018139205,3
8,0.01,12,84,2,2.658273178189493,3.2046272252933026,3
8,0.01,12,84,3,1.706858216526383,2.039732668428771,4
8,0.01,12,84,4,1.0497809200009574,1.1358545691822561,3
8,0.01,12,84,5,0.8038095591661527,0.9619754425541247,5
8,0.01,12,84,6,0.11709050516844499,0.032298228664232376,5
8,0.01,12,84,7,0.037345273641456345,0.002984415373122218,3
8,0.01,12,84,8,0.01296020536737963,0.0002338789296345567,3
8,0.01,12,84,9,0.003254353052311032,2.2174254835860552e-05,1
8,0.01,12,84,10,0.001071596155918897,7.724634318861945e-07,1
8,0.01,12,85,1,6.196059429042648,7.796887803577226,5
8,0.01,12,85,2,4.8850527272306605,6.008908359636916,5
8,0.01,12,85,3,3.561766887609763,4.211193972449939,5
8,0.01,12,85,4,2.167734502411121,2.3927212836420093,4
8,0.01,12,85,5,1.2911681653816744,1.2580032058391382,5
8,0.01,12,85,6,0.971015588415999,1.0153754267787622,4
8,0.01,12,85,7,0.2475743832623829,0.07510926085732983,3
8,0.01,12,85,8,0.04487795820216167,0.0007259888993527142,3
8,0.01,12,85,9,0.01292526917668102,4.3279204479773625e-05,1
8,0.01,12,85,10,0.002838256035903264,8.144843341995056e-07,1
8,0.01,12,86,1,5.427528960715342,6.729254493627536,2
8,0.01,12,86,2,3.98656396648603,4.9201290859517695,3
8,0.01,12,86,3,2.9054018072744237,3.240068061870394,2
8,0.01,12,86,4,1.5686715559603401,1.4550567344806744,2
8,0.01,12,86,5,0.88697060155432,1.0184977016203174,3
8,0.01,12,86,6,0.8315319310422629,0.9663384637884604,3
8,0.01,12,86,7,0.27014758855322807,0.10744130197248758,2
8,0.01,12,86,8,0.06023817659723374,0.019984345430417605,3
8,0.01,12,86,9,0.02524674880985689,0.0016152991879696543,2
8,0.01,12,86,10,0.0007255020932044332,1.2032300880093771e-06,1
8,0.01,12,87,1,7.067137954175652,9.20379244263954,5
8,0.01,12,87,2,5.298556789364535,6.686571515751819,5
8,0.01,12,87,3,3.9533595809425277,4.892901368592041,5
8,0.01,12,87,4,2.006437941749982,2.3215598275339744,2
8,0.01,12,87,5,0.5588367833819836,0.38344501691549304,5
8,0.01,12,87,6,0.23116009515868452,0.07410858240929485,4
8,0.01,12,87,7,0.09937744511995295,0.0044748400432119695,4
8,0.01,12,87,8,0.03767888737018321,0.0006702456620271136,2
8,0.01,12,87,9,0.013372091872800418,3.945422471041127e-05,2
8,0.01,12,87,10,0.002966096959984732,8.939207027935936e-07,1
8,0.01,12,88,1,6.384970017621268,8.325850765941933,3
8,0.01,12,88,2,4.725839118301992,5.844495403138119,4
8,0.01,12,88,3,3.9964139393943023,4.921922028295212,3
8,0.01,12,88,4,2.7677900246548655,3.2816142534779082,3
8,0.01,12,88,5,1.1681505912878754,1.1348765688642164,2
8,0.01,12,88,6,0.30783645101590107,0.07489146589674611,2
8,0.01,12,88,7,0.18021320485552028,0.05294724477940527,3
8,0.01,12,88,8,0.11015883114887526,0.030866483154442292,2
8,0.01,12,88,9,0.009004477882410988,3.816670690959256e-05,1
8,0.01,12,88,10,0.0006943678671342823,1.1496018359480331e-07,1
8,0.01,12,89,1,6.110238862453204,7.702046153168007,4
8,0.01,12,89,2,4.5072563725672685,5.356440944224795,4
8,0.01,12,89,3,2.4869913367141754,2.684400694794858,3
8,0.01,12,89,4,1.2647435016712114,1.3778718521309106,5
8,0.01,12,89,5,0.9128870099395163,0.9874518654998425,3
8,0.01,12,89,6,0.2706234144735644,0.08735468363864207,3
8,0.01,12,89,7,0.07418191120480966,0.0030101609982029487,2
8,0.01,12,89,8,0.022161990070919124,0.00016008435125058895,3
8,0.01,12,89,9,0.005966440952223984,5.8355256520314924e-06,2
8,0.01,12,89,10,0.0012988056001050907,1.8990392547379997e-07,1
8,0.01,12,90,1,4.911830146950813,6.148690200677711,9
8,0.01,12,90,2,2.7973329059480934,3.237387046419329,8
8,0.01,12,90,3,1.3654200592548351,1.4116806778193975,6
8,0.01,12,90,4,1.1915374603360034,1.15576158208472,6
8,0.01,12,90,5,0.2841313870524891,0.08821970522517208,5
8,0.01,12,90,6,0.07078761599885919,0.0018400945034064975,5
8,0.01,12,90,7,0.02887530327719734,0.0007932115433870734,3
8,0.01,12,90,8,0.008793836753533846,0.00011915273629625744,2
8,0.01,12,90,9,0.0024538372880753556,4.39076518077286e-06,2
8,0.01,12,90,10,0.0005472514075206547,6.934757301735317e-08,1
8,0.01,12,91,1,4.671232948595045,5.905108140728705,4
8,0.01,12,91,2,2.890004931932592,3.4432996209342317,8
8,0.01,12,91,3,1.7626266497447718,2.050834071529006,2
8,0.01,12,91,4,0.9715761096131326,1.1204012832478405,6
8,0.01,12,91,5,0.7500172483564578,0.9629129719760376,4
8,0.01,12,91,6,0.7244166760776212,0.9435809865284348,4
8,0.01,12,91,7,0.07987963222646943,0.047410735925215164,3
8,0.01,12,91,8,0.03208827398112302,0.011792071480032362,2
8,0.01,12,91,9,0.009244059978052555,0.00019848567242242154,1
8,0.01,12,91,10,0.0009583840139741895,2.9648651871383436e-06,1
8,0.01,12,92,1,7.138575799771121,9.2225831100952,7
8,0.01,12,92,2,5.417761583401247,6.764801420966805,6
8,0.01,12,92,3,3.5285596030017805,4.2207515097706185,6
8,0.01,12,92,4,2.3112463243780743,2.46015776795264,6
8,0.01,12,92,5,1.2783221052213838,1.2044473331041239,5
8,0.01,12,92,6,0.4192763793750496,0.16820061903500694,4
8,0.01,12,92,7,0.09525542916165985,0.02160420937478058,4
8,0.01,12,92,8,0.03967478062548491,0.0026135203873298707,2
8,0.01,12,92,9,0.014717007067807764,0.000602893487071654,1
8,0.01,12,92,10,0.004898832024539779,0.0001599752425569534,1
8,0.01,12,93,1,5.246956437052689,6.651336830939446,4
8,0.01,12,93,2,3.9724799500370116,4.953362842737594,6
8,0.01,12,93,3,2.602663398579666,3.109326626162158,5
8,0.01,12,93,4,1.7883150625621242,2.1266966624335506,4
8,0.01,12,93,5,0.3689010735844631,0.19560570184736292,4
8,0.01,12,93,6,0.14981615482376842,0.03911880453424743,2
8,0.01,12,93,7,0.040706331284073194,0.0014268766397922406,2
8,0.01,12,93,8,0.01176320410297027,8.577038217083555e-05,2
8,0.01,12,93,9,0.003844665974548356,9.460143349571126e-06,2
8,0.01,12,93,10,0.0010062257361953542,4.018133878957997e-07,1
8,0.01,12,94,1,5.539976938701735,6.921370289299215,9
8,0.01,12,94,2,3.7237189245264917,4.4239276435523,8
8,0.01,12,94,3,2.371702131782979,3.0429714558523138,6
8,0.01,12,94,4,1.7444512648452521,1.9912949579273747,2
8,0.01,12,94,5,1.6184042175747573,1.9502647778185054,2
8,0.01,12,94,6,0.8506287230982013,0.9642187815972676,2
8,0.01,12,94,7,0.7537691664657329,0.9365534941205258,2
8,0.01,12,94,8,0.08724832712012631,0.008637282392355061,2
8,0.01,12,94,9,0.016154434686206365,0.0006722895174515742,2
8,0.01,12,94,10,0.0022215610285032383,1.9707830940518534e-06,1
8,0.01,12,95,1,4.9564594525764445,6.42458073791958,2
8,0.01,12,95,2,3.2529993860384963,4.094572930415097,8
8,0.01,12,95,3,1.728674539070136,2.0898533623294817,3
8,0.01,12,95,4,0.5077888892276814,0.36152673609142827,6
8,0.01,12,95,5,0.335186817602505,0.19606765265667114,3
8,0.01,12,95,6,0.13885865444905754,0.03204130083250334,3
8,0.01,12,95,7,0.05537127742420722,0.0037089970770711744,3
8,0.01,12,95,8,0.013691660767202407,0.00013254973921839053,3
8,0.01,12,95,9,0.002820118531429827,5.716208022477076e-06,2
8,0.01,12,95,10,0.0007241372029351822,5.346662472760499e-07,1
8,0.01,12,96,1,7.411845523359017,9.592320026202305,3
8,0.01,12,96,2,5.11654364310282,6.249525060535845,3
8,0.01,12,96,3,3.7175702423065333,4.389972783254297,3
8,0.01,12,96,4,2.146322747105267,2.1680159646899684,2
8,0.01,12,96,5,0.9204510676684601,1.0326176678401566,3
8,0.01,12,96,6,0.8505811515990347,0.9952784628897113,3
8,0.01,12,96,7,0.25153605814667035,0.12330685378105422,3
8,0.01,12,96,8,0.04678211102974661,0.0017439626006510167,3
8,0.01,12,96,9,0.010474289176319651,3.2596893966285734e-05,1
8,0.01,12,96,10,0.002056999668838877,5.468561568022778e-07,1
8,0.01,12,97,1,6.801851881686366,8.614197513245962,3
8,0.01,12,97,2,4.6895056209553,5.418674545206898,2
8,0.01,12,97,3,3.460384329624068,4.1625641657497905,4
8,0.01,12,97,4,2.694966287851427,3.2134088285962807,3
8,0.01,12,97,5,1.3549646026085505,1.270119222601652,3
8,0.01,12,97,6,1.0684184440823685,1.0588546770336844,3
8,0.01,12,97,7,0.3744682161849777,0.09809705079308273,2
8,0.01,12,97,8,0.09956655850569973,0.0034659495433793097,2
8,0.01,12,97,9,0.03674412658159909,0.0007703542890453718,2
8,0.01,12,97,10,0.004264346452929502,4.090447173865641e-06,1
8,0.01,12,98,1,5.053565103656471,6.518054833876906,4
8,0.01,12,98,2,3.9657122870020185,4.963481320528647,4
8,0.01,12,98,3,2.545346855943764,3.0777127674599125,4
8,0.01,12,98,4,1.1758021726331211,1.278312988168432,4
8,0.01,12,98,5,0.5433073025488913,0.31330928555282167,3
8,0.01,12,98,6,0.13646348607215053,0.02428976341489708,3
8,0.01,12,98,7,0.03215294956225101,0.0005532539667969516,2
8,0.01,12,98,8,0.012810354333653962,0.00022640776186833023,1
8,0.01,12,98,9,0.002697317710923741,6.04817586769002e-06,1
8,0.01,12,98,10,0.0006406268796350645,4.0102762355331834e-07,1
8,0.01,12,99,1,4.398878013507876,5.6105919768411,5
8,0.01,12,99,2,3.1803803103490376,4.004865242366222,3
8,0.01,12,99,3,1.882745051742817,2.2541352537410475,3
8,0.01,12,99,4,0.4530696052648251,0.24910405687093107,6
8,0.01,12,99,5,0.13701605265927075,0.04407119121843284,3
8,0.01,12,99,6,0.04673606093345217,0.006011352401616321,3
8,0.01,12,99,7,0.018149741402642583,0.0010684429236782478,3
8,0.01,12,99,8,0.00472300535493364,4.320289813009026e-05,3
8,0.01,12,99,9,0.0007651171644065258,8.472491082045508e-07,2
8,0.01,12,99,10,0.00010494341735434176,1.876382604848459e-08,1
8,0.01,12,100,1,5.2447826297754725,6.670322309121314,9
8,0.01,12,100,2,3.9613529018409954,4.9556565742560625,7
8,0.01,12,100,3,2.5408402237885435,3.1116229798945128,6
8,0.01,12,100,4,1.658469153483268,1.977488295800109,2
8,0.01,12,100,5,0.41310980310798495,0.23763953108875668,4
8,0.01,12,100,6,0.16939240377646758,0.04537506419202053,3
8,0.01,12,100,7,0.05315719110091077,0.011522234707387113,2
8,0.01,12,100,8,0.011649025954999281,0.00017699115925928766,2
8,0.01,12,100,9,0.0037022569157896257,7.848400375820574e-06,2
8,0.01,12,100,10,0.0006510851196006584,1.827254934028133e-07,1
8,0.01,12,101,1,5.327986889740094,6.688677339033497,5
8,0.01,12,101,2,3.6230445400221214,4.751461915929436,3
8,0.01,12,101,3,1.9578553588779055,2.3089673966086686,2
8,0.01,12,101,4,0.9811842193561091,1.1223992140579142,5
8,0.01,12,101,5,0.2497378149539351,0.1464163780196195,5
8,0.01,12,101,6,0.08223250778210733,0.004349860567204544,1
8,0.01,12,101,7,0.011894391093743906,0.00043719157824639865,3
8,0.01,12,101,8,0.002968007217670987,8.415564590080749e-06,1
8,0.01,12,101,9,0.0012021633638834572,1.2770684438834223e-06,1
8,0.01,12,101,10,0.0002544952397336431,9.350303997734954e-08,1
8,0.01,12,102,1,6.541721957411795,8.489825555301485,3
8,0.01,12,102,2,4.952796579932599,6.052678721354454,2
8,0.01,12,102,3,3.185506267148952,3.8931599392799114,4
8,0.01,12,102,4,2.394409432751317,2.9526710900956417,4
8,0.01,12,102,5,1.6905823590301736,2.001218312389181,3
8,0.01,12,102,6,0.4753100183857395,0.18940702262630715,2
8,0.01,12,102,7,0.08496131947235597,0.005001285780613429,1
8,0.01,12,102,8,0.02007002003547953,0.00040266302364777573,2
8,0.01,12,102,9,0.0071371245090077196,1.8264180775773298e-05,2
8,0.01,12,102,10,0.001588631322166023,1.2516939538187444e-06,1
8,0.01,12,103,1,5.722930418684769,7.098755946801488,6
8,0.01,12,103,2,4.178660165563229,5.165775948876288,6
8,0.01,12,103,3,3.450171915299019,4.237141315280924,6
8,0.01,12,103,4,1.8416328655440237,1.8725737593606837,6
8,0.01,12,103,5,0.8049238061228037,0.9720800273342434,1
8,0.01,12,103,6,0.21431033800137644,0.100732685792563,3
8,0.01,12,103,7,0.10657582986594516,0.017067744495534498,3
8,0.01,12,103,8,0.03941418024117649,0.0018333303512072519,1
8,0.01,12,103,9,0.018784088205026528,0.00028177306773535804,1
8,0.01,12,103,10,0.0026278239964119265,4.259762331315642e-06,1
8,0.01,12,104,1,4.523160563549735,5.687581935746763,6
8,0.01,12,104,2,2.935137420847865,3.388242624663228,8
8,0.01,12,104,3,2.1495854091947555,2.432520969124198,7
8,0.01,12,104,4,1.3362612357676733,1.3432945155879539,6
8,0.01,12,104,5,0.2160647809857119,0.08458322855356393,5
8,0.01,12,104,6,0.03226050152333304,0.003562118123277891,4
8,0.01,12,104,7,0.005311680928453022,0.00032016992373939956,3
8,0.01,12,104,8,0.001562390307564776,1.836775419938874e-05,2
8,0.01,12,104,9,0.000438864016513385,1.2841784347017438e-06,1
8,0.01,12,104,10,3.124940340537563e-05,3.2945948191809293e-09,1
8,0.01,12,105,1,4.823777886690177,5.957887766241406,6
8,0.01,12,105,2,3.3021215252539697,4.054443941916331,7
8,0.01,12,105,3,2.2368273968752153,2.4546162306277495,6
8,0.01,12,105,4,1.5051131101885566,1.4360978687438442,6
8,0.01,12,105,5,0.3628310433660733,0.09291877478093014,6
8,0.01,12,105,6,0.1289047298774424,0.015117651631260998,4
8,0.01,12,105,7,0.04803576363420703,0.0013945520160554281,4
8,0.01,12,105,8,0.013687322748696218,0.00013636005398964812,3
8,0.01,12,105,9,0.003672981251552798,8.758752819915117e-06,2
8,0.01,12,105,10,0.000855574385221658,4.1858670130068276e-07,1
8,0.01,12,106,1,5.4502720658775425,6.72851546960192,2
8,0.01,12,106,2,3.8680461119282734,4.826354895126226,3
8,0.01,12,106,3,1.9826935088842257,2.293836882421612,2
8,0.01,12,106,4,0.9553425913650235,1.0247103592516682,5
8,0.01,12,106,5,0.2437405137913311,0.0703855565484357,5
8,0.01,12,106,6,0.10295175870026174,0.032916423437065134,2
8,0.01,12,106,7,0.031197773472663393,0.0009845809870423494,3
8,0.01,12,106,8,0.012423806266208537,0.0001585703665973881,2
8,0.01,12,106,9,0.002949337936287044,5.951342160415152e-06,1
8,0.01,12,106,10,0.0003834214110307599,1.5348859427888328e-07,1
8,0.01,12,107,1,5.603597119045395,7.009387692813668,3
8,0.01,12,107,2,4.264822950325579,5.177240743104235,2
8,0.01,12,107,3,2.4630272032941978,2.6650093161587822,3
8,0.01,12,107,4,1.559157680008573,1.4551491013492504,2
8,0.01,12,107,5,1.0346987595253463,1.0988520713885999,2
8,0.01,12,107,6,0.4597875397790858,0.26056079574271784,2
8,0.01,12,107,7,0.07856215297665514,0.004017595818718078,2
8,0.01,12,107,8,0.01985845432262856,0.00045393903674906255,2
8,0.01,12,107,9,0.006976925273804113,2.4674478572350722e-05,2
8,0.01,12,107,10,0.0008028498291672292,1.7032134635996954e-07,1
8,0.01,12,108,1,5.962820979395228,7.587180280528925,4
8,0.01,12,108,2,4.758775056952959,5.899589552309241,4
8,0.01,12,108,3,3.247572439013001,3.9993854785415355,3
8,0.01,12,108,4,1.2173878192227,1.320270003306442,2
8,0.01,12,108,5,0.35532833387990603,0.17555373421924614,3
8,0.01,12,108,6,0.19582670408355707,0.08529368717974961,4
8,0.01,12,108,7,0.0460607796909942,0.002170922309655765,3
8,0.01,12,108,8,0.008887384882735994,9.283690390660126e-05,2
8,0.01,12,108,9,0.0030451003399738497,4.070247225484991e-06,1
8,0.01,12,108,10,0.0003032995764540303,8.88266864507159e-08,1
8,0.01,12,109,1,6.825592021363012,8.65075818766968,4
8,0.01,12,109,2,5.357447051570056,6.742467642033061,4
8,0.01,12,109,3,3.547305750887614,4.241306428674301,3
8,0.01,12,109,4,1.629092163079993,1.663054784169585,3
8,0.01,12,109,5,0.5280364715085026,0.38935757592064135,4
8,0.01,12,109,6,0.21973943177733002,0.05445439451945333,3
8,0.01,12,109,7,0.08343993075225509,0.0027980450667799417,2
8,0.01,12,109,8,0.009279150036895167,5.517698530077553e-05,2
8,0.01,12,109,9,0.0020681056486262506,1.3300864873500018e-05,2
8,0.01,12,109,10,0.0001971953476891386,7.751170016945252e-08,1
8,0.01,12,110,1,6.586004582825342,8.50264594785131,7
8,0.01,12,110,2,5.419985416932454,6.8021713533030095,6
8,0.01,12,110,3,3.567383899692479,4.262610781685842,6
8,0.01,12,110,4,2.081091259678547,2.328026433946116,4
8,0.01,12,110,5,0.6022660304102141,0.3458213794429401,4
8,0.01,12,110,6,0.32105719934284505,0.14631828820513526,2
8,0.01,12,110,7,0.09708829902043004,0.007581080177523347,2
8,0.01,12,110,8,0.03649973761639291,0.00027596739140633986,2
8,0.01,12,110,9,0.009104805692444096,2.446037243863941e-05,2
8,0.01,12,110,10,0.0015159630893633036,2.443960589459948e-07,1
8,0.01,12,111,1,6.075478067586469,7.813672917502824,4
8,0.01,12,111,2,4.7093302896594595,5.999217756336762,4
8,0.01,12,111,3,3.1868313709047493,3.9487324103962314,4
8,0.01,12,111,4,1.5678631090200907,1.9361632041340897,4
8,0.01,12,111,5,0.835147322882853,1.0054926960642998,4
8,0.01,12,111,6,0.09568797137572904,0.008103119028435302,3
8,0.01,12,111,7,0.038297321774996895,0.0014086547834004648,2
8,0.01,12,111,8,0.010201293618981033,9.42677929192115e-05,1
8,0.01,12,111,9,0.0023510766011307638,4.046288513137597e-06,2
8,0.01,12,111,10,0.0006406517736836648,2.1849796283390788e-07,1
8,0.01,12,112,1,5.776502401224543,7.484103926772104,6
8,0.01,12,112,2,4.589344969022872,5.859523550986836,7
8,0.01,12,112,3,3.224817320146916,4.044611880838534,6
8,0.01,12,112,4,2.4409411785325483,2.9937724561291823,5
8,0.01,12,112,5,1.368920211923247,1.3851474051239272,4
8,0.01,12,112,6,0.958968769244529,1.0435487707401894,3
8,0.01,12,112,7,0.32849382755156586,0.23245240400101963,2
8,0.01,12,112,8,0.02753084042824394,0.0005542757063974335,3
8,0.01,12,112,9,0.005824898233597331,2.2003267739378884e-05,2
8,0.01,12,112,10,0.0005039644752722339,2.0458777783005644e-07,1
8,0.01,12,113,1,5.650174324607032,6.975409688941383,9
8,0.01,12,113,2,3.873618936443285,4.851042583257364,3
8,0.01,12,113,3,2.5198690660544196,3.0308156466662552,6
8,0.01,12,113,4,2.0104626509154615,2.1735129335135337,6
8,0.01,12,113,5,0.6807170469159027,0.4186840272794754,5
8,0.01,12,113,6,0.1899950089702953,0.04480347706394028,3
8,0.01,12,113,7,0.13131536322452586,0.0122855371744226,3
8,0.01,12,113,8,0.03635942075249421,0.0006731247689231168,2
8,0.01,12,113,9,0.010032741258052091,5.01419932454894e-05,1
8,0.01,12,113,10,0.0022386585416507288,8.079484015155458e-07,1
8,0.01,12,114,1,5.3550705251159405,6.776849931950075,4
8,0.01,12,114,2,3.9738444251096654,4.942590084175077,4
8,0.01,12,114,3,2.6920570776088733,3.2161013083125525,4
8,0.01,12,114,4,1.230524458886392,1.2729294630790973,3
8,0.01,12,114,5,0.4302918043408672,0.27690148367953604,4
8,0.01,12,114,6,0.16409848334186794,0.03676157425448423,4
8,0.01,12,114,7,0.055550376183941985,0.002003758542015177,2
8,0.01,12,114,8,0.015068491703094544,0.00011946253506422977,1
8,0.01,12,114,9,0.004149080952722706,4.75726748483396e-06,1
8,0.01,12,114,10,0.0005709251012975258,4.475006143422888e-08,1
8,0.01,12,115,1,5.358667572961904,6.680913558664477,8
8,0.01,12,115,2,3.65593599459096,4.265549769998522,8
8,0.01,12,115,3,2.3569063794043803,2.9131705646396213,6
8,0.01,12,115,4,1.4120356314378757,1.458765252715093,5
8,0.01,12,115,5,1.04645372545672,1.0968995730689297,4
8,0.01,12,115,6,0.9318970575974301,1.0029038637381635,4
8,0.01,12,115,7,0.10743548019235583,0.017079765185593843,3
8,0.01,12,115,8,0.030896154207278315,0.00048267225588283225,2
8,0.01,12,115,9,0.006181696157796068,2.4821053274948213e-05,1
8,0.01,12,115,10,0.00058199102138623,5.495687886991618e-07,1
8,0.01,12,116,1,7.588640159937181,9.84684659401495,7
8,0.01,12,116,2,5.680437177475624,7.142134511325487,6
8,0.01,12,116,3,3.946829338535461,4.576269243862763,7
8,0.01,12,116,4,2.0386263560739044,1.8715571611732997,6
8,0.01,12,116,5,0.9928252707757599,1.119654815912014,3
8,0.01,12,116,6,0.26863967459053395,0.06453765406013456,5
8,0.01,12,116,7,0.14396647621487002,0.04075690098505458,4
8,0.01,12,116,8,0.048394427772204374,0.0017748853178645163,3
8,0.01,12,116,9,0.012967794680711187,6.18194179224929e-05,2
8,0.01,12,116,10,0.0038300472059722424,7.167806913344066e-06,1
8,0.01,12,117,1,6.184224934788735,7.868556039596331,3
8,0.01,12,117,2,4.980304080715066,6.183149072194524,3
8,0.01,12,117,3,3.0174098681740285,3.4662497124048883,2
8,0.01,12,117,4,1.5124435737695565,1.5235976784160776,3
8,0.01,12,117,5,0.7040151881829546,0.5483147155772983,3
8,0.01,12,117,6,0.3336901653121265,0.14144578399087493,2
8,0.01,12,117,7,0.11529597666549574,0.03277448564015373,2
8,0.01,12,117,8,0.02588297930146144,0.0009552986507870287,2
8,0.01,12,117,9,0.006185116016141912,2.1909005141651505e-05,2
8,0.01,12,117,10,0.001202621867059328,2.6724243440412465e-07,1
8,0.01,12,118,1,6.079397245642759,7.620166608527001,5
8,0.01,12,118,2,4.129081667695487,5.060846395004608,3
8,0.01,12,118,3,3.1980713998834487,4.009215573901164,6
8,0.01,12,118,4,1.8748358210752185,2.1918431194152745,5
8,0.01,12,118,5,1.130153742693401,1.1054100793887383,5
8,0.01,12,118,6,0.8651561699178876,0.98074607434563,4
8,0.01,12,118,7,0.10609542518175008,0.013531717727828685,4
8,0.01,12,118,8,0.03868466483239441,0.00149314428565539,2
8,0.01,12,118,9,0.01780362567444893,0.00033920852130009393,1
8,0.01,12,118,10,0.00282859419517667,3.466781961947163e-06,1
8,0.01,12,119,1,6.970449160810362,8.833544006671172,7
8,0.01,12,119,2,5.469855686579433,6.947642336367302,7
8,0.01,12,119,3,4.069764287497841,5.0064763231821985,4
8,0.01,12,119,4,2.7049864996300466,3.202598646032481,3
8,0.01,12,119,5,1.3735906497977597,1.316316515169616,3
8,0.01,12,119,6,0.813966900716026,0.962804330466204,1
8,0.01,12,119,7,0.13171337715173603,0.043421123701261166,1
8,0.01,12,119,8,0.04981278547428847,0.0038118850712418606,1
8,0.01,12,119,9,0.02003260097865489,0.0007548318288481681,1
8,0.01,12,119,10,0.007776759359452434,0.00010151067301933381,1
8,0.01,12,120,1,6.15284034908171,7.698983958118605,3
8,0.01,12,120,2,3.807767745549145,4.863302714164384,4
8,0.01,12,120,3,2.496898015880997,3.092901889439638,3
8,0.01,12,120,4,1.3214693550232495,1.4222680195869408,4
8,0.01,12,120,5,1.0513827663355633,1.1003646996697167,3
8,0.01,12,120,6,0.17995182446073255,0.034875245274541555,2
8,0.01,12,120,7,0.09214669252803542,0.0059012838131238254,3
8,0.01,12,120,8,0.017351080930988694,0.00019343269929983364,2
8,0.01,12,120,9,0.002624420202397282,8.691524621795566e-06,1
8,0.01,12,120,10,0.0002486943841573108,6.164888510795663e-08,1
8,0.01,12,121,1,5.855111195821265,7.542084595718883,8
8,0.01,12,121,2,4.3091862914443135,5.22208799516053,8
8,0.01,12,121,3,2.561215918904634,3.105869726193184,6
8,0.01,12,121,4,1.0513183931497503,1.1563333530453868,3
8,0.01,12,121,5,0.347813311445365,0.12999779047822457,2
8,0.01,12,121,6,0.1735937594164385,0.04648228046764302,2
8,0.01,12,121,7,0.06531929899761568,0.004197566478266523,2
8,0.01,12,121,8,0.02777052779547251,0.0003722926913134472,2
8,0.01,12,121,9,0.0070638438482157895,1.0976671683593509e-05,1
8,0.01,12,121,10,0.0015977719052893136,2.817028370571961e-07,1
8,0.01,12,122,1,6.515235310937841,8.396473576797023,8
8,0.01,12,122,2,4.818617211348725,5.941218081719686,8
8,0.01,12,122,3,3.1121840346059866,3.8375294351360196,5
8,0.01,12,122,4,1.729424478997517,2.0026875014680305,5
8,0.01,12,122,5,1.0521669553082074,1.190760392536431,3
8,0.01,12,122,6,0.9215047150642732,1.0225887014883543,2
8,0.01,12,122,7,0.13250637083896066,0.01796416042108362,1
8,0.01,12,122,8,0.07038669346459336,0.0121368915459108,2
8,0.01,12,122,9,0.014359243541887778,0.00020692111927012036,1
8,0.01,12,122,10,0.0022909816988967435,1.4664181975376778e-06,1
8,0.01,12,123,1,6.296317873278723,7.87107379715302,5
8,0.01,12,123,2,4.222548681805768,5.116479998663747,5
8,0.01,12,123,3,2.8351697181328097,3.348599268791979,3
8,0.01,12,123,4,1.5393179760242424,1.5640482458368048,2
8,0.01,12,123,5,0.504486389362369,0.24738381901073225,2
8,0.01,12,123,6,0.19357558487548676,0.0178511096931242,1
8,0.01,12,123,7,0.026444739791142702,0.00041119716232085324,1
8,0.01,12,123,8,0.011488594711562605,0.00011486995365572739,3
8,0.01,12,123,9,0.00548058226800574,1.757433411420095e-05,2
8,0.01,12,123,10,0.0019367883455450041,9.166736063548342e-07,1
8,0.01,12,124,1,4.705164506386501,5.915610628866826,8
8,0.01,12,124,2,3.248036036248088,4.04124040327298,3
8,0.01,12,124,3,1.9786770940416218,2.2912532043908467,3
8,0.01,12,124,4,1.0620747038805671,1.090351248822314,3
8,0.01,12,124,5,0.3275090012921549,0.15188355752169436,3
8,0.01,12,124,6,0.1339383832207819,0.0256519223506686,3
8,0.01,12,124,7,0.03736744641124723,0.0007213315415892652,3
8,0.01,12,124,8,0.00987752292714461,4.9858696858251506e-05,1
8,0.01,12,124,9,0.0024003407065489313,1.2809292009308137e-06,1
8,0.01,12,124,10,0.0006650109659904757,1.3620004857273216e-07,1
8,0.01,12,125,1,7.20048445732374,9.344737884011758,8
8,0.01,12,125,2,5.502115807248772,6.8951255075176086,7
8,0.01,12,125,3,4.005632730559456,4.951956261563012,5
8,0.01,12,125,4,2.8266242389649756,3.258790436606585,5
8,0.01,12,125,5,1.4858530839722546,1.48790679982943,4
8,0.01,12,125,6,1.0902913685346087,1.0627383156379349,3
8,0.01,12,125,7,0.1360034240939454,0.017592375508758806,3
8,0.01,12,125,8,0.04520076632320791,0.0008344563205753275,3
8,0.01,12,125,9,0.008484148427473137,6.344655134071786e-05,1
8,0.01,12,125,10,0.002338600300739735,1.8487614710238631e-06,1
8,0.01,12,126,1,6.076713516313397,7.657358578142762,5
8,0.01,12,126,2,4.547679697150025,5.699229937938792,6
8,0.01,12,126,3,3.4340413913293464,4.1144768443235655,5
8,0.01,12,126,4,1.593109700984133,1.9530712152708398,6
8,0.01,12,126,5,1.0415382396435593,1.101938166263146,3
8,0.01,12,126,6,0.1577300974848974,0.02492431333165257,2
8,0.01,12,126,7,0.06334854772566167,0.003462311970237053,1
8,0.01,12,126,8,0.015009582238777242,0.00021608957906416038,1
8,0.01,12,126,9,0.004320889489747515,4.079575104753985e-05,1
8,0.01,12,126,10,0.0009689219195205823,9.62551778727061e-07,1
8,0.01,12,127,1,6.663354808696654,8.509251983037087,8
8,0.01,12,127,2,5.275497803030441,6.728497650142433,7
8,0.01,12,127,3,3.9711597677304775,4.932328143078433,6
8,0.01,12,127,4,2.0911173312320352,2.365812903694316,4
8,0.01,12,127,5,1.4030873437280649,1.4544168981785521,4
8,0.01,12,127,6,0.39167272536923736,0.09294842561360461,4
8,0.01,12,127,7,0.19438474096422542,0.03354601052883588,2
8,0.01,12,127,8,0.05405839704173854,0.0012322989440516352,2
8,0.01,12,127,9,0.012240553584480729,0.00023733397319070093,1
8,0.01,12,127,10,0.0019657783467730283,2.99663786229587e-06,1
8,0.01,12,128,1,6.376353414355275,8.063209360022906,8
8,0.01,12,128,2,4.594959723551881,5.7661398436942655,4
8,0.01,12,128,3,3.162060903194501,3.9264850067574226,4
8,0.01,12,128,4,2.5728988465876306,3.0856742660222807,4
8,0.01,12,128,5,1.5269647808798652,1.6040569454941327,4
8,0.01,12,128,6,0.5766175412630581,0.27078895384100576,4
8,0.01,12,128,7,0.16192045053402282,0.015971684675310627,4
8,0.01,12,128,8,0.05863232240888827,0.002501480892540542,2
8,0.01,12,128,9,0.016423663515880094,0.00012857716619585347,2
8,0.01,12,128,10,0.003914986644746321,1.7449133125069238e-06,1
8,0.01,12,129,1,6.1385527669236835,7.717632434892662,4
8,0.01,12,129,2,4.626111493126184,5.807537089972968,4
8,0.01,12,129,3,3.23937938730933,3.928519364305453,4
8,0.01,12,129,4,1.8344277155329989,2.0744803465193637,4
8,0.01,12,129,5,1.002346703928235,1.038361294407057,4
8,0.01,12,129,6,0.22467721341580837,0.039535310005705426,2
8,0.01,12,129,7,0.08140508869330265,0.0029368681489057025,2
8,0.01,12,129,8,0.028301093398128252,0.00018092167725569652,2
8,0.01,12,129,9,0.008445561393130241,8.015618069734387e-06,2
8,0.01,12,129,10,0.0022936589848017164,2.7666382429458736e-07,1
8,0.01,12,130,1,6.144811226004318,7.852759045928103,3
8,0.01,12,130,2,4.503288952484983,5.768978791870156,4
8,0.01,12,130,3,3.391599309777714,4.125519702761089,3
8,0.01,12,130,4,1.5055366651660584,1.9416046993797496,4
8,0.01,12,130,5,1.0399588799544865,1.0100148165469687,1
8,0.01,12,130,6,0.18122489072387893,0.008576486099971525,1
8,0.01,12,130,7,0.07133169957244867,0.006235421380464956,3
8,0.01,12,130,8,0.0209416635719073,0.0004270576110965152,2
8,0.01,12,130,9,0.00843853415019602,2.4631246473560964e-05,1
8,0.01,12,130,10,0.0009761005500443787,2.779639398653444e-07,1
8,0.01,12,131,1,6.070443154757381,7.716387498831475,6
8,0.01,12,131,2,4.128221745790352,5.1063389582172185,6
8,0.01,12,131,3,2.7957688684898834,3.2813229660025414,3
8,0.01,12,131,4,1.993945283964452,2.21294642532321,3
8,0.01,12,131,5,1.0082895651202186,1.0778907857931852,1
8,0.01,12,131,6,0.3481952175079499,0.196418801408762,1
8,0.01,12,131,7,0.07512795800863614,0.0020485618390608806,2
8,0.01,12,131,8,0.030439943604463338,0.00014404130905631973,3
8,0.01,12,131,9,0.011856138749713807,1.555438001155096e-05,2
8,0.01,12,131,10,0.0047370109969548935,3.347915919604816e-06,1
8,0.01,12,132,1,6.463094542463149,8.056199786684044,3
8,0.01,12,132,2,4.969404733063565,6.142161976922322,3
8,0.01,12,132,3,3.8455490636501635,4.5160827510858645,3
8,0.01,12,132,4,1.9522365546807103,2.2075090913563873,4
8,0.01,12,132,5,0.8673380290248867,0.644610994563001,3
8,0.01,12,132,6,0.32072287227106333,0.09295734377638531,3
8,0.01,12,132,7,0.08771753142062,0.003065684620931819,2
8,0.01,12,132,8,0.024798596341603307,0.0002011788765354794,1
8,0.01,12,132,9,0.005642447403324091,8.3224465523557e-06,2
8,0.01,12,132,10,0.0014163036141665586,3.2177721287496297e-07,1
8,0.01,12,133,1,5.645134105358422,7.152696806037602,8
8,0.01,12,133,2,4.019459749828115,4.983606148886622,3
8,0.01,12,133,3,2.7324798541302675,3.206912109245625,3
8,0.01,12,133,4,1.3335805861434222,1.2810409880310312,2
8,0.01,12,133,5,0.8212044263510156,0.9713321746958474,6
8,0.01,12,133,6,0.24223140272747923,0.07427776411652331,3
8,0.01,12,133,7,0.10003618368897893,0.005555697069521415,2
8,0.01,12,133,8,0.042537410391672914,0.0008839785260050803,2
8,0.01,12,133,9,0.012717077135238064,0.00018661066827441175,2
8,0.01,12,133,10,0.0011498504304627843,1.2587443176670376e-06,1
8,0.01,12,134,1,5.870430150112636,7.5201486973373335,7
8,0.01,12,134,2,4.182386849688765,5.071247207495684,6
8,0.01,12,134,3,2.6978869921499147,3.2333908322273146,7
8,0.01,12,134,4,1.0098436917260436,0.7844893423856618,6
8,0.01,12,134,5,0.3590381926914059,0.12143453388824632,5
8,0.01,12,134,6,0.16015788595993286,0.04947556865113789,2
8,0.01,12,134,7,0.05660017181383736,0.002370086765946411,3
8,0.01,12,134,8,0.03945010532097726,0.0013872292693335453,2
8,0.01,12,134,9,0.005972294393142619,2.4500363748458653e-05,2
8,0.01,12,134,10,0.0005306405097549316,1.9363708503306043e-07,1
8,0.01,12,135,1,6.138268039462815,7.721410539829801,3
8,0.01,12,135,2,4.286850524399323,5.171927573917358,3
8,0.01,12,135,3,2.8254082054232406,3.3517211452754765,5
8,0.01,12,135,4,2.2394641200358016,2.5144892962905665,4
8,0.01,12,135,5,0.8889133100309117,0.7121705198671879,3
8,0.01,12,135,6,0.5023665969328572,0.22786263032568677,3
8,0.01,12,135,7,0.14466135755761123,0.0074376733934311545,3
8,0.01,12,135,8,0.024959143148929996,0.00020257864180273089,2
8,0.01,12,135,9,0.00555841682075453,1.1192127599812807e-05,1
8,0.01,12,135,10,0.0006231561213709824,9.161645131428031e-08,1
8,0.01,12,136,1,6.348945955354452,8.380757415722488,6
8,0.01,12,136,2,5.301044830924983,6.727520248085781,7
8,0.01,12,136,3,3.4469931795212823,4.213989345313223,6
8,0.01,12,136,4,1.8000746804119245,2.1763786651067285,3
8,0.01,12,136,5,0.9677638333569529,0.9977686558670289,5
8,0.01,12,136,6,0.3086681415535608,0.07679716712818063,3
8,0.01,12,136,7,0.08952090664724288,0.014228064671685914,2
8,0.01,12,136,8,0.019726089290479365,0.0002243115001352436,2
8,0.01,12,136,9,0.004092122610328985,1.8525980527428487e-05,1
8,0.01,12,136,10,0.00046166230748312387,1.9744237356178473e-07,1
8,0.01,12,137,1,6.285013881471759,7.944506306690384,8
8,0.01,12,137,2,5.1845361080050445,6.370845504970349,7
8,0.01,12,137,3,3.709559161060195,4.28694398491358,6
8,0.01,12,137,4,2.2470004812023667,2.3796513536359862,5
8,0.01,12,137,5,1.434065657924421,1.3937751430551888,4
8,0.01,12,137,6,0.4799577479542485,0.21011941229221875,4
8,0.01,12,137,7,0.10420659310858582,0.0026617879280799173,4
8,0.01,12,137,8,0.026914200951942746,0.0003311001771617583,2
8,0.01,12,137,9,0.010825491744775206,3.259164362034994e-05,1
8,0.01,12,137,10,0.002600964113959492,8.315722670459991e-07,1
8,0.01,12,138,1,6.105477628871265,7.657002912236798,3
8,0.01,12,138,2,3.9035430035997667,4.828506399228008,3
8,0.01,12,138,3,2.4012894206972604,2.9227426943656862,3
8,0.01,12,138,4,1.154730706743333,1.138904209545057,2
8,0.01,12,138,5,0.23736592102298548,0.05020209560735722,1
8,0.01,12,138,6,0.016327454005553577,0.0029097323819797793,3
8,0.01,12,138,7,0.008849419526679725,0.001103489607558572,3
8,0.01,12,138,8,0.003143669552013506,3.653340624332202e-05,2
8,0.01,12,138,9,0.0010682257491421154,4.055141920034089e-06,1
8,0.01,12,138,10,0.00011654989746467947,5.748430709218155e-08,1
8,0.01,12,139,1,6.6282015144525595,8.486909225460144,3
8,0.01,12,139,2,5.508224830817731,6.869705677901543,3
8,0.01,12,139,3,4.054890595700137,4.9677692903347666,3
8,0.01,12,139,4,2.7036010405701347,3.1877738540104588,3
8,0.01,12,139,5,1.462363279423382,1.3672060360578406,3
8,0.01,12,139,6,0.5116052682218353,0.1917764831994777,2
8,0.01,12,139,7,0.12759791720781521,0.006874989348084171,2
8,0.01,12,139,8,0.039078799505894324,0.0004330075192484628,3
8,0.01,12,139,9,0.012883227610975823,2.465899352976919e-05,2
8,0.01,12,139,10,0.0029402287500897017,8.188232101247195e-07,1
8,0.01,12,140,1,4.858749145402796,6.077079741049561,5
8,0.01,12,140,2,3.630028752212552,4.36442871956895,4
8,0.01,12,140,3,2.311481170582229,2.5558664822208357,4
8,0.01,12,140,4,1.4360311920080688,1.3853616295287798,3
8,0.01,12,140,5,0.53531518118647,0.2689157554326602,2
8,0.01,12,140,6,0.217672770445275,0.02667331208604118,2
8,0.01,12,140,7,0.08379829128639837,0.0031551743525533027,2
8,0.01,12,140,8,0.018784453686282454,0.00016387054492383868,3
8,0.01,12,140,9,0.009108014208568882,4.1717327416535e-05,2
8,0.01,12,140,10,0.0018379734045437246,1.4958494070071993e-06,1
8,0.01,12,141,1,6.097948201503172,7.72590748243287,8
8,0.01,12,141,2,4.23431193452244,5.1735982413806845,7
8,0.01,12,141,3,2.292789513917297,2.5437226893266605,7
8,0.01,12,141,4,1.0423331919098562,1.1457109455831773,4
8,0.01,12,141,5,0.45689817595314963,0.25851171790658967,4
8,0.01,12,141,6,0.14465381702119906,0.01810247265571796,4
8,0.01,12,141,7,0.026741952665013002,0.0005354352362481052,3
8,0.01,12,141,8,0.008471104285154851,3.270189922766065e-05,2
8,0.01,12,141,9,0.0031457301098303247,4.4465662139003825e-06,1
8,0.01,12,141,10,0.0007060653978285814,1.1340510397417347e-07,1
8,0.01,12,142,1,6.025134143300754,7.70517162548505,6
8,0.01,12,142,2,4.709470593580509,5.914097919593049,5
8,0.01,12,142,3,3.381365214260395,4.145997194467181,4
8,0.01,12,142,4,2.0895528508914385,2.301603719205148,3
8,0.01,12,142,5,1.0394200319520763,1.060456300432918,2
8,0.01,12,142,6,0.3007623800648318,0.07883776054204716,1
8,0.01,12,142,7,0.07752856969833033,0.004084109582477069,3
8,0.01,12,142,8,0.02498742296902634,0.00020616320916921893,3
8,0.01,12,142,9,0.007735383465359291,1.1728931285759359e-05,1
8,0.01,12,142,10,0.0022005214552827113,3.541451931710071e-07,1
8,0.01,12,143,1,4.850418936485672,6.04386623198738,2
8,0.01,12,143,2,3.654553594483793,4.375600636092216,2
8,0.01,12,143,3,2.299271227713727,2.5755827205676933,2
8,0.01,12,143,4,0.8188581371439456,0.5370962608419285,2
8,0.01,12,143,5,0.23359801813595293,0.03874695886063151,1
8,0.01,12,143,6,0.06432915733264633,0.0035424875806207012,2
8,0.01,12,143,7,0.027297844758442658,0.001055152096837375,2
8,0.01,12,143,8,0.011941421351154169,0.0003007558974132962,2
8,0.01,12,143,9,0.002434991974475942,7.018490254750986e-06,2
8,0.01,12,143,10,0.0005130784745270844,7.00444431345204e-08,1
8,0.01,12,144,1,5.662714512702235,7.420145643056964,3
8,0.01,12,144,2,4.188282151545693,5.164400451925239,2
8,0.01,12,144,3,2.8882038460214376,3.3571473868641917,4
8,0.01,12,144,4,1.5160061558248055,1.51486192229072,4
8,0.01,12,144,5,0.6414551271705156,0.4291761178671223,4
8,0.01,12,144,6,0.22994248332994172,0.036426635483216785,2
8,0.01,12,144,7,0.0942171689255078,0.005090472612076624,2
8,0.01,12,144,8,0.026585458113268068,0.0003119742198798292,2
8,0.01,12,144,9,0.00627920000727844,2.2482522499700508e-05,2
8,0.01,12,144,10,0.001173609532597375,3.312897032259343e-07,1
8,0.01,12,145,1,6.923510151207867,8.673608090633396,8
8,0.01,12,145,2,4.612333761150572,5.4565975997022775,8
8,0.01,12,145,3,2.779387565328931,3.17960235659859,6
8,0.01,12,145,4,1.1886230365656827,1.2695194123710198,5
8,0.01,12,145,5,0.33369940845579915,0.24098278386823502,4
8,0.01,12,145,6,0.0736812955776669,0.004884185037688837,2
8,0.01,12,145,7,0.039012596657637566,0.0013857926370004492,2
8,0.01,12,145,8,0.007121853899875852,6.272809857144068e-05,1
8,0.01,12,145,9,0.0013402040399084214,7.675724944533613e-07,2
8,0.01,12,145,10,0.00030375963975348697,4.384623508713048e-08,1
8,0.01,12,146,1,7.199907573593409,9.320636914990173,7
8,0.01,12,146,2,5.35811360573881,6.744984017929596,5
8,0.01,12,146,3,3.985601216679582,4.904333621441857,5
8,0.01,12,146,4,2.501582305068613,3.0140201787939596,5
8,0.01,12,146,5,1.2783593080821714,1.265442784647389,5
8,0.01,12,146,6,0.3151210344859159,0.12681580551513605,2
8,0.01,12,146,7,0.08140913946220785,0.005742837837125592,2
8,0.01,12,146,8,0.03388458132022798,0.00119641006809168,2
8,0.01,12,146,9,0.00635023043261107,1.1311951972459156e-05,2
8,0.01,12,146,10,0.000881739028850248,9.927907917983703e-08,1
8,0.01,12,147,1,6.450679716924049,8.399417693683304,8
8,0.01,12,147,2,5.219660713108218,6.674643418918105,7
8,0.01,12,147,3,3.4182750750965125,4.133048891631507,6
8,0.01,12,147,4,1.8974190480722788,2.2324690900559556,5
8,0.01,12,147,5,1.0973643788695364,1.160481410867229,4
8,0.01,12,147,6,0.9345358467360763,1.0136094601076593,3
8,0.01,12,147,7,0.15886419668165086,0.03890799737126294,3
8,0.01,12,147,8,0.028474222015765882,0.0004442053149915637,1
8,0.01,12,147,9,0.008538012943016149,2.3862131497409678e-05,1
8,0.01,12,147,10,0.0015784389969075718,2.7534842672594095e-07,1
8,0.01,12,148,1,7.251403480514893,9.426473906736396,5
8,0.01,12,148,2,5.611844126628768,6.994450559957226,4
8,0.01,12,148,3,3.94676367140167,4.955348514498688,5
8,0.01,12,148,4,2.5664238943653794,3.1330925690495803,5
8,0.01,12,148,5,1.3403766883426966,1.2603648894467856,3
8,0.01,12,148,6,0.4825846375370899,0.2184678348361757,3
8,0.01,12,148,7,0.2047537054554054,0.02959855770772002,3
8,0.01,12,148,8,0.048333767835377905,0.0007810372992604897,2
8,0.01,12,148,9,0.01606617486641415,5.070589172362361e-05,1
8,0.01,12,148,10,0.004207879047247509,1.3766911024504225e-06,1
8,0.01,12,149,1,5.901162468893453,7.522072914969931,5
8,0.01,12,149,2,4.538769867731872,5.779512860502061,6
8,0.01,12,149,3,3.2721087454291933,4.0440987870850975,5
8,0.01,12,149,4,1.6918323853619484,1.953174626469333,3
8,0.01,12,149,5,1.0538939343999765,1.0615219989304663,5
8,0.01,12,149,6,0.38536126372470214,0.19605446327564557,3
8,0.01,12,149,7,0.2196043488884225,0.06314602784525469,3
8,0.01,12,149,8,0.048222368321038545,0.003116390153657278,2
8,0.01,12,149,9,0.018121655091098532,0.00023271392944756997,1
8,0.01,12,149,10,0.0018100400049512189,7.767255212343116e-07,1
8,0.01,12,150,1,5.149910302163855,6.62589094255261,5
8,0.01,12,150,2,3.840483208735046,4.853805972629004,5
8,0.01,12,150,3,2.3862685538533164,3.003613209241191,5
8,0.01,12,150,4,0.7476219977335923,0.5592062793892527,6
8,0.01,12,150,5,0.5129743658974046,0.3534137737162588,5
8,0.01,12,150,6,0.0987474772211474,0.007266293574234695,2
8,0.01,12,150,7,0.04716938660440917,0.0010048684048360457,3
8,0.01,12,150,8,0.03376905014271436,0.0005650152804257402,2
8,0.01,12,150,9,0.005533412577387153,1.389914038618656e-05,1
8,0.01,12,150,10,0.0010407105934682193,4.5325205810797797e-07,1
8,0.01,12,151,1,5.162562504302924,6.634825633074321,2
8,0.01,12,151,2,3.2726680802262784,3.886973717600384,1
8,0.01,12,151,3,1.3756947490034452,1.4599119818550985,2
8,0.01,12,151,4,0.8665344577758258,1.0194426911434,3
8,0.01,12,151,5,0.24385367123938728,0.15725443591754384,3
8,0.01,12,151,6,0.11478911569898642,0.01618493989145975,3
8,0.01,12,151,7,0.041869283861670326,0.0016764539213021123,3
8,0.01,12,151,8,0.010564240062244323,3.468528247374536e-05,1
8,0.01,12,151,9,0.003469541369808482,2.5398161476175574e-06,1
8,0.01,12,151,10,0.00028195892204330164,1.8783888222628775e-08,1
8,0.01,12,152,1,6.0097911523950795,7.671555579547011,4
8,0.01,12,152,2,4.655777283000541,5.908882987762752,2
8,0.01,12,152,3,2.412668773011367,2.9695165645957484,4
8,0.01,12,152,4,2.412668773011367,2.9695165645957484,4
8,0.01,12,152,5,0.9872769523627678,1.1613399185868705,4
8,0.01,12,152,6,0.23912239114159384,0.11779163813299576,4
8,0.01,12,152,7,0.1025568799763441,0.014289437493966162,4
8,0.01,12,152,8,0.02056078628168123,0.0007159564566165955,2
8,0.01,12,152,9,0.0077234856566672505,0.00010702931971451335,2
8,0.01,12,152,10,0.0025690402063549556,2.899889620877616e-06,1
8,0.01,12,153,1,5.604369706533726,6.969010792076883,3
8,0.01,12,153,2,4.101568729764681,5.082855684201917,2
8,0.01,12,153,3,2.814258819887664,3.328556643735668,6
8,0.01,12,153,4,1.3760639214751986,1.4902994708950263,5
8,0.01,12,153,5,0.6874427227684716,0.5695513755063732,4
8,0.01,12,153,6,0.3580556375763049,0.16179014970404104,3
8,0.01,12,153,7,0.12691513560970513,0.007089469856014219,3
8,0.01,12,153,8,0.02910581951424085,0.0002744569402963748,3
8,0.01,12,153,9,0.0073235005189999924,3.093267718412562e-05,2
8,0.01,12,153,10,0.001620489284276161,5.961102136353702e-07,1
8,0.01,12,154,1,4.816621311497889,6.049831214405758,3
8,0.01,12,154,2,3.6222002952359214,4.355350140477583,2
8,0.01,12,154,3,2.0157163288152438,2.2231663978892513,7
8,0.01,12,154,4,1.159308139212503,1.1761225748221165,6
8,0.01,12,154,5,0.3767612199076664,0.15884513981970727,1
8,0.01,12,154,6,0.11421813985350493,0.008576774859482938,1
8,0.01,12,154,7,0.05723852129438267,0.0018220913639250824,3
8,0.01,12,154,8,0.024954059631595804,0.0002544939421298409,2
8,0.01,12,154,9,0.007154976118671108,1.461159693505465e-05,1
8,0.01,12,154,10,0.0017117401049810965,3.4977541041314453e-07,1
8,0.01,12,155,1,6.20590433503258,7.843248493887167,8
8,0.01,12,155,2,3.576182233118489,4.304153225076554,8
8,0.01,12,155,3,2.4446830084421993,2.9844898661883743,5
8,0.01,12,155,4,1.7298161531556513,2.081394198782201,4
8,0.01,12,155,5,1.6621592591155565,2.001717684807982,3
8,0.01,12,155,6,0.9175854993506558,1.0280800561776964,3
8,0.01,12,155,7,0.09813459615429032,0.015606454505208589,2
8,0.01,12,155,8,0.04294979116787623,0.01076785834482763,1
8,0.01,12,155,9,0.0046535351883143505,2.517688537295726e-05,1
8,0.01,12,155,10,0.0009518602106499685,8.945375498115027e-07,1
8,0.01,12,156,1,6.184474666177091,7.935135021910057,8
8,0.01,12,156,2,4.416069153486862,5.355276096693945,7
8,0.01,12,156,3,2.9738096877756375,3.448759242786954,6
8,0.01,12,156,4,1.4209375720694508,1.3347258818501482,2
8,0.01,12,156,5,0.5043779360357048,0.42876494581824076,3
8,0.01,12,156,6,0.21787992724824345,0.06179487354166113,2
8,0.01,12,156,7,0.06967188762274201,0.0045666448946537486,2
8,0.01,12,156,8,0.021429762546179454,0.00019596984545167118,2
8,0.01,12,156,9,0.004888978634745023,7.605798794330099e-06,1
8,0.01,12,156,10,0.0010602005856013008,1.3572754831159273e-07,1
8,0.01,12,157,1,5.444823788256073,6.836912777250932,8
8,0.01,12,157,2,4.251376752411961,5.175050633721831,7
8,0.01,12,157,3,2.884101707123243,3.3436692483233816,2
8,0.01,12,157,4,2.11115146244067,2.389363663088435,5
8,0.01,12,157,5,0.969974440784318,1.01497903822162,3
8,0.01,12,157,6,0.5938939083717383,0.38907266278620867,3
8,0.01,12,157,7,0.21334587555423923,0.030713376932590464,2
8,0.01,12,157,8,0.0657556683539191,0.0009957523555730319,1
8,0.01,12,157,9,0.014060590311059329,0.0003140453615912975,2
8,0.01,12,157,10,0.0027861448442436654,1.8275764332997824e-06,1
8,0.01,12,158,1,5.622821972842873,6.956487521882716,8
8,0.01,12,158,2,4.192236569054675,5.053672928338555,7
8,0.01,12,158,3,2.515394452306463,2.6521354570158806,7
8,0.01,12,158,4,1.1698154946277803,1.2513013905337402,3
8,0.01,12,158,5,0.3867185683665646,0.2219431575214088,2
8,0.01,12,158,6,0.09793968903071537,0.020737092136347002,3
8,0.01,12,158,7,0.04889007060018358,0.0022036864488939045,3
8,0.01,12,158,8,0.022309108897658803,0.000340736479390813,2
8,0.01,12,158,9,0.005466057640308719,1.3724680856697091e-05,1
8,0.01,12,158,10,0.0006804919348866179,1.1799480859053801e-07,1
8,0.01,12,159,1,5.278163964051004,6.681235756173606,7
8,0.01,12,159,2,4.0113882403292624,5.043895379667276,8
8,0.01,12,159,3,2.656590355565667,3.169973042532357,5
8,0.01,12,159,4,1.6413389141596983,2.0199350683703248,4
8,0.01,12,159,5,0.5669508578021496,0.3894456937023403,3
8,0.01,12,159,6,0.16887179866033897,0.06501325086724208,4
8,0.01,12,159,7,0.074582049201112,0.006922290293822186,3
8,0.01,12,159,8,0.015590592894808353,8.641443144696836e-05,3
8,0.01,12,159,9,0.0019214369868798542,7.308451657195292e-07,2
8,0.01,12,159,10,0.0003723648006257463,8.282458097141898e-08,1
8,0.01,12,160,1,5.311039298710577,6.7503098618985025,6
8,0.01,12,160,2,3.3177810717818037,4.070752590171626,4
8,0.01,12,160,3,2.666212257422581,3.186913768763805,4
8,0.01,12,160,4,1.3238612534417253,1.3817775953029212,3
8,0.01,12,160,5,0.42439571123250275,0.23516621406853133,2
8,0.01,12,160,6,0.17095973997131608,0.05072423092132894,4
8,0.01,12,160,7,0.06414633129039515,0.0024864237469177652,2
8,0.01,12,160,8,0.019084860246090685,0.0003506923914713411,2
8,0.01,12,160,9,0.0035769833417251817,5.043422637740491e-06,1
8,0.01,12,160,10,0.0004700131754891146,3.9919543226574206e-08,1
8,0.01,12,161,1,5.557007977179249,6.928122303957245,9
8,0.01,12,161,2,4.205560051351372,5.0995225790220395,7
8,0.01,12,161,3,2.7383145169293845,3.231295552452977,6
8,0.01,12,161,4,1.5202650351465747,1.5607349801978696,5
8,0.01,12,161,5,1.2879894102835463,1.1909348088273255,4
8,0.01,12,161,6,1.0011284629384596,1.0185260547730515,3
8,0.01,12,161,7,0.1963915335921813,0.040665489605142824,2
8,0.01,12,161,8,0.04654418456048948,0.0007540253857971635,1
8,0.01,12,161,9,0.014820613062609844,4.538606913939702e-05,2
8,0.01,12,161,10,0.003656642835834667,1.7294872503015313e-06,1
8,0.01,12,162,1,4.920502498953397,5.996385046200885,7
8,0.01,12,162,2,3.444163116616341,4.10336743473589,6
8,0.01,12,162,3,2.031039516450841,2.367083443434,4
8,0.01,12,162,4,1.0302951773918974,1.108836787399885,3
8,0.01,12,162,5,0.4990949743581439,0.3266632961452469,4
8,0.01,12,162,6,0.16166566590860043,0.03821836475310825,3
8,0.01,12,162,7,0.06072026655717089,0.00493093395565225,2
8,0.01,12,162,8,0.022390451743044437,0.0007877837767580331,1
8,0.01,12,162,9,0.003924841112617372,1.288037113411633e-05,1
8,0.01,12,162,10,0.0013523823489673958,5.37593036753492e-07,1
8,0.01,12,163,1,5.322389381550259,6.774478359439193,7
8,0.01,12,163,2,4.03670911489259,5.100940856485515,8
8,0.01,12,163,3,2.641586112307097,3.1764441199561926,5
8,0.01,12,163,4,1.8082300521711367,2.098072033283171,4
8,0.01,12,163,5,0.5001382298992603,0.34640807331028967,3
8,0.01,12,163,6,0.26227081548808506,0.15478043685646803,4
8,0.01,12,163,7,0.12074119295285968,0.04142664148270825,3
8,0.01,12,163,8,0.03733840397010013,0.0022073713378780724,2
8,0.01,12,163,9,0.009940210634834301,0.0002939666636141425,1
8,0.01,12,163,10,0.0013580926259049164,6.499498805823123e-07,1
8,0.01,12,164,1,6.412619134014454,8.391377329826664,7
8,0.01,12,164,2,4.630607390739856,5.9158919071769684,6
8,0.01,12,164,3,3.1800735035301937,3.971525054735192,6
8,0.01,12,164,4,2.185087332728001,2.8431516831387507,3
8,0.01,12,164,5,1.0538741264074751,1.1315026773998191,5
8,0.01,12,164,6,0.746382328623012,0.9518696369661512,1
8,0.01,12,164,7,0.1017147370022986,0.026939369525024404,1
8,0.01,12,164,8,0.03183218258825704,0.0010738902543412365,1
8,0.01,12,164,9,0.011015817665777305,0.0001314992566463502,1
8,0.01,12,164,10,0.002138851408501452,5.004737518632396e-06,1
8,0.01,12,165,1,6.195110485998242,7.834621994140647,5
8,0.01,12,165,2,4.49561646832186,5.7228591648571285,6
8,0.01,12,165,3,3.4112845905921816,4.1517226459290875,5
8,0.01,12,165,4,1.999357533329352,2.327393291799126,5
8,0.01,12,165,5,1.7621587387848088,2.015562191627218,5
8,0.01,12,165,6,0.19087132974900278,0.030533969666301175,5
8,0.01,12,165,7,0.08653572568424472,0.013536434972625244,3
8,0.01,12,165,8,0.016614535243338224,0.0002803370786050863,2
8,0.01,12,165,9,0.006712077631675584,2.2570833616342156e-05,1
8,0.01,12,165,10,0.0010378668914903244,1.7830318910228016e-07,1
8,0.01,12,166,1,5.560808375900408,7.040637174927088,6
8,0.01,12,166,2,4.449030842989484,5.396588637549375,6
8,0.01,12,166,3,2.998674837993094,3.515524183279986,6
8,0.01,12,166,4,1.801799872313107,2.067347160813342,2
8,0.01,12,166,5,0.4917746359998292,0.23293865038869477,4
8,0.01,12,166,6,0.24886601292798982,0.06037960281832788,3
8,0.01,12,166,7,0.14940853278430044,0.02105747076979725,2
8,0.01,12,166,8,0.04227700802699719,0.0019240699351747992,2
8,0.01,12,166,9,0.010795243593594073,4.286350274895767e-05,2
8,0.01,12,166,10,0.0018537718172533246,7.947834408383869e-07,1
8,0.01,12,167,1,4.464421236670458,5.725010665485238,9
8,0.01,12,167,2,2.806926865997995,3.351043701496991,7
8,0.01,12,167,3,1.7590401796861128,2.109514784028442,6
8,0.01,12,167,4,0.9342969051927552,1.0592530618933083,5
8,0.01,12,167,5,0.2677232220039256,0.13480093399745208,4
8,0.01,12,167,6,0.09953370124888483,0.010008197671805164,3
8,0.01,12,167,7,0.046889670149204754,0.002654670463185127,2
8,0.01,12,167,8,0.00904422946544603,0.00011729462196186091,2
8,0.01,12,167,9,0.001966871701903905,2.6918012228094312e-06,2
8,0.01,12,167,10,0.00021341631885984924,1.3101674412041575e-08,1
8,0.01,12,168,1,4.27269307798505,5.2276938764823235,7
8,0.01,12,168,2,2.7191772818833666,3.2647979250962855,2
8,0.01,12,168,3,1.297084476933147,1.4286760349095449,5
8,0.01,12,168,4,0.5416848585190905,0.48814899550803403,4
8,0.01,12,168,5,0.17807426863845777,0.07431519185591817,3
8,0.01,12,168,6,0.04730753936303245,0.0034118541064929175,4
8,0.01,12,168,7,0.01220523153783759,0.0004109067704796132,3
8,0.01,12,168,8,0.0032008809645578395,1.4177323274466858e-05,3
8,0.01,12,168,9,0.00077333594739315,5.608145094981865e-07,2
8,0.01,12,168,10,0.00020053784574081135,2.6183510470900728e-08,1
8,0.01,12,169,1,8.050633582093411,10.344710472924769,3
8,0.01,12,169,2,6.120471878405202,7.744022993149883,4
8,0.01,12,169,3,4.667639164954704,5.879890588051499,4
8,0.01,12,169,4,2.957842387606928,3.4588380767809035,3
8,0.01,12,169,5,1.354152908495121,1.2842496067252682,3
8,0.01,12,169,6,0.3430342469089611,0.07782415851600177,1
8,0.01,12,169,7,0.14881994105489316,0.02063260451726734,3
8,0.01,12,169,8,0.03745633440730334,0.000386420833558887,2
8,0.01,12,169,9,0.013011332494273553,2.36836341258595e-05,1
8,0.01,12,169,10,0.0023793860344882845,4.122936694272994e-07,1
8,0.01,12,170,1,7.522143162720882,9.614316681469395,8
8,0.01,12,170,2,5.50787417094706,6.928259654133317,7
8,0.01,12,170,3,4.364060432059519,5.300194769770053,6
8,0.01,12,170,4,2.855609315849385,3.2611513135093944,5
8,0.01,12,170,5,1.5267558539250974,1.5870131176551574,3
8,0.01,12,170,6,0.9238392372686128,0.6869264120648211,3
8,0.01,12,170,7,0.3344761871071693,0.22123199242886926,1
8,0.01,12,170,8,0.19794101619601,0.07462114386177632,1
8,0.01,12,170,9,0.02915523538626985,0.0003870926468501068,1
8,0.01,12,170,10,0.01070562279572762,3.536042823526486e-05,1
8,0.01,12,171,1,6.589714626757494,8.497067193344868,4
8,0.01,12,171,2,5.19160582550085,6.676755569133849,4
8,0.01,12,171,3,4.194626097365535,5.147101781237332,4
8,0.01,12,171,4,2.8890133767335007,3.3559716485922717,5
8,0.01,12,171,5,2.2557543684186703,2.474810702731297,4
8,0.01,12,171,6,1.0755489391037854,1.0384365319700173,3
8,0.01,12,171,7,0.1976790453467805,0.011502811236683286,3
8,0.01,12,171,8,0.05389939509061836,0.0006794430933627638,2
8,0.01,12,171,9,0.014059058101072885,4.663804122984061e-05,1
8,0.01,12,171,10,0.002902734225288306,8.381667004897508e-07,1
8,0.01,12,172,1,5.3350076792874885,6.783902778326773,4
8,0.01,12,172,2,4.082378841622986,5.0083733415496425,3
8,0.01,12,172,3,2.6846466816001806,3.175574957824675,3
8,0.01,12,172,4,1.5778535288526596,1.954600568092399,5
8,0.01,12,172,5,0.9633643397077689,1.071957653331995,4
8,0.01,12,172,6,0.20416679785960046,0.05169424180635751,3
8,0.01,12,172,7,0.09730218281726533,0.011719615355282542,3
8,0.01,12,172,8,0.031871676947001326,0.0022228047662746775,1
8,0.01,12,172,9,0.004136871649831342,5.675772296065418e-05,1
8,0.01,12,172,10,0.000751523803848464,4.813359286259811e-06,1
8,0.01,12,173,1,5.945065426316463,7.695279690647091,8
8,0.01,12,173,2,3.8522524804961815,4.917768517353272,7
8,0.01,12,173,3,2.2992453464952938,2.8736354947403164,5
8,0.01,12,173,4,0.9928354964572268,1.1977722283856256,5
8,0.01,12,173,5,0.6955414278974494,0.9302650913482591,4
8,0.01,12,173,6,0.08773221672345954,0.02595588924177239,4
8,0.01,12,173,7,0.017643306330073827,0.0004061358227582801,4
8,0.01,12,173,8,0.003951456440054457,0.00030730833648640044,1
8,0.01,12,173,9,0.0008709880153485727,6.201732622557188e-06,1
8,0.01,12,173,10,0.00015364950516705278,9.712689141849751e-08,1
8,0.01,12,174,1,6.41790404628783,7.980476152738079,7
8,0.01,12,174,2,4.323730580334838,5.241113360704318,6
8,0.01,12,174,3,3.1199313395298836,3.9073872375177103,4
8,0.01,12,174,4,2.172301325620146,2.4183225772737487,4
8,0.01,12,174,5,0.7770873275804879,0.48548874240430706,3
8,0.01,12,174,6,0.2784437537878519,0.08397868831350408,3
8,0.01,12,174,7,0.07222865299961878,0.002762756802676236,4
8,0.01,12,174,8,0.024006574706453954,0.0003106091875899608,3
8,0.01,12,174,9,0.004002539158125096,9.844412780068978e-06,2
8,0.01,12,174,10,0.0014722571833969411,6.674505090842331e-07,1
8,0.01,12,175,1,5.253587430596394,6.593284885267412,8
8,0.01,12,175,2,3.718495825901986,4.73440684553124,7
8,0.01,12,175,3,2.4800489993229498,3.042742665114968,6
8,0.01,12,175,4,1.042670840729084,1.1117556952072372,2
8,0.01,12,175,5,0.2993603740886073,0.2098596779887032,4
8,0.01,12,175,6,0.13020961453037927,0.027147466428458777,2
8,0.01,12,175,7,0.07214509376931488,0.00477313062398288,2
8,0.01,12,175,8,0.013870450929779565,0.00027677140808712863,1
8,0.01,12,175,9,0.002030237783770872,4.754193055234168e-06,2
8,0.01,12,175,10,0.0004655227161993736,2.3125181769501069e-07,1
8,0.01,12,176,1,5.471038391012166,6.83056821475699,5
8,0.01,12,176,2,3.827286378725632,4.883756791230587,5
8,0.01,12,176,3,2.4015280243037056,3.0417411196615767,5
8,0.01,12,176,4,1.5835516838569577,1.9167306790839023,4
8,0.01,12,176,5,0.7491386892748535,0.9294655329969848,3
8,0.01,12,176,6,0.6693810109863074,0.9219091990484118,2
8,0.01,12,176,7,0.10214933283221495,0.04575927328156215,1
8,0.01,12,176,8,0.029324585217932686,0.018945115325209372,2
8,0.01,12,176,9,0.007287547123721261,0.00036160965285780833,2
8,0.01,12,176,10,0.0012604500267121566,1.3010865689722095e-05,1
8,0.01,12,177,1,6.924627614275858,8.775773998496106,7
8,0.01,12,177,2,4.810992101254135,5.968991569184386,8
8,0.01,12,177,3,3.232356043577882,3.6724344803393016,7
8,0.01,12,177,4,1.8208807494643988,2.078098977939576,3
8,0.01,12,177,5,1.3151299373013554,1.3436384035145554,3
8,0.01,12,177,6,0.45932369150520636,0.2121612072354342,3
8,0.01,12,177,7,0.1849716274168305,0.024005787482732188,3
8,0.01,12,177,8,0.04920960443010536,0.0009747476095824936,3
8,0.01,12,177,9,0.005698440910450131,1.2660695020372259e-05,2
8,0.01,12,177,10,0.000531663922124892,9.544758050594737e-08,1
8,0.01,12,178,1,6.885232729531021,8.832347129491616,7
8,0.01,12,178,2,6.0481544659725675,7.643433110293838,5
8,0.01,12,178,3,4.281418408665379,5.2209917607494525,5
8,0.01,12,178,4,2.3964404672751503,2.556477339290357,5
8,0.01,12,178,5,1.0997090380262922,0.8080857693994279,5
8,0.01,12,178,6,0.39904267837732377,0.11198970841148181,4
8,0.01,12,178,7,0.09964395302360707,0.013492836039620926,4
8,0.01,12,178,8,0.030222009465161292,0.00019381965173437266,1
8,0.01,12,178,9,0.014653272122966854,2.840533387526989e-05,1
8,0.01,12,178,10,0.003777022931492624,1.9298762872210773e-06,1
8,0.01,12,179,1,4.761311538490409,6.001079179774457,9
8,0.01,12,179,2,3.494233555616182,4.223288317679,3
8,0.01,12,179,3,2.4486294488608475,2.9512425742995987,4
8,0.01,12,179,4,1.252539739924579,1.2399267449233822,3
8,0.01,12,179,5,0.40762639366648656,0.2297130825207958,3
8,0.01,12,179,6,0.11271927236540868,0.05393983689072357,4
8,0.01,12,179,7,0.06730196955964729,0.014376167602710765,3
8,0.01,12,179,8,0.01979801676914228,0.0005528204555957927,2
8,0.01,12,179,9,0.003816402424295262,1.5116233766931941e-05,1
8,0.01,12,179,10,0.0005359052964273303,1.5597315794479982e-07,1
8,0.01,12,180,1,8.22845869388416,10.54135484780887,4
8,0.01,12,180,2,6.502072394358417,8.109590465961935,3
8,0.01,12,180,3,4.960323376323692,6.0813391357886495,4
8,0.01,12,180,4,3.2339370767979494,3.649574753941714,3
8,0.01,12,180,5,1.4568497607424726,1.2322688929807377,2
8,0.01,12,180,6,0.5299374278120323,0.11353538773784955,2
8,0.01,12,180,7,0.1533554757391835,0.004920867777648219,1
8,0.01,12,180,8,0.03241214535316761,0.00014635019702424756,2
8,0.01,12,180,9,0.007045276676422851,4.237916565230648e-06,1
8,0.01,12,180,10,0.0006414786596833366,1.1294312862730749e-07,1
8,0.01,12,181,1,5.819847938828194,7.554983280493833,8
8,0.01,12,181,2,3.868872953114919,4.9536034970976655,6
8,0.01,12,181,3,2.6106572705418065,3.213467576162536,6
8,0.01,12,181,4,1.2734102227581046,1.3859228699795647,5
8,0.01,12,181,5,0.42916168135107835,0.17898397700066404,6
8,0.01,12,181,6,0.1412473388425246,0.02584943590099975,5
8,0.01,12,181,7,0.04241775795426417,0.0010532750844864935,4
8,0.01,12,181,8,0.008842544002415131,6.111255872021104e-05,3
8,0.01,12,181,9,0.002833705883920068,7.141935762788876e-06,2
8,0.01,12,181,10,0.0007013422209203313,3.2361033674987993e-07,1
8,0.01,12,182,1,5.19054687174343,6.62687422431506,8
8,0.01,12,182,2,3.829111662858856,4.8107271286499795,7
8,0.01,12,182,3,2.540868829814964,3.04538426803175,3
8,0.01,12,182,4,1.2194103681357182,1.2978564262377539,5
8,0.01,12,182,5,0.3896088202378527,0.12563432929643348,5
8,0.01,12,182,6,0.14187123417612835,0.020285180535966063,5
8,0.01,12,182,7,0.04741583044499986,0.002443635891577145,3
8,0.01,12,182,8,0.012439927620559565,0.000206039974978367,3
8,0.01,12,182,9,0.003703018791163082,1.4327741228115087e-05,1
8,0.01,12,182,10,0.0010855602700905465,2.8111922194540284e-06,1
8,0.01,12,183,1,5.2793513320749685,6.738794375256745,3
8,0.01,12,183,2,3.99007127875295,4.972289541452934,3
8,0.01,12,183,3,2.7391899006390883,3.242281726872214,6
8,0.01,12,183,4,1.2705599668240648,1.3649276553639673,5
8,0.01,12,183,5,0.38817563564335344,0.32194374894610966,4
8,0.01,12,183,6,0.2244382439257233,0.0969364067579459,3
8,0.01,12,183,7,0.09109738374676901,0.010040271072996987,3
8,0.01,12,183,8,0.020416635950381234,0.0003198815956757528,2
8,0.01,12,183,9,0.005591634056015593,4.7474405429071e-05,2
8,0.01,12,183,10,0.0008816292947155802,4.4483403804918e-07,1
8,0.01,12,184,1,6.978743198222154,8.79992771247688,6
8,0.01,12,184,2,5.489627083256226,6.923422757213064,5
8,0.01,12,184,3,4.239002899979378,5.168601777181824,4
8,0.01,12,184,4,2.3527040408924327,2.612882955921993,3
8,0.01,12,184,5,1.4447786817525055,1.3670350627158498,4
8,0.01,12,184,6,0.6948888222140495,0.3114401971658012,4
8,0.01,12,184,7,0.23179669902938027,0.02544047104007241,3
8,0.01,12,184,8,0.07885911388174716,0.00197259027068597,1
8,0.01,12,184,9,0.03418015040576616,0.00018644312779336758,1
8,0.01,12,184,10,0.008625631756223662,7.643119813494081e-06,1
8,0.01,12,185,1,4.804804588719271,5.946112545172404,6
8,0.01,12,185,2,3.431714576381598,4.143367858031189,5
8,0.01,12,185,3,2.6059652619974116,3.1194158212086576,6
8,0.01,12,185,4,1.4128296078434168,1.3663344307153062,3
8,0.01,12,185,5,0.560545252205431,0.28655468448410026,2
8,0.01,12,185,6,0.23505155087548246,0.03183509923206351,1
8,0.01,12,185,7,0.08976738829686681,0.0032021121188909873,1
8,0.01,12,185,8,0.030592795046967325,0.0002639461109961161,1
8,0.01,12,185,9,0.009681846552426876,2.016030230933552e-05,1
8,0.01,12,185,10,0.0018042283267512005,8.829702622392688e-07,1
8,0.01,12,186,1,6.425893590153451,7.941058590895281,7
8,0.01,12,186,2,5.117976235613644,6.152015078511001,6
8,0.01,12,186,3,3.7175139165526483,4.298493200677971,5
8,0.01,12,186,4,2.3532219375283256,2.57141051318494,4
8,0.01,12,186,5,0.8701742693718559,0.5560647511662342,4
8,0.01,12,186,6,0.34392130274859145,0.04459092313768842,3
8,0.01,12,186,7,0.09929475832125423,0.0034478898626346677,3
8,0.01,12,186,8,0.027819573546293164,0.00044842663892552537,2
8,0.01,12,186,9,0.008673807150260338,1.7687104813646215e-05,1
8,0.01,12,186,10,0.002195107093480253,6.392216533868122e-07,1
8,0.01,12,187,1,4.066452150531012,4.971676464756227,4
8,0.01,12,187,2,3.266635611917149,3.9894272034997034,4
8,0.01,12,187,3,1.554179567262894,1.9097588722365728,5
8,0.01,12,187,4,0.9663049185038606,1.073373502719031,4
8,0.01,12,187,5,0.8001894334983426,0.9473034904229598,4
8,0.01,12,187,6,0.04744067423599141,0.004259773057014193,2
8,0.01,12,187,7,0.01478454268552376,0.0005932558416308353,2
8,0.01,12,187,8,0.002910872543330001,1.3970512613425967e-05,2
8,0.01,12,187,9,0.0006015467403592822,3.77080297653265e-07,2
8,0.01,12,187,10,0.00010583444484524307,1.2815236871688285e-08,1
8,0.01,12,188,1,6.43242637885335,8.447830369260878,7
8,0.01,12,188,2,4.357033671470674,5.271817298132493,7
8,0.01,12,188,3,3.040145848307624,3.8630543466423983,4
8,0.01,12,188,4,2.29541541845375,2.932191206398537,4
8,0.01,12,188,5,1.655949991683956,2.002044224220649,3
8,0.01,12,188,6,0.8068524664205157,1.0015021305068785,2
8,0.01,12,188,7,0.18871555093990366,0.05504164587990523,2
8,0.01,12,188,8,0.05273757471436191,0.0029655208960690516,1
8,0.01,12,188,9,0.015604127280601787,0.00012879348306427119,2
8,0.01,12,188,10,0.005521728565547335,1.2773972947854872e-05,1
8,0.01,12,189,1,5.369893012082689,6.828294282729406,9
8,0.01,12,189,2,3.9318205737456333,4.928701752737338,8
8,0.01,12,189,3,2.394232649344766,2.9114411856321922,6
8,0.01,12,189,4,1.0782266960067348,1.1471426736990775,6
8,0.01,12,189,5,0.3326194050128146,0.19701289926766918,3
8,0.01,12,189,6,0.25748564372655647,0.12064855121578333,3
8,0.01,12,189,7,0.06756424806605654,0.006254856177772439,3
8,0.01,12,189,8,0.02236376645076721,0.001486471174976245,1
8,0.01,12,189,9,0.006715208986865839,0.0001915045924327785,1
8,0.01,12,189,10,0.001176939971668567,8.13451729086978e-07,1
8,0.01,12,190,1,7.454541606787061,9.66241078099266,8
8,0.01,12,190,2,5.571434860968034,7.022005093564573,7
8,0.01,12,190,3,4.174766551531708,5.181142392846297,6
8,0.01,12,190,4,2.584778971269679,2.7594691499722295,5
8,0.01,12,190,5,1.2862212212898028,1.2425127097106117,4
8,0.01,12,190,6,0.9685296337177034,1.044440248443058,3
8,0.01,12,190,7,0.8345018958503951,0.9656296666402611,2
8,0.01,12,190,8,0.11682431176949404,0.03203291314395251,2
8,0.01,12,190,9,0.03590912690292303,0.0011844899320259117,2
8,0.01,12,190,10,0.006431338042749424,1.5783222494292204e-05,1
8,0.01,12,191,1,6.968860977297715,8.738818763804769,5
8,0.01,12,191,2,5.53338639674359,6.855643148774444,5
8,0.01,12,191,3,3.674835529887825,4.297862865940136,5
8,0.01,12,191,4,2.941987068170433,3.3499040649580714,5
8,0.01,12,191,5,1.4118989600615608,1.3704908237170432,5
8,0.01,12,191,6,0.506471233290875,0.26753657872129644,3
8,0.01,12,191,7,0.2652223161293099,0.09011697235261273,3
8,0.01,12,191,8,0.06691042307732342,0.0020382235686700056,3
8,0.01,12,191,9,0.015600506086534516,0.00010001513003032869,1
8,0.01,12,191,10,0.004721876700656047,5.613726139941377e-06,1
8,0.01,12,192,1,6.692987247338312,8.650623819601682,8
8,0.01,12,192,2,5.425216976419584,6.857826446159477,7
8,0.01,12,192,3,3.2809626196741384,3.690723811109386,7
8,0.01,12,192,4,2.053978561528888,2.1676313010773383,6
8,0.01,12,192,5,0.7699660012751028,0.42075564188350967,5
8,0.01,12,192,6,0.3135628718210519,0.1435225199626693,4
8,0.01,12,192,7,0.09422097242690519,0.007071737839655867,3
8,0.01,12,192,8,0.027787464957771846,0.0005620720990826555,2
8,0.01,12,192,9,0.009709458578544883,4.380160041250747e-05,1
8,0.01,12,192,10,0.0032223727967277682,1.4919083195508165e-06,1
8,0.01,12,193,1,5.46897409547176,6.886730044643361,2
8,0.01,12,193,2,3.6431456147098835,4.381017253739987,2
8,0.01,12,193,3,1.4523359304263845,1.554196725561857,2
8,0.01,12,193,4,0.8862026206099429,1.0143842088767139,3
8,0.01,12,193,5,0.2289940654464626,0.051520162659332236,5
8,0.01,12,193,6,0.10314393721788484,0.012860162038032641,5
8,0.01,12,193,7,0.05133403525376856,0.0024996440005509157,3
8,0.01,12,193,8,0.015983833119548763,0.00016566779971327605,3
8,0.01,12,193,9,0.00339522947970039,6.065047394088197e-06,2
8,0.01,12,193,10,0.0007688514169483796,3.255485410136316e-07,1
8,0.01,12,194,1,5.553768344393519,6.9428976842967245,8
8,0.01,12,194,2,3.397370637130373,4.157672437542047,8
8,0.01,12,194,3,1.9672871691726153,2.305826842420281,5
8,0.01,12,194,4,1.186937159962457,1.1877260586676517,6
8,0.01,12,194,5,0.688639698104887,0.45981685998682487,5
8,0.01,12,194,6,0.34872925568389324,0.18817016185769475,4
8,0.01,12,194,7,0.06662273177910993,0.005721530100162298,3
8,0.01,12,194,8,0.014186516931579796,0.000139717342701573,2
8,0.01,12,194,9,0.005022615754985971,1.8428310827545147e-05,1
8,0.01,12,194,10,0.0007741562731462537,7.831224877463683e-07,1
8,0.01,12,195,1,6.096293212123534,7.790261316556542,3
8,0.01,12,195,2,4.35160435604541,5.278321232856229,2
8,0.01,12,195,3,2.5234561582192683,2.6746908250099715,2
8,0.01,12,195,4,1.2508802977741063,1.0720645350231877,1
8,0.01,12,195,5,0.29922359884541905,0.19105135670615603,4
8,0.01,12,195,6,0.12249090740918689,0.040375235809447574,3
8,0.01,12,195,7,0.04408326656887418,0.001326150964349182,2
8,0.01,12,195,8,0.013113485557484594,4.4766822467678935e-05,1
8,0.01,12,195,9,0.002609098563047141,1.0951776143741654e-06,1
8,0.01,12,195,10,0.00038558897921703306,2.222874861956825e-08,1
8,0.01,12,196,1,6.267710126540509,7.81674326420794,3
8,0.01,12,196,2,3.850666217323001,4.852861962369619,4
8,0.01,12,196,3,2.695900501612643,3.2693655081236734,3
8,0.01,12,196,4,1.3885337539959064,1.4938366683075657,3
8,0.01,12,196,5,0.5906536325484222,0.4525970137929889,3
8,0.01,12,196,6,0.18204262247752467,0.027573605221888897,4
8,0.01,12,196,7,0.06755241886078878,0.00413031274860387,3
8,0.01,12,196,8,0.02065714385812889,0.00019060105515400494,3
8,0.01,12,196,9,0.00568262139637099,8.392033009840816e-06,2
8,0.01,12,196,10,0.0007244737332197104,3.051303441026221e-07,1
8,0.01,12,197,1,4.101223671496506,5.006933277008457,5
8,0.01,12,197,2,3.2144912805893817,4.014136754225884,4
8,0.01,12,197,3,1.1430262503630502,1.3025983927955416,3
8,0.01,12,197,4,0.852662768498849,1.0060398282549947,6
8,0.01,12,197,5,0.135896903203502,0.045375957316771576,4
8,0.01,12,197,6,0.08941591156403916,0.03364924233675559,4
8,0.01,12,197,7,0.02157184523772493,0.0005164465259870354,4
8,0.01,12,197,8,0.004191109434920293,5.026990258905073e-05,2
8,0.01,12,197,9,0.0014282211224170283,4.554081316499037e-06,1
8,0.01,12,197,10,0.000284233726052463,8.715145582982586e-08,1
8,0.01,12,198,1,7.330003559768409,9.473079981119131,3
8,0.01,12,198,2,5.879437245027491,7.606930094362298,3
8,0.01,12,198,3,4.178509008952391,5.087750591653284,4
8,0.01,12,198,4,2.84179485680181,3.3280445458865007,3
8,0.01,12,198,5,1.334153424449303,1.1743090525795754,2
8,0.01,12,198,6,0.38031766594919425,0.13644833479136587,4
8,0.01,12,198,7,0.2165320624745224,0.042985998098490796,3
8,0.01,12,198,8,0.09705006691825879,0.00651282192713154,2
8,0.01,12,198,9,0.016717725258429184,3.554504523961555e-05,1
8,0.01,12,198,10,0.002344737476606795,1.1592845261532148e-06,1
8,0.01,12,199,1,5.347038626557911,6.746330594693946,4
8,0.01,12,199,2,3.8803763649376926,4.87783769369036,3
8,0.01,12,199,3,2.4218907500439233,3.010523765343935,2
8,0.01,12,199,4,1.1086153892954815,1.1809355595328386,5
8,0.01,12,199,5,0.9605207076088487,1.111167944280492,5
8,0.01,12,199,6,0.15313089479352726,0.05879523808046194,4
8,0.01,12,199,7,0.09295859356364922,0.034568013202219916,3
8,0.01,12,199,8,0.029249346206178473,0.009860468077015128,2
8,0.01,12,199,9,0.007892047580737582,0.0001198433646631969,1
8,0.01,12,199,10,0.0009979005259754814,2.063182300560129e-06,1
