depth,p,n,real,b,ivn_max,ir2_max,a_at_max
4,0.02,12,0,1,3.291919773245076,4.000730587158408,7
4,0.02,12,0,2,1.9048229243551917,2.191885517554601,7
4,0.02,12,0,3,0.912766591047931,1.0647342915834352,3
4,0.02,12,0,4,0.09736422666878841,0.04589280069451185,5
4,0.02,12,0,5,0.040475778627389936,0.039439579002403136,3
4,0.02,12,0,6,0.020708922244282668,0.01847776239899801,3
4,0.02,12,0,7,0.0019514218513760895,0.0002775543753807952,3
4,0.02,12,0,8,0.00023675492729058334,5.764622441617462e-06,1
4,0.02,12,0,9,2.2120510142720207e-05,9.043321114177161e-08,1
4,0.02,12,0,10,2.618299395074075e-06,7.992717598881427e-10,1
4,0.02,12,1,1,3.0336469947553333,3.768026419233731,5
4,0.02,12,1,2,1.4995218991685846,1.8951382888697843,3
4,0.02,12,1,3,0.8193009526802335,0.9845558651917221,3
4,0.02,12,1,4,0.07841816048754513,0.026602668303411292,2
4,0.02,12,1,5,0.01318559560965582,0.0005556465820939493,1
4,0.02,12,1,6,0.00030448090231249836,1.955190945146512e-06,2
4,0.02,12,1,7,3.014230292919251e-05,3.8963523962820545e-08,1
4,0.02,12,1,8,2.582469223355588e-06,1.3777921026303375e-09,3
4,0.02,12,1,9,2.893277990523302e-07,2.62350141611023e-11,2
4,0.02,12,1,10,2.740816285040637e-08,5.258016244624741e-13,1
4,0.02,12,2,1,3.2803789249909094,3.9496094679865212,4
4,0.02,12,2,2,2.423958414607174,2.9047123241750716,4
4,0.02,12,2,3,0.9726697330976037,1.0828755403618997,3
4,0.02,12,2,4,0.06169241305713147,0.030409816299643566,2
4,0.02,12,2,5,0.02766727089374399,0.00393310278683856,4
4,0.02,12,2,6,0.0031050461030890375,0.00011514749409702318,4
4,0.02,12,2,7,0.0006895260846464524,1.0069368043374993e-05,2
4,0.02,12,2,8,0.0001004786147440484,8.135214581983519e-07,1
4,0.02,12,2,9,1.3730364411657092e-05,2.195946180449937e-08,1
4,0.02,12,2,10,-5.329070518200751e-15,0.0,1
4,0.02,12,3,1,4.369151908172444,5.46997937226107,5
4,0.02,12,3,2,2.4771082330406298,3.0061513451819533,5
4,0.02,12,3,3,0.894926287990593,1.065963590374448,6
4,0.02,12,3,4,0.13393620343320833,0.07379647098066044,5
4,0.02,12,3,5,0.038295435142753576,0.02047490749821801,5
4,0.02,12,3,6,0.005997561279666996,0.00021487074140491558,5
4,0.02,12,3,7,0.0004535014084865452,3.717250359969171e-06,4
4,0.02,12,3,8,8.291167543283962e-05,3.8385129670359674e-06,2
4,0.02,12,3,9,1.1511226295723986e-05,3.4110653857055695e-08,2
4,0.02,12,3,10,1.4236423293567668e-06,6.220570725190555e-10,1
4,0.02,12,4,1,3.248701974311583,3.8283811244079473,1
4,0.02,12,4,2,1.2590712736912302,1.2816738731854125,1
4,0.02,12,4,3,0.10695284690123952,0.07527112868712749,6
4,0.02,12,4,4,0.05336087369527576,0.007283010641492282,5
4,0.02,12,4,5,8.881784197001252e-16,1.7763568394002505e-15,3
4,0.02,12,4,6,1.7763568394002505e-15,0.0,1
4,0.02,12,4,7,1.7763568394002505e-15,1.7763568394002505e-15,1
4,0.02,12,4,8,0.0,1.7763568394002505e-15,1
4,0.02,12,4,9,0.0,1.7763568394002505e-15,1
4,0.02,12,4,10,0.0,1.7763568394002505e-15,1
4,0.02,12,5,1,2.3352682385950967,2.867019014504799,9
4,0.02,12,5,2,1.5160892618913948,1.8933814319213393,9
4,0.02,12,5,3,0.7400056313370058,0.9397372821840531,6
4,0.02,12,5,4,0.060301567618909147,0.025385925757407612,6
4,0.02,12,5,5,0.014528695466900388,0.001658801055928194,6
4,0.02,12,5,6,0.0009807652197340033,1.549845834247776e-05,3
4,0.02,12,5,7,0.0002591183971016875,1.8886305781506962e-06,2
4,0.02,12,5,8,4.781990729529895e-05,2.757425736632513e-07,1
4,0.02,12,5,9,5.618359715242605e-06,2.4868231918162564e-09,2
4,0.02,12,5,10,9.658435491388673e-07,3.5143976617746375e-10,1
4,0.02,12,6,1,3.8836601895139573,4.670732439510703,4
4,0.02,12,6,2,2.4871992597187305,2.990086193241126,5
4,0.02,12,6,3,0.8726756687284265,1.0431990647478884,2
4,0.02,12,6,4,0.03424508629346423,0.00719978685125966,1
4,0.02,12,6,5,0.02308793077843596,0.005782413367262151,2
4,0.02,12,6,6,0.0009426881362344375,4.9766822957764134e-05,2
4,0.02,12,6,7,5.7746480047526916e-05,4.442850851660296e-07,2
4,0.02,12,6,8,2.2373548880239014e-06,1.51216283938993e-09,1
4,0.02,12,6,9,0.0,1.7763568394002505e-15,1
4,0.02,12,6,10,-5.329070518200751e-15,0.0,1
4,0.02,12,7,1,3.3017484125209577,3.9972876110263016,6
4,0.02,12,7,2,1.8887780414896458,2.1849649563881677,5
4,0.02,12,7,3,0.8343426956641977,0.9851246417402484,2
4,0.02,12,7,4,0.09084937262023018,0.046081586650971396,1
4,0.02,12,7,5,0.015044263894104404,0.0032202251897928136,1
4,0.02,12,7,6,0.0026999091611763504,0.00011113181987454368,1
4,0.02,12,7,7,0.0002889394478540197,1.8639292846955868e-06,2
4,0.02,12,7,8,4.501742447260426e-05,7.688455028187491e-08,1
4,0.02,12,7,9,1.80517197900798e-06,6.790941142753582e-10,1
4,0.02,12,7,10,2.829646224000726e-07,3.738165332833887e-11,1
4,0.02,12,8,1,3.1632857095943194,3.8855220709329252,9
4,0.02,12,8,2,1.6171361621318656,1.9550537658937541,9
4,0.02,12,8,3,0.7298629013349753,0.9228716226620302,6
4,0.02,12,8,4,0.07883878753980689,0.04349778713866126,6
4,0.02,12,8,5,0.007517932067098165,0.0005550551518362923,6
4,0.02,12,8,6,0.0008626215601630349,4.490835079451472e-05,5
4,0.02,12,8,7,0.0002966327962212745,8.314578072265988e-06,2
4,0.02,12,8,8,5.496324513210027e-05,2.8767334825374746e-07,2
4,0.02,12,8,9,5.743831991367188e-06,5.209933817695855e-09,2
4,0.02,12,8,10,1.9593466760170486e-07,4.1737280298548285e-11,1
4,0.02,12,9,1,3.74998771857188,4.670642796865964,6
4,0.02,12,9,2,1.732885469543298,2.037239540286077,7
4,0.02,12,9,3,0.8815246806509052,1.0600717859245101,7
4,0.02,12,9,4,0.1353982223622996,0.08402042394174192,3
4,0.02,12,9,5,0.01845984219109642,0.0024477551524135777,2
4,0.02,12,9,6,0.0022341955114342227,5.780861775939172e-05,1
4,0.02,12,9,7,0.00035268184013403925,3.2268964540449474e-06,3
4,0.02,12,9,8,4.78288083840539e-05,1.9395724848436657e-07,2
4,0.02,12,9,9,5.62391548442065e-06,3.55621132541728e-09,1
4,0.02,12,9,10,6.357333486306516e-07,3.7900349525443744e-11,1
4,0.02,12,10,1,3.2762374162610763,4.008640871359795,2
4,0.02,12,10,2,1.29677281808521,1.3729483134774387,1
4,0.02,12,10,3,0.20728642799565566,0.08314869099910283,1
4,0.02,12,10,4,0.0358474252263159,0.008560273729512957,3
4,0.02,12,10,5,0.0178724994625723,0.000966931342054167,2
4,0.02,12,10,6,0.0018533936888740499,1.4958110932994373e-05,1
4,0.02,12,10,7,0.0002944491204965871,1.1233911996200163e-06,2
4,0.02,12,10,8,4.6376645536305716e-05,7.791612333107878e-08,3
4,0.02,12,10,9,8.67891370948115e-06,5.5619118199956574e-09,2
4,0.02,12,10,10,1.3967098384526366e-06,1.0939160688394622e-10,1
4,0.02,12,11,1,3.883007881209071,4.7851593544687905,8
4,0.02,12,11,2,2.3501375322358733,2.9147243362663957,6
4,0.02,12,11,3,1.0834699385187143,1.2016292474247336,6
4,0.02,12,11,4,0.0992566731404203,0.05522916041707582,5
4,0.02,12,11,5,0.02572125105682943,0.003612829496445258,5
4,0.02,12,11,6,0.004778566849322097,0.00037359268001857515,5
4,0.02,12,11,7,0.00032364901343129304,3.833985967816034e-06,3
4,0.02,12,11,8,5.5170933002557376e-05,2.8714459610057474e-07,2
4,0.02,12,11,9,8.389543513231956e-06,6.267987018304666e-09,2
4,0.02,12,11,10,1.22282839143395e-06,1.7854340228495857e-10,1
4,0.02,12,12,1,2.636513997661223,3.102777498603615,1
4,0.02,12,12,2,1.6292214266239364,1.985987541295538,2
4,0.02,12,12,3,0.280418781417926,0.17317157208684186,1
4,0.02,12,12,4,0.04813216849354429,0.022705960253354363,4
4,0.02,12,12,5,0.003934494879138661,9.22789843649241e-05,1
4,0.02,12,12,6,0.0010602506123111866,2.2222817285921792e-05,2
4,0.02,12,12,7,0.00017066172392965484,2.2056189434849216e-06,4
4,0.02,12,12,8,2.3439038527861555e-05,6.674138752771341e-08,2
4,0.02,12,12,9,3.795500165715282e-06,1.2896155254793484e-09,1
4,0.02,12,12,10,4.384160670056758e-07,5.0956572295035585e-11,1
4,0.02,12,13,1,2.589866294428626,3.103729359614576,5
4,0.02,12,13,2,1.6382740716513418,1.9683531537548786,5
4,0.02,12,13,3,0.10783803264312741,0.04032822643756351,3
4,0.02,12,13,4,0.024856526370663268,0.0040505685327651975,3
4,0.02,12,13,5,0.004006217653426347,0.0003993689591181848,2
4,0.02,12,13,6,0.0003456094789004993,1.34379698657483e-06,2
4,0.02,12,13,7,1.7763568394002505e-15,-1.7763568394002505e-15,3
4,0.02,12,13,8,1.7763568394002505e-15,0.0,3
4,0.02,12,13,9,1.7763568394002505e-15,0.0,1
4,0.02,12,13,10,0.0,0.0,1
4,0.02,12,14,1,3.0364689955719113,3.769776520455725,6
4,0.02,12,14,2,1.8020531997022138,2.1187522577543376,2
4,0.02,12,14,3,0.8060111458462158,1.0094685493613875,4
4,0.02,12,14,4,0.10524932667119824,0.06553690712912452,6
4,0.02,12,14,5,0.010755487188043311,0.0015917732225245729,4
4,0.02,12,14,6,0.0067567716245298115,0.0011242694441184753,4
4,0.02,12,14,7,0.0004931374895198459,2.6547988607461548e-06,4
4,0.02,12,14,8,4.465586434942992e-05,5.799418101304354e-07,2
4,0.02,12,14,9,4.260926163901502e-06,5.954730042390111e-09,1
4,0.02,12,14,10,2.824171660975594e-07,1.4193091146808001e-11,1
4,0.02,12,15,1,3.7094098316269912,4.637981843597142,8
4,0.02,12,15,2,2.3228531433926998,2.8672429491157203,6
4,0.02,12,15,3,0.8911931943019917,1.0649934413529927,5
4,0.02,12,15,4,0.09111118331063306,0.059413870636958244,1
4,0.02,12,15,5,0.020137866908094715,0.002213317867074238,1
4,0.02,12,15,6,0.004157187221873748,0.00011106540196870185,5
4,0.02,12,15,7,0.0008121532980576163,2.7242077162981104e-05,1
4,0.02,12,15,8,0.00013449940394405502,7.846866107996675e-07,1
4,0.02,12,15,9,2.452017380694116e-05,5.007549574997938e-08,1
4,0.02,12,15,10,6.9826501585268375e-06,2.1965984586813647e-09,1
4,0.02,12,16,1,3.7318779137615863,4.671404137530164,5
4,0.02,12,16,2,2.3039841186928935,2.887198256130251,4
4,0.02,12,16,3,0.8701740703299663,1.0814662256749372,3
4,0.02,12,16,4,0.11547214496737546,0.06566044532576853,2
4,0.02,12,16,5,0.021683987848186703,0.003880613074569439,6
4,0.02,12,16,6,0.0027308862207204854,8.519287206532056e-05,4
4,0.02,12,16,7,0.000574522930262944,6.819383579603766e-06,4
4,0.02,12,16,8,8.71220912017634e-05,7.672111852485841e-07,3
4,0.02,12,16,9,1.3005761994477893e-05,8.350930613687524e-09,2
4,0.02,12,16,10,1.1798316315037027e-06,1.6506085387391067e-10,1
4,0.02,12,17,1,4.42197354708383,5.504693859296818,6
4,0.02,12,17,2,2.3265803281402757,2.8854222955062916,5
4,0.02,12,17,3,1.011568786974669,1.1528856029499028,4
4,0.02,12,17,4,0.1257173927054236,0.052274024178649015,3
4,0.02,12,17,5,0.03541638446493778,0.00390716467717489,2
4,0.02,12,17,6,0.003520899119969556,7.571118423843615e-05,1
4,0.02,12,17,7,0.00021058040109256382,8.268088453888822e-07,1
4,0.02,12,17,8,6.217248937900877e-15,0.0,3
4,0.02,12,17,9,5.329070518200751e-15,0.0,2
4,0.02,12,17,10,5.329070518200751e-15,-3.552713678800501e-15,1
4,0.02,12,18,1,3.669642642131273,4.599739982563641,3
4,0.02,12,18,2,1.7046143771417794,2.0504668559666506,2
4,0.02,12,18,3,0.7567257944093653,0.9436656566462878,4
4,0.02,12,18,4,0.09558197664338675,0.07652463997212333,3
4,0.02,12,18,5,0.015906217754104723,0.0008328412208511438,3
4,0.02,12,18,6,0.0019098403283024368,3.8499888107779157e-05,3
4,0.02,12,18,7,9.204709405263856e-05,3.307134672780876e-07,2
4,0.02,12,18,8,1.1405071112413623e-05,1.0828587804212475e-08,1
4,0.02,12,18,9,-8.881784197001252e-16,1.7763568394002505e-15,1
4,0.02,12,18,10,-4.440892098500626e-15,1.7763568394002505e-15,1
4,0.02,12,19,1,2.302314288761231,2.840280751979096,10
4,0.02,12,19,2,0.9986218964576494,1.1280421357843178,9
4,0.02,12,19,3,0.07160560913845337,0.027650160992412687,4
4,0.02,12,19,4,0.002494077456614896,0.00015788642852498924,4
4,0.02,12,19,5,1.7763568394002505e-15,8.881784197001252e-16,1
4,0.02,12,19,6,8.881784197001252e-16,0.0,2
4,0.02,12,19,7,1.7763568394002505e-15,0.0,1
4,0.02,12,19,8,0.0,0.0,2
4,0.02,12,19,9,8.881784197001252e-16,0.0,1
4,0.02,12,19,10,0.0,0.0,1
4,0.02,12,20,1,2.2967474676181094,2.815400047569815,4
4,0.02,12,20,2,0.9186212263704956,1.0503639516008265,3
4,0.02,12,20,3,0.7128939330851365,0.9201500507777247,4
4,0.02,12,20,4,0.056355347482158535,0.022607906806833,1
4,0.02,12,20,5,0.0011968303631562094,5.984136027947784e-05,2
4,0.02,12,20,6,0.0006315357399531152,2.9831110134104222e-05,1
4,0.02,12,20,7,1.2326379430049883e-05,4.679029252940836e-08,3
4,0.02,12,20,8,2.2022979839775303e-06,2.478566685226724e-09,1
4,0.02,12,20,9,2.0173985504357006e-07,8.647660365568299e-11,1
4,0.02,12,20,10,1.1740587169128958e-08,6.465938895416912e-13,1
4,0.02,12,21,1,3.004475142065213,3.714993157915579,6
4,0.02,12,21,2,2.8866808216501623,3.6091848624682505,6
4,0.02,12,21,3,1.5422038489075165,1.911017895488559,6
4,0.02,12,21,4,0.06788927762637886,0.04278847318242729,5
4,0.02,12,21,5,0.009517599151354972,0.0006208412258654761,1
4,0.02,12,21,6,0.001135381954527226,1.7713910849259662e-05,1
4,0.02,12,21,7,8.881784197001252e-16,0.0,2
4,0.02,12,21,8,8.881784197001252e-16,0.0,2
4,0.02,12,21,9,8.881784197001252e-16,0.0,1
4,0.02,12,21,10,-2.6645352591003757e-15,3.552713678800501e-15,1
4,0.02,12,22,1,3.7228177566083556,4.6378009031410095,7
4,0.02,12,22,2,2.34309861092456,2.871315975624282,6
4,0.02,12,22,3,1.5478659907386252,1.8997569743314768,7
4,0.02,12,22,4,0.1681468450548298,0.13327204681474925,6
4,0.02,12,22,5,0.025208096431192928,0.003636925281049308,6
4,0.02,12,22,6,0.004397160647963361,0.00032766956858232277,4
4,0.02,12,22,7,0.00044942242331469373,4.9424901344963246e-06,3
4,0.02,12,22,8,0.00013705078725045894,1.0259762177611265e-06,2
4,0.02,12,22,9,8.699095809916457e-06,2.6832008614974256e-08,1
4,0.02,12,22,10,4.424032464811489e-07,1.2464695942071558e-10,1
4,0.02,12,23,1,3.0156309706538282,3.7829154916443315,9
4,0.02,12,23,2,2.18711820941036,2.7956196472591506,8
4,0.02,12,23,3,0.9698674929417743,1.1034721769425904,7
4,0.02,12,23,4,0.026468505758789895,0.007027773053451369,4
4,0.02,12,23,5,0.004931110237859748,0.0004103254504217446,4
4,0.02,12,23,6,0.0011813536796170254,3.834371213429222e-05,4
4,0.02,12,23,7,0.0001573670457508669,1.3153147904176876e-06,3
4,0.02,12,23,8,2.873835287964255e-06,2.7834001770088435e-09,3
4,0.02,12,23,9,5.329070518200751e-15,1.7763568394002505e-15,2
4,0.02,12,23,10,6.217248937900877e-15,3.552713678800501e-15,1
4,0.02,12,24,1,3.0682857478899503,3.787447654421655,7
4,0.02,12,24,2,1.668959099560892,2.0509259661743577,4
4,0.02,12,24,3,0.7727956535677194,0.9629206766054361,4
4,0.02,12,24,4,0.10925385097148688,0.08101536544941901,2
4,0.02,12,24,5,0.028751325251537452,0.00299103679129864,1
4,0.02,12,24,6,0.0017972256582119428,6.4909453105777e-05,2
4,0.02,12,24,7,0.0007828098894222535,5.351446641377322e-06,4
4,0.02,12,24,8,3.9732288634297674e-05,8.256071382106711e-08,3
4,0.02,12,24,9,1.4861544146427264e-05,7.881087782379836e-09,2
4,0.02,12,24,10,1.5973932860902096e-06,2.2674306876524497e-10,1
4,0.02,12,25,1,2.582042246277041,3.0672389915506297,6
4,0.02,12,25,2,1.4641572620592207,1.8525482172236867,5
4,0.02,12,25,3,0.8451306538584769,1.0046061226826222,4
4,0.02,12,25,4,0.07059377604108619,0.027292693594580086,4
4,0.02,12,25,5,0.00767162416848155,0.0008047666402308806,2
4,0.02,12,25,6,0.0011155397729556427,4.036129715867531e-05,2
4,0.02,12,25,7,3.857101335746904e-05,7.264217316560462e-08,2
4,0.02,12,25,8,3.0371745491919455e-06,1.7017534048591187e-09,3
4,0.02,12,25,9,3.9700268139597483e-07,4.489919547268073e-11,2
4,0.02,12,25,10,3.552713678800501e-15,1.7763568394002505e-15,1
4,0.02,12,26,1,2.900754075448697,3.711749114155129,9
4,0.02,12,26,2,1.6032815872715283,1.9808259813287954,9
4,0.02,12,26,3,0.8208198909650637,0.9776212350473963,8
4,0.02,12,26,4,0.10775126620398989,0.07781023605125803,6
4,0.02,12,26,5,0.015590051350677037,0.002388771672673151,6
4,0.02,12,26,6,0.0010847335829424765,5.6495600531114576e-05,4
4,0.02,12,26,7,0.00027033059022230077,1.2587511806216867e-06,3
4,0.02,12,26,8,7.712436198303863e-05,2.809301751227622e-07,2
4,0.02,12,26,9,6.6331525498952715e-06,2.7475941521970526e-09,1
4,0.02,12,26,10,5.932090108018429e-07,8.179235067018453e-11,1
4,0.02,12,27,1,4.415434634466365,5.505121607325577,8
4,0.02,12,27,2,2.9837958414172583,3.7176934610282295,6
4,0.02,12,27,3,1.552657558250024,1.9467654727740147,6
4,0.02,12,27,4,0.13876102194127782,0.13028408913655465,6
4,0.02,12,27,5,0.04206059237896831,0.02543031402978091,4
4,0.02,12,27,6,0.016356751772029554,0.002686335701137743,4
4,0.02,12,27,7,0.000847653405536164,4.8238791050536634e-05,3
4,0.02,12,27,8,0.00010654147838273786,1.6543747740627168e-06,3
4,0.02,12,27,9,5.64183057782941e-06,6.119398321402514e-09,1
4,0.02,12,27,10,4.535187230203519e-07,1.368309909821619e-10,1
4,0.02,12,28,1,2.502467136122405,3.024817029787883,1
4,0.02,12,28,2,1.1087964294934807,1.221960749067959,2
4,0.02,12,28,3,0.1260082244910743,0.04940831629446496,1
4,0.02,12,28,4,0.027162110461588895,0.019351629630851797,1
4,0.02,12,28,5,0.008473027457781335,0.0008698510807425563,1
4,0.02,12,28,6,0.0006929384467975197,2.445057953259777e-05,1
4,0.02,12,28,7,0.0001345963210059864,1.0980315430231258e-06,1
4,0.02,12,28,8,1.5252692806555501e-05,6.491893067561705e-08,2
4,0.02,12,28,9,6.030416098923297e-06,1.3792663011713557e-08,1
4,0.02,12,28,10,5.443547195227438e-07,1.0009770790020411e-10,1
4,0.02,12,29,1,3.607202003078066,4.566956440597649,8
4,0.02,12,29,2,2.4130898320406162,2.9075980825570715,7
4,0.02,12,29,3,0.9638690180758873,1.102940392393477,7
4,0.02,12,29,4,0.17042266993628008,0.11733062094294766,5
4,0.02,12,29,5,0.026221542440015178,0.0024008282048679774,4
4,0.02,12,29,6,0.008055686618646085,0.0009375793252344167,5
4,0.02,12,29,7,0.0010318270940201657,1.4572335491180866e-05,2
4,0.02,12,29,8,0.00039850930849549826,1.6672602782819013e-06,1
4,0.02,12,29,9,3.754328673455376e-05,1.6771798705406127e-07,2
4,0.02,12,29,10,1.4354079909573159e-05,1.8379868294005064e-08,1
4,0.02,12,30,1,3.13761253780003,3.854552791226954,5
4,0.02,12,30,2,1.1461988693115748,1.2422622882810668,5
4,0.02,12,30,3,0.14316736480956482,0.0965255047493212,3
4,0.02,12,30,4,0.02020687237262475,0.003246100885679226,3
4,0.02,12,30,5,0.00277987684314418,0.00014319494935843835,5
4,0.02,12,30,6,0.0004386265046472104,4.812172574197859e-06,5
4,0.02,12,30,7,6.814377609654088e-05,2.752233498881651e-07,4
4,0.02,12,30,8,9.13708246930156e-06,8.289463337973757e-09,3
4,0.02,12,30,9,9.29723154463602e-07,4.163691613712217e-10,1
4,0.02,12,30,10,1.4678255144673358e-07,1.4447110174842237e-11,1
4,0.02,12,31,1,3.9389081561642394,4.726434713016003,2
4,0.02,12,31,2,2.2910535097725875,2.847011841327692,3
4,0.02,12,31,3,0.8611480442308208,0.9904179454439337,3
4,0.02,12,31,4,0.10137291398787429,0.0275165101516075,2
4,0.02,12,31,5,0.01773967972972823,0.0008669932013845028,5
4,0.02,12,31,6,0.0013127781189830046,3.890597423605868e-05,3
4,0.02,12,31,7,0.0008018624200696323,6.057966858818986e-06,3
4,0.02,12,31,8,0.0002739608182737996,2.7472609254175495e-07,2
4,0.02,12,31,9,1.685992573197126e-05,5.257467350361367e-09,2
4,0.02,12,31,10,5.109782970080801e-07,3.19033688356285e-11,1
4,0.02,12,32,1,3.662800472148982,4.598974186702289,4
4,0.02,12,32,2,1.7619539204579393,2.041718537643942,9
4,0.02,12,32,3,0.2586900282405882,0.21812366520783488,4
4,0.02,12,32,4,0.09453197229302734,0.052811221135559805,5
4,0.02,12,32,5,0.022317838998697326,0.0021203206197295543,5
4,0.02,12,32,6,0.003975470546762949,9.488340762953129e-05,5
4,0.02,12,32,7,0.00045255968832869087,3.615827476544098e-06,4
4,0.02,12,32,8,5.194622326065712e-05,5.990027851510149e-08,3
4,0.02,12,32,9,4.5759955469293345e-07,8.462386347218853e-11,1
4,0.02,12,32,10,1.0429284280633055e-07,3.561595462997502e-12,1
4,0.02,12,33,1,3.6653446638041327,4.602114211486356,2
4,0.02,12,33,2,2.325684088735416,2.867650242848555,2
4,0.02,12,33,3,0.9862540199115895,1.0847957492120264,4
4,0.02,12,33,4,0.08674808604453688,0.051339128217037455,2
4,0.02,12,33,5,0.04553672795022656,0.02198271990748868,2
4,0.02,12,33,6,0.011354873962109657,0.0017527709649076684,1
4,0.02,12,33,7,0.0008718021827469613,4.373583435413053e-05,2
4,0.02,12,33,8,9.837856841166115e-05,5.381797585357617e-07,1
4,0.02,12,33,9,1.0927024257867402e-05,3.280541349681698e-08,2
4,0.02,12,33,10,1.0970511006291872e-06,3.255919978073507e-10,1
4,0.02,12,34,1,3.0584031916736008,3.788848767416809,8
4,0.02,12,34,2,2.3999711804792314,2.908557859693711,8
4,0.02,12,34,3,0.8724923922136592,1.0325600147781389,7
4,0.02,12,34,4,0.09809147680941255,0.05027707411854898,6
4,0.02,12,34,5,0.03405958643374074,0.02088163127560705,1
4,0.02,12,34,6,0.003114865178754478,0.0003772539405471065,1
4,0.02,12,34,7,0.000843855465640253,1.1617875522951238e-05,3
4,0.02,12,34,8,0.00010187649555870593,6.854747791606997e-07,1
4,0.02,12,34,9,4.601648046698159e-05,1.3122230413387115e-07,1
4,0.02,12,34,10,1.3240348435417104e-06,2.657927211657807e-10,1
4,0.02,12,35,1,3.3282170131036084,4.030641135190443,2
4,0.02,12,35,2,1.8128358431139882,2.084649005400112,9
4,0.02,12,35,3,0.8700219529244713,0.9973644732771012,2
4,0.02,12,35,4,0.0902173061023861,0.052249130084907947,2
4,0.02,12,35,5,0.015151705332716148,0.0010426062410129333,2
4,0.02,12,35,6,0.0017471584864194867,2.078142948125361e-05,1
4,0.02,12,35,7,2.6645352591003757e-15,-5.329070518200751e-15,2
4,0.02,12,35,8,4.440892098500626e-15,-1.7763568394002505e-15,1
4,0.02,12,35,9,2.6645352591003757e-15,0.0,1
4,0.02,12,35,10,2.6645352591003757e-15,0.0,1
4,0.02,12,36,1,3.118474394077417,3.7870282485945435,2
4,0.02,12,36,2,1.7093904454026312,2.0537702140850946,3
4,0.02,12,36,3,0.9746463574358906,1.1020966223136677,2
4,0.02,12,36,4,0.07419237172942061,0.01512424743528662,1
4,0.02,12,36,5,0.018952947343169768,0.001893239487769982,5
4,0.02,12,36,6,0.0021847221140038897,6.585911366130404e-05,3
4,0.02,12,36,7,0.00043125525674625464,4.010751815108904e-06,3
4,0.02,12,36,8,6.973517821329267e-05,2.3414439276336907e-07,2
4,0.02,12,36,9,1.200844575421911e-05,6.151861242642553e-09,1
4,0.02,12,36,10,8.920736629391968e-07,6.725464629653288e-11,1
4,0.02,12,37,1,3.058809346385897,3.8341629735812397,3
4,0.02,12,37,2,1.8283241803373764,2.1573240110563496,2
4,0.02,12,37,3,0.3123423506043972,0.25185938093391425,1
4,0.02,12,37,4,0.05529478289851486,0.02089794570969339,6
4,0.02,12,37,5,0.009330879926774394,0.00037967501878810594,5
4,0.02,12,37,6,0.008600584636411668,0.0003185060751569324,4
4,0.02,12,37,7,0.0006009192321707602,1.0085537430981617e-05,3
4,0.02,12,37,8,0.00023722160882311272,7.162008337502357e-07,2
4,0.02,12,37,9,1.584408342214516e-05,1.3984930546939722e-08,1
4,0.02,12,37,10,6.172284310324017e-07,3.246292124003958e-11,1
4,0.02,12,38,1,2.2994520416613664,2.8805816292568185,6
4,0.02,12,38,2,1.5878330532811464,1.9346441937126624,3
4,0.02,12,38,3,0.8091335274325688,0.9785673564300499,3
4,0.02,12,38,4,0.11797897814455016,0.09419699159316863,3
4,0.02,12,38,5,0.008931655474304634,0.0010040952433065797,1
4,0.02,12,38,6,0.005374014000789629,0.0005845904603951624,1
4,0.02,12,38,7,0.00028277765975115443,1.2528683974721844e-06,1
4,0.02,12,38,8,6.879646305169018e-05,1.9458558320195607e-07,1
4,0.02,12,38,9,2.636004960976379e-06,9.736442763141895e-10,2
4,0.02,12,38,10,2.1014333260183093e-06,8.097078563196192e-10,1
4,0.02,12,39,1,2.4351280985375334,2.951143004717636,5
4,0.02,12,39,2,1.0771080041186005,1.188550656926198,6
4,0.02,12,39,3,0.1619418129781769,0.14065153742649894,7
4,0.02,12,39,4,0.06623850798939301,0.04127174327353966,6
4,0.02,12,39,5,0.012982955044235744,0.0007264713366783582,5
4,0.02,12,39,6,0.0014416048264278558,2.6336156582651427e-05,4
4,0.02,12,39,7,3.8494068513195145e-05,7.228364928835163e-08,4
4,0.02,12,39,8,1.7763568394002505e-15,1.7763568394002505e-15,1
4,0.02,12,39,9,4.440892098500626e-15,1.7763568394002505e-15,2
4,0.02,12,39,10,8.881784197001252e-16,1.7763568394002505e-15,1
4,0.02,12,40,1,3.790943165973337,4.704220263847583,2
4,0.02,12,40,2,1.737738191058673,2.037805611310561,5
4,0.02,12,40,3,0.8852016338790811,0.9994519574044776,5
4,0.02,12,40,4,0.0975329121748505,0.07683780959037811,3
4,0.02,12,40,5,0.03006886138767939,0.005659269667438238,2
4,0.02,12,40,6,0.0025065670120572037,8.723546001476734e-05,1
4,0.02,12,40,7,0.0003448472448255302,4.376067763267599e-06,2
4,0.02,12,40,8,0.0001899199316408584,5.616840415001434e-07,3
4,0.02,12,40,9,1.75430986981695e-05,2.858573289188371e-08,2
4,0.02,12,40,10,2.2047640992894912e-06,5.327951413391929e-10,1
4,0.02,12,41,1,2.911072703523369,3.679814529381259,8
4,0.02,12,41,2,1.7631849409263092,2.0698740057681704,6
4,0.02,12,41,3,0.8705188873705803,1.0145575589804459,5
4,0.02,12,41,4,0.1171808091620754,0.06834691555912542,4
4,0.02,12,41,5,0.02660416956709266,0.0036888215063539675,3
4,0.02,12,41,6,0.003781192528793831,0.00014654688276127814,2
4,0.02,12,41,7,0.00013488524855009842,8.197729837178258e-07,4
4,0.02,12,41,8,2.5807243104303268e-05,8.565456077747058e-08,3
4,0.02,12,41,9,2.0930802717700203e-06,1.4195382647130828e-09,2
4,0.02,12,41,10,2.6645352591003757e-15,-1.7763568394002505e-15,1
4,0.02,12,42,1,3.887730104985004,4.739924447268493,5
4,0.02,12,42,2,2.3122927398627544,2.867030787980955,3
4,0.02,12,42,3,0.9101389237755528,1.0211485356201768,3
4,0.02,12,42,4,0.1015505699308008,0.04739357150394419,2
4,0.02,12,42,5,0.026399398677516395,0.019125931553485742,1
4,0.02,12,42,6,0.005244104329967136,0.0005477755778047211,4
4,0.02,12,42,7,0.0009010916316052331,3.8025204113445454e-05,3
4,0.02,12,42,8,0.00017951407222671634,2.0650524845677865e-06,2
4,0.02,12,42,9,3.510293907726947e-05,2.7890687093190536e-07,1
4,0.02,12,42,10,4.751679982817336e-07,2.0619594920390227e-10,1
4,0.02,12,43,1,2.99459468612436,3.718217491048403,4
4,0.02,12,43,2,1.5379791393228999,1.915001202861582,5
4,0.02,12,43,3,0.8298137029626256,0.9959988121138537,8
4,0.02,12,43,4,0.06548230254026066,0.024324701665785042,7
4,0.02,12,43,5,0.024141714870007824,0.0025929932785100362,6
4,0.02,12,43,6,0.004325245163521174,0.0003857801859101784,1
4,0.02,12,43,7,0.0007917271412356541,1.254521705185141e-05,4
4,0.02,12,43,8,8.924588134817668e-05,3.4400694204350657e-07,3
4,0.02,12,43,9,1.7444322153892244e-05,1.3195037951163613e-08,2
4,0.02,12,43,10,7.5906487602139805e-06,3.101339629552058e-09,1
4,0.02,12,44,1,2.9666846909453897,3.681975807737766,8
4,0.02,12,44,2,1.5876991119403092,1.9670851546474832,6
4,0.02,12,44,3,0.7244005249403065,0.9229254643311586,1
4,0.02,12,44,4,0.04106732125942347,0.0070487164977581784,4
4,0.02,12,44,5,0.004851862811561247,0.00024310056626308807,4
4,0.02,12,44,6,0.0007130296330410957,7.563381268838043e-06,4
4,0.02,12,44,7,2.666002061779693e-05,3.106694990151482e-08,4
4,0.02,12,44,8,1.7763568394002505e-15,0.0,3
4,0.02,12,44,9,4.440892098500626e-15,0.0,2
4,0.02,12,44,10,8.881784197001252e-16,0.0,1
4,0.02,12,45,1,3.8473282209878965,4.7331902499464,6
4,0.02,12,45,2,2.1974642478266047,2.7954163535013983,7
4,0.02,12,45,3,1.0281950731230376,1.1616828185071233,6
4,0.02,12,45,4,0.12436928937793112,0.08314806389007146,6
4,0.02,12,45,5,0.016157095868418736,0.000893650989258532,6
4,0.02,12,45,6,0.0012045048366076117,3.319930024403561e-05,4
4,0.02,12,45,7,0.00017477635514229206,7.94799333903029e-07,4
4,0.02,12,45,8,2.042810365310288e-14,0.0,2
4,0.02,12,45,9,1.865174681370263e-14,-1.7763568394002505e-15,1
4,0.02,12,45,10,9.769962616701378e-15,0.0,1
4,0.02,12,46,1,1.8849726812162473,2.144496049223198,8
4,0.02,12,46,2,1.0705699587364776,1.0939189423596751,8
4,0.02,12,46,3,0.2179831377218857,0.1879707296703006,4
4,0.02,12,46,4,0.022060849945070515,0.019184258365194218,3
4,0.02,12,46,5,0.01000508907008335,0.0030219310181109904,4
4,0.02,12,46,6,0.0017968781267523326,0.00029129788525317224,3
4,0.02,12,46,7,0.00025147485301157957,6.796792087371273e-06,3
4,0.02,12,46,8,2.904776914114393e-05,2.2042434899560703e-07,3
4,0.02,12,46,9,1.2483010287667184e-06,1.0596004074159282e-09,1
4,0.02,12,46,10,1.4464973929761982e-07,4.46878090087921e-11,1
4,0.02,12,47,1,3.362008674366085,4.062581299160303,9
4,0.02,12,47,2,1.8414292772236882,2.1490397495098996,5
4,0.02,12,47,3,0.7947895662002251,0.9614678248530595,5
4,0.02,12,47,4,0.09286282589921768,0.05201037655180585,6
4,0.02,12,47,5,0.014975307228188406,0.0010522123524951965,6
4,0.02,12,47,6,0.0016724204400579978,2.395981227998334e-05,4
4,0.02,12,47,7,0.00031665672845182513,5.777962261532821e-06,1
4,0.02,12,47,8,5.8401400267804604e-05,1.9122500383161878e-07,1
4,0.02,12,47,9,1.2746320044776382e-05,8.169976695171499e-09,1
4,0.02,12,47,10,1.2714834811689002e-06,1.5629986194198864e-10,1
4,0.02,12,48,1,2.9502252636909594,3.7140610310788897,9
4,0.02,12,48,2,1.1045786358951704,1.2256612017173536,3
4,0.02,12,48,3,0.8888043561277206,1.0504446262382023,2
4,0.02,12,48,4,0.04769128560358116,0.039612166492540624,2
4,0.02,12,48,5,0.010059047621134631,0.002745799870549348,1
4,0.02,12,48,6,0.0010160593240211568,4.263618686017878e-05,1
4,0.02,12,48,7,7.105427357601002e-15,-8.881784197001252e-16,3
4,0.02,12,48,8,7.993605777301127e-15,0.0,2
4,0.02,12,48,9,7.993605777301127e-15,0.0,1
4,0.02,12,48,10,-2.6645352591003757e-15,0.0,1
4,0.02,12,49,1,3.080089587798285,3.804171515449241,8
4,0.02,12,49,2,1.5853635275590952,1.981041372192422,8
4,0.02,12,49,3,0.8574817062294331,1.0114363980163548,5
4,0.02,12,49,4,0.1362544930776215,0.08272628050277042,5
4,0.02,12,49,5,0.0195783327535759,0.003225272698122339,5
4,0.02,12,49,6,0.002289378458621094,4.7216932630433917e-05,5
4,0.02,12,49,7,7.251861809276505e-05,3.252379316975862e-07,2
4,0.02,12,49,8,9.301492455371374e-06,9.10114650309879e-09,3
4,0.02,12,49,9,1.088174365726502e-06,1.4855494612220355e-10,2
4,0.02,12,49,10,8.284302754901773e-08,2.474465077284549e-12,1
4,0.02,12,50,1,3.213696407087749,3.9181171088887314,6
4,0.02,12,50,2,1.5782961564923532,1.9496673979865573,4
4,0.02,12,50,3,0.7846613231854818,0.957916296941165,3
4,0.02,12,50,4,0.0742283678193072,0.03310484545523895,3
4,0.02,12,50,5,0.020450800728330165,0.01869575256419953,1
4,0.02,12,50,6,0.004587419425114092,0.00013329127526873208,2
4,0.02,12,50,7,0.0008032320005213478,2.491721476527431e-05,2
4,0.02,12,50,8,0.00017486341586625542,1.4567325266057196e-06,2
4,0.02,12,50,9,2.1724710759229993e-05,5.9519109640859824e-08,1
4,0.02,12,50,10,2.468482893647206e-06,7.358060827300505e-10,1
4,0.02,12,51,1,3.116177360792763,3.8238150243484306,5
4,0.02,12,51,2,2.3706182554905997,2.8750875155870608,4
4,0.02,12,51,3,1.0108272611345122,1.1671879147107402,4
4,0.02,12,51,4,0.12396133919976116,0.07987009211222862,4
4,0.02,12,51,5,0.02042355824038644,0.0013564057168595767,5
4,0.02,12,51,6,0.011959380509386719,0.0006791775752130746,4
4,0.02,12,51,7,0.0005415568975450924,2.521763613927419e-06,4
4,0.02,12,51,8,0.00011209397538891608,2.59857541706765e-07,2
4,0.02,12,51,9,1.966400481734354e-05,2.3026007767157353e-08,1
4,0.02,12,51,10,1.1693858557038084e-06,8.954081920364843e-11,1
4,0.02,12,52,1,3.065789355050172,3.7879037943242224,7
4,0.02,12,52,2,1.6277080605053742,1.9839466921477626,8
4,0.02,12,52,3,0.7992126112615869,0.961439822594734,4
4,0.02,12,52,4,0.09185942583965634,0.04676687687326808,4
4,0.02,12,52,5,0.020021449023746918,0.0012333906658437144,4
4,0.02,12,52,6,0.002066768622760229,5.589574595976643e-05,4
4,0.02,12,52,7,0.0002379883962033702,1.0544887842911521e-06,1
4,0.02,12,52,8,2.5392203281349168e-05,2.3333328158514632e-08,1
4,0.02,12,52,9,4.091873752720687e-06,1.1840857183642584e-09,1
4,0.02,12,52,10,2.9964315206854053e-07,1.1199929872418579e-11,1
4,0.02,12,53,1,3.719449810831839,4.6042399570229655,6
4,0.02,12,53,2,2.8869006096416845,3.678666701624233,4
4,0.02,12,53,3,1.0531262953315546,1.1671282224819022,3
4,0.02,12,53,4,0.09469169094719554,0.01852939107247309,3
4,0.02,12,53,5,0.03470531254465481,0.020565608572885807,6
4,0.02,12,53,6,0.014667632109206075,0.0021065585702686462,5
4,0.02,12,53,7,0.0025888035110028795,0.00032482737026651165,4
4,0.02,12,53,8,0.0004931329614894508,5.103383553972662e-06,3
4,0.02,12,53,9,1.9179505712507705e-05,4.758854643682753e-08,2
4,0.02,12,53,10,4.282238513120262e-06,2.6173694323006202e-09,1
4,0.02,12,54,1,2.402384029912442,2.953649814596501,4
4,0.02,12,54,2,0.915094933870467,1.0829775437871039,4
4,0.02,12,54,3,0.08042110574275707,0.03194115626366312,2
4,0.02,12,54,4,0.011225322064619014,0.0016384168229288676,4
4,0.02,12,54,5,0.0021935179846046537,0.00010925123620264543,4
4,0.02,12,54,6,0.0001768384226545905,1.1319354946692783e-06,4
4,0.02,12,54,7,1.7500897809163973e-05,5.165601368872785e-08,4
4,0.02,12,54,8,1.1003754911698138e-06,1.8770762721942447e-10,2
4,0.02,12,54,9,1.5317886514765178e-07,1.5077716852829326e-11,2
4,0.02,12,54,10,7.105427357601002e-15,0.0,1
4,0.02,12,55,1,3.2438680801389568,3.940297260331432,5
4,0.02,12,55,2,2.0318839515070506,2.3078437135239387,5
4,0.02,12,55,3,0.8375254515960764,0.9798381738512933,8
4,0.02,12,55,4,0.10246036755178345,0.03551645203333642,5
4,0.02,12,55,5,0.03114514331331275,0.021571377831364202,6
4,0.02,12,55,6,0.012469952417789365,0.0014177169867863881,5
4,0.02,12,55,7,0.0008441770829277218,8.505634197852885e-06,1
4,0.02,12,55,8,0.0002706139266281937,4.482420248308472e-06,3
4,0.02,12,55,9,2.7991678030581113e-05,6.283343623181281e-08,1
4,0.02,12,55,10,1.0830920152749002e-05,1.6298525196134506e-08,1
4,0.02,12,56,1,2.6030151430231943,3.0586864458895615,7
4,0.02,12,56,2,1.0749803090627683,1.2047415223979847,4
4,0.02,12,56,3,0.2871242464292987,0.24877597354987735,4
4,0.02,12,56,4,0.05169090793029074,0.009219361349335209,4
4,0.02,12,56,5,0.0016077257405360257,3.736308247237474e-05,2
4,0.02,12,56,6,0.00039489900230549324,2.7468326315727154e-06,1
4,0.02,12,56,7,3.6420113231017126e-05,9.198964967538359e-08,1
4,0.02,12,56,8,2.6645352591003757e-15,0.0,2
4,0.02,12,56,9,1.7763568394002505e-15,0.0,1
4,0.02,12,56,10,-5.329070518200751e-15,1.7763568394002505e-15,1
4,0.02,12,57,1,3.2933612664818446,3.9716665796131885,8
4,0.02,12,57,2,1.9288057576952307,2.192315179075929,7
4,0.02,12,57,3,0.3025880572674753,0.20410501877121323,7
4,0.02,12,57,4,0.09484002656177815,0.04498806454258286,7
4,0.02,12,57,5,0.015215121196532344,0.0015356153059862265,4
4,0.02,12,57,6,0.0055657092567829025,0.00026224609743419336,3
4,0.02,12,57,7,0.0002832057404171806,1.3363805173582932e-06,3
4,0.02,12,57,8,0.00010250646951259768,4.5177764107506846e-07,3
4,0.02,12,57,9,3.4516030114062346e-06,6.837321819830322e-10,1
4,0.02,12,57,10,1.3447102817920609e-06,2.418918398916503e-10,1
4,0.02,12,58,1,3.165102905092442,3.852411414642594,3
4,0.02,12,58,2,1.826329574454948,2.1197825173483436,3
4,0.02,12,58,3,0.7439088766850883,0.9281844573738041,2
4,0.02,12,58,4,0.031004868829120014,0.023908865907184662,1
4,0.02,12,58,5,0.006924618084803491,0.0011212039303822863,1
4,0.02,12,58,6,8.881784197001252e-16,-1.7763568394002505e-15,4
4,0.02,12,58,7,-8.881784197001252e-16,0.0,3
4,0.02,12,58,8,8.881784197001252e-16,0.0,2
4,0.02,12,58,9,-8.881784197001252e-16,0.0,1
4,0.02,12,58,10,-2.6645352591003757e-15,0.0,1
4,0.02,12,59,1,2.422743428492768,2.932422828222329,1
4,0.02,12,59,2,1.722950521029774,2.0524245160365986,2
4,0.02,12,59,3,0.7101621599918806,0.9218224865359259,8
4,0.02,12,59,4,0.07847549251240515,0.05672177154792646,5
4,0.02,12,59,5,0.012420056858190698,0.000585634177180161,5
4,0.02,12,59,6,0.012263709879567486,0.0005277607835632026,5
4,0.02,12,59,7,0.0006053459633141856,1.613619994422777e-05,4
4,0.02,12,59,8,0.00010231355723089308,4.087475744540825e-07,1
4,0.02,12,59,9,1.671106793299515e-05,2.591492176406973e-08,2
4,0.02,12,59,10,6.924044428480158e-06,3.812136384340192e-09,1
4,0.02,12,60,1,3.008747848623992,3.7542279748041043,3
4,0.02,12,60,2,1.4389861603168175,1.87664604148119,1
4,0.02,12,60,3,0.7223353881827554,0.9295243296761697,1
4,0.02,12,60,4,0.041017735214326834,0.03792511159874312,1
4,0.02,12,60,5,0.01909897754151757,0.0036282246879233426,1
4,0.02,12,60,6,0.002015783923235759,8.225626927682583e-05,1
4,0.02,12,60,7,2.6645352591003757e-15,-2.6645352591003757e-15,4
4,0.02,12,60,8,1.7763568394002505e-15,-1.7763568394002505e-15,3
4,0.02,12,60,9,1.7763568394002505e-15,-1.7763568394002505e-15,2
4,0.02,12,60,10,0.0,-1.7763568394002505e-15,1
4,0.02,12,61,1,4.367683504035695,5.504460658737488,3
4,0.02,12,61,2,2.4834135621623092,3.007200134873715,3
4,0.02,12,61,3,1.0251597479448824,1.1528567167688228,3
4,0.02,12,61,4,0.11176899031534848,0.04720068973050573,1
4,0.02,12,61,5,0.020252621541769322,0.0011424048856252256,3
4,0.02,12,61,6,0.005884911069416354,0.00022582522426617402,3
4,0.02,12,61,7,0.0003308058798543456,3.7367777743213537e-06,2
4,0.02,12,61,8,6.838924247976053e-05,2.35351123478722e-07,3
4,0.02,12,61,9,3.5417771231394113e-06,4.460904534653309e-09,2
4,0.02,12,61,10,6.202774214258966e-07,7.330136497785134e-11,1
4,0.02,12,62,1,3.7125200571466603,4.6010645369053105,9
4,0.02,12,62,2,1.7266010810461427,2.0672420573965002,9
4,0.02,12,62,3,0.3089343948712475,0.2515186656800257,2
4,0.02,12,62,4,0.05366042942687077,0.0072484547397637655,2
4,0.02,12,62,5,0.008402439092545677,0.00027986834897753,1
4,0.02,12,62,6,0.0015376214553324274,0.00027618928566575107,5
4,0.02,12,62,7,0.0003566755485966411,3.0563875759170855e-06,2
4,0.02,12,62,8,4.29024878716433e-05,2.8354579306721917e-07,3
4,0.02,12,62,9,1.0624790171220866e-05,1.9863348299509198e-08,2
4,0.02,12,62,10,1.4147755553750585e-06,5.567439842479871e-10,1
4,0.02,12,63,1,3.855439918278319,4.766517923945454,2
4,0.02,12,63,2,2.266231225329009,2.847952854989206,2
4,0.02,12,63,3,1.0394791129509082,1.181860190676459,4
4,0.02,12,63,4,0.10505863842476604,0.1101400109879167,2
4,0.02,12,63,5,0.04861922461111323,0.03864978618662285,2
4,0.02,12,63,6,0.011527838365688048,0.0016655758290031741,3
4,0.02,12,63,7,0.001520048830431442,5.8743579548270475e-05,2
4,0.02,12,63,8,0.00011109224333782919,2.6506563521877524e-07,1
4,0.02,12,63,9,2.8408640107002725e-06,8.635119286282134e-10,1
4,0.02,12,63,10,6.089935666864221e-08,3.2649438708176604e-12,1
4,0.02,12,64,1,3.1054360083227417,3.8324739791800226,5
4,0.02,12,64,2,2.3676585833866683,2.8829760963227296,5
4,0.02,12,64,3,0.8086069934685387,1.0089676249282356,5
4,0.02,12,64,4,0.09107244328999098,0.07306572005215806,1
4,0.02,12,64,5,0.0176106297393952,0.002521741635401753,1
4,0.02,12,64,6,0.0062166014283855375,0.0006315503945470979,1
4,0.02,12,64,7,0.0006780781218349574,2.352098235114397e-05,1
4,0.02,12,64,8,8.25352632167764e-05,4.19136972240608e-07,1
4,0.02,12,64,9,4.716470290766495e-06,1.485414458102241e-09,1
4,0.02,12,64,10,2.2879064776049063e-07,2.5304203177256568e-11,1
4,0.02,12,65,1,2.908368934333888,3.6952189693250297,3
4,0.02,12,65,2,1.6591013465429274,2.017157793097816,2
4,0.02,12,65,3,0.8338253942590761,1.010978459846969,1
4,0.02,12,65,4,0.09891570780049452,0.04886504030817207,4
4,0.02,12,65,5,0.017381790727477586,0.0022469631849713068,4
4,0.02,12,65,6,0.008304019690513087,0.0003011428402643901,2
4,0.02,12,65,7,0.0005038236525436446,9.316599266284697e-06,2
4,0.02,12,65,8,0.00011938948107115266,4.4938064647226383e-07,2
4,0.02,12,65,9,8.503599305598186e-06,8.256101580172981e-09,2
4,0.02,12,65,10,3.6649950097000783e-07,1.2171774699254456e-10,1
4,0.02,12,66,1,2.4546277899621947,2.9740523521089752,8
4,0.02,12,66,2,1.6195979489059829,1.9986662295527058,8
4,0.02,12,66,3,0.2553153596399662,0.1999255941890068,7
4,0.02,12,66,4,0.05095052880860251,0.024481118812324176,6
4,0.02,12,66,5,0.008698675736749983,0.0012802038564547757,3
4,0.02,12,66,6,0.0014829558133060416,2.7518959165639956e-05,3
4,0.02,12,66,7,0.0002621339618888996,2.1489781021344356e-06,3
4,0.02,12,66,8,3.4781746022893856e-05,4.2839436886765725e-08,2
4,0.02,12,66,9,6.869819038080038e-06,3.357291333827561e-09,1
4,0.02,12,66,10,6.477338443389158e-07,7.619682662607374e-11,1
4,0.02,12,67,1,3.05641538353171,3.760978461076003,8
4,0.02,12,67,2,1.6611865571116722,2.027612258303475,8
4,0.02,12,67,3,0.893584746459573,1.0319463492106395,7
4,0.02,12,67,4,0.08004730709178887,0.04314009585494638,7
4,0.02,12,67,5,0.008697276691555622,0.00124967330803738,2
4,0.02,12,67,6,0.0011479382503516433,1.2001399007033342e-05,1
4,0.02,12,67,7,4.440892098500626e-15,-3.552713678800501e-15,4
4,0.02,12,67,8,3.552713678800501e-15,-3.552713678800501e-15,3
4,0.02,12,67,9,2.6645352591003757e-15,-3.552713678800501e-15,2
4,0.02,12,67,10,2.6645352591003757e-15,-3.552713678800501e-15,1
4,0.02,12,68,1,3.304357585186515,4.001245064227449,2
4,0.02,12,68,2,1.1602173123090038,1.315374439542019,1
4,0.02,12,68,3,0.7385418205515331,0.9395642310088914,4
4,0.02,12,68,4,0.03612149363256112,0.03740101979512289,3
4,0.02,12,68,5,0.019376675394905618,0.018615876351299576,4
4,0.02,12,68,6,0.0030654474474731686,0.0005412554606030184,3
4,0.02,12,68,7,0.0006173958223962828,2.134488671146073e-05,2
4,0.02,12,68,8,7.601214289021385e-05,3.41334146725103e-07,2
4,0.02,12,68,9,5.396556557180077e-06,4.409885789868895e-09,1
4,0.02,12,68,10,-9.769962616701378e-15,-1.7763568394002505e-15,1
4,0.02,12,69,1,3.2119805851019496,3.904053810844431,7
4,0.02,12,69,2,1.881222046790823,2.2130230626528373,7
4,0.02,12,69,3,0.8003956676780231,0.9644498992793533,4
4,0.02,12,69,4,0.12022580380176073,0.07732056652671382,4
4,0.02,12,69,5,0.026714299153512755,0.0019716924789605628,5
4,0.02,12,69,6,0.010996382099397906,0.0004004936871995213,4
4,0.02,12,69,7,0.000974367082983818,1.293648665434688e-05,3
4,0.02,12,69,8,6.878563516288239e-05,2.1348061984838296e-07,2
4,0.02,12,69,9,2.9154064714376204e-05,9.475337492403924e-08,1
4,0.02,12,69,10,1.8208487109205862e-06,3.6618903465068797e-09,1
4,0.02,12,70,1,3.876678993682601,4.793013529429594,2
4,0.02,12,70,2,2.4888133471397715,2.9915835436153095,3
4,0.02,12,70,3,0.9027445287772249,1.065697926224872,3
4,0.02,12,70,4,0.17319865936207002,0.16354966490710243,3
4,0.02,12,70,5,0.04792893028067091,0.02622461830407552,3
4,0.02,12,70,6,0.02159470560195942,0.003353671283522708,3
4,0.02,12,70,7,0.002980506503872604,0.00033931621677396606,3
4,0.02,12,70,8,0.0002603814921258163,6.590545805096326e-06,2
4,0.02,12,70,9,2.299920792214749e-05,8.36382696434157e-08,1
4,0.02,12,70,10,3.0602124390100016e-07,2.205879923167231e-11,1
4,0.02,12,71,1,3.162664413478521,3.872147807386421,3
4,0.02,12,71,2,1.5631350131619675,1.9185793854351925,1
4,0.02,12,71,3,0.18595546696991416,0.1678725752489827,1
4,0.02,12,71,4,0.04107795703403294,0.006531895449642278,1
4,0.02,12,71,5,0.003527629019454359,0.00031492964373036614,1
4,0.02,12,71,6,0.0011471700569716248,3.698334281843074e-05,1
4,0.02,12,71,7,0.00016785479621805877,1.2538154319230443e-06,1
4,0.02,12,71,8,3.015861385069485e-05,7.887772568437867e-08,3
4,0.02,12,71,9,4.224864214030788e-06,5.064876518190431e-09,1
4,0.02,12,71,10,1.3713308293361592e-06,5.134062064371392e-10,1
4,0.02,12,72,1,3.1278934132344425,3.8191613700644673,2
4,0.02,12,72,2,1.674181415504167,2.002294721799009,2
4,0.02,12,72,3,0.2307039637759587,0.2295051408565465,1
4,0.02,12,72,4,0.04743923011623696,0.022501393201451947,3
4,0.02,12,72,5,0.009441106573701674,0.0012294005831616772,2
4,0.02,12,72,6,0.0008603240572133686,4.474182282176997e-05,1
4,0.02,12,72,7,9.860203740164053e-05,2.782147241475741e-07,2
4,0.02,12,72,8,9.763318477240546e-06,1.1070817151903611e-08,3
4,0.02,12,72,9,2.0576616446277285e-06,5.961879878668697e-10,2
4,0.02,12,72,10,1.8649325106423476e-07,2.3229418388837075e-11,1
4,0.02,12,73,1,4.405770357540021,5.45428836498175,5
4,0.02,12,73,2,2.4284595467154357,2.9428385471508705,4
4,0.02,12,73,3,0.8532184233222964,1.044914090292174,6
4,0.02,12,73,4,0.08001416165885811,0.06216247623716864,1
4,0.02,12,73,5,0.038136951332615965,0.021673720471335756,1
4,0.02,12,73,6,0.0016126274094236948,5.053172190638833e-05,5
4,0.02,12,73,7,0.0005176025514952443,4.434701158295695e-06,4
4,0.02,12,73,8,6.150055913067831e-05,5.606731274809817e-07,1
4,0.02,12,73,9,2.8980380193388555e-06,3.4714684460368517e-09,1
4,0.02,12,73,10,1.583959070572405e-06,5.656826118638492e-10,1
4,0.02,12,74,1,3.2130693790857245,3.9366592149299784,5
4,0.02,12,74,2,1.6399292116423139,1.9841250957313203,3
4,0.02,12,74,3,0.32592639825256686,0.29761048808181023,3
4,0.02,12,74,4,0.06536864824405253,0.04277441490816436,2
4,0.02,12,74,5,0.011198219753757677,0.0009896618579769978,1
4,0.02,12,74,6,0.0015992362935755011,0.00010144395935984818,5
4,0.02,12,74,7,9.036927510930326e-05,5.456958946936652e-07,3
4,0.02,12,74,8,6.140076494087765e-05,3.121314549048293e-07,3
4,0.02,12,74,9,4.392280673393145e-06,7.127711754151278e-09,2
4,0.02,12,74,10,7.985085419548454e-07,2.0834534097957658e-10,1
4,0.02,12,75,1,1.6875960784890163,2.0643709704481683,1
4,0.02,12,75,2,0.7498195562718157,0.948453838194288,1
4,0.02,12,75,3,0.11674285551315844,0.07760938646947224,1
4,0.02,12,75,4,0.012365674932916626,0.0043663435584218036,3
4,0.02,12,75,5,0.002685454328161363,0.00038647045006623415,2
4,0.02,12,75,6,0.00029763246890102124,6.859499091405041e-06,2
4,0.02,12,75,7,3.7736959928480474e-05,5.068795498885947e-07,1
4,0.02,12,75,8,-8.881784197001252e-16,0.0,1
4,0.02,12,75,9,-8.881784197001252e-16,0.0,1
4,0.02,12,75,10,-2.6645352591003757e-15,-1.7763568394002505e-15,1
4,0.02,12,76,1,3.7965820184538073,4.747952498061844,8
4,0.02,12,76,2,2.409986364502223,2.939625845538135,7
4,0.02,12,76,3,0.39631913402585806,0.3174820713683273,8
4,0.02,12,76,4,0.0780914456013111,0.016226601493750437,7
4,0.02,12,76,5,0.009326776824188698,0.000580554118368326,6
4,0.02,12,76,6,0.001435985692309849,3.238535602179127e-05,5
4,0.02,12,76,7,2.6645352591003757e-15,-1.7763568394002505e-15,4
4,0.02,12,76,8,8.881784197001252e-16,-1.7763568394002505e-15,3
4,0.02,12,76,9,2.6645352591003757e-15,-1.7763568394002505e-15,2
4,0.02,12,76,10,-8.881784197001252e-16,-3.552713678800501e-15,1
4,0.02,12,77,1,2.9348628188604966,3.715964488067744,7
4,0.02,12,77,2,1.5293836834517425,1.912580555274145,8
4,0.02,12,77,3,0.7534945397883854,0.942244611137351,1
4,0.02,12,77,4,0.08719878544956572,0.028292486979323073,1
4,0.02,12,77,5,0.009060599278145176,0.00034136751502344964,2
4,0.02,12,77,6,0.008365641552231295,0.000302317656587725,1
4,0.02,12,77,7,0.0005964173337602574,1.315628743814301e-05,1
4,0.02,12,77,8,4.6799508828243574e-05,1.4875251252988164e-07,2
4,0.02,12,77,9,3.858642494414255e-05,1.2729982223902425e-07,1
4,0.02,12,77,10,1.0097636096162432e-06,1.3347012384201662e-10,1
4,0.02,12,78,1,3.0020181384631037,3.7827587154294164,7
4,0.02,12,78,2,1.7840141120993334,2.090085547091025,8
4,0.02,12,78,3,0.9903294164400371,1.1365718441535,7
4,0.02,12,78,4,0.07452597019286422,0.060082811100778954,7
4,0.02,12,78,5,0.009712992749350668,0.0010509988845184282,6
4,0.02,12,78,6,0.0007380917147372656,2.0216159310137982e-05,2
4,0.02,12,78,7,7.843009590224881e-05,6.419312068572935e-07,2
4,0.02,12,78,8,3.772263081813776e-05,9.547106927243476e-08,2
4,0.02,12,78,9,3.7063821309857303e-06,2.7272459846017227e-09,2
4,0.02,12,78,10,2.255096323011685e-07,5.002220859751105e-11,1
4,0.02,12,79,1,2.9638769117227186,3.7155495004026697,8
4,0.02,12,79,2,1.6325434091302027,1.9837230881695262,7
4,0.02,12,79,3,0.7965730197647201,0.960895171619395,5
4,0.02,12,79,4,0.07238845137544292,0.0420901051179694,5
4,0.02,12,79,5,0.02029298546486835,0.001302836769302651,5
4,0.02,12,79,6,0.0017435820881610553,2.4448266338517044e-05,5
4,0.02,12,79,7,1.7763568394002505e-15,0.0,2
4,0.02,12,79,8,2.6645352591003757e-15,-1.7763568394002505e-15,1
4,0.02,12,79,9,8.881784197001252e-16,0.0,2
4,0.02,12,79,10,-8.881784197001252e-16,-1.7763568394002505e-15,1
4,0.02,12,80,1,2.963226716380867,3.697254892398698,9
4,0.02,12,80,2,1.7634456016424567,2.0355350295059713,9
4,0.02,12,80,3,0.2864199623029027,0.18427215658193585,3
4,0.02,12,80,4,0.088297391502274,0.04429748599101657,1
4,0.02,12,80,5,0.015070260435664729,0.0008362953567999654,1
4,0.02,12,80,6,0.0025990754616040945,4.950307691498068e-05,5
4,0.02,12,80,7,0.0005843252122756937,3.751988766786951e-06,2
4,0.02,12,80,8,0.0001835417198643441,6.394227067829661e-07,1
4,0.02,12,80,9,1.7381555946549554e-05,1.599892485160126e-08,1
4,0.02,12,80,10,3.2737196429266646e-06,5.499600774783175e-10,1
4,0.02,12,81,1,4.367176301302612,5.399820750007912,3
4,0.02,12,81,2,2.348110942667404,2.851139194557744,3
4,0.02,12,81,3,1.518280817069309,1.8408991125448155,1
4,0.02,12,81,4,0.09791999906672366,0.04790165880350372,3
4,0.02,12,81,5,0.04079828983719125,0.004660410046515295,3
4,0.02,12,81,6,0.0028794407979031433,8.875517476081285e-05,3
4,0.02,12,81,7,0.0003768433636341939,3.735270864169138e-06,1
4,0.02,12,81,8,3.514465072118611e-05,7.101660060016002e-08,1
4,0.02,12,81,9,3.552713678800501e-15,1.7763568394002505e-15,1
4,0.02,12,81,10,1.7763568394002505e-15,3.552713678800501e-15,1
4,0.02,12,82,1,3.143764175182132,3.915627737436873,2
4,0.02,12,82,2,2.2547043288416058,2.8326572553112186,8
4,0.02,12,82,3,0.8558680386414332,1.0349682794489077,2
4,0.02,12,82,4,0.06194778258246725,0.04240476922643577,2
4,0.02,12,82,5,0.021387843339408796,0.0036490893436011973,5
4,0.02,12,82,6,0.0054064057177596325,0.0006442525351184614,2
4,0.02,12,82,7,0.0013479663453273005,3.857354693348469e-05,3
4,0.02,12,82,8,0.0003028106515889917,6.477973785834479e-06,2
4,0.02,12,82,9,3.747246570373619e-05,9.809387790937762e-08,1
4,0.02,12,82,10,4.183309251892808e-06,2.3229276280289923e-09,1
4,0.02,12,83,1,3.1030187994278124,3.864534929217921,6
4,0.02,12,83,2,1.8117523385723908,2.1209528080436613,8
4,0.02,12,83,3,1.0322769503974643,1.1965310502418083,4
4,0.02,12,83,4,0.155283758255659,0.1066848480334679,4
4,0.02,12,83,5,0.022979224720747204,0.019203412194750413,3
4,0.02,12,83,6,0.004545935604194362,0.0002076814496438928,4
4,0.02,12,83,7,0.0006019953863480865,1.110858345931831e-05,4
4,0.02,12,83,8,4.729203770903467e-05,2.2407307653793396e-07,2
4,0.02,12,83,9,5.046359794924626e-06,2.6981172851492374e-09,1
4,0.02,12,83,10,5.520527013302967e-07,6.899547599914513e-11,1
4,0.02,12,84,1,4.371576817692384,5.505680069178613,4
4,0.02,12,84,2,2.575614321358712,3.072835016406982,2
4,0.02,12,84,3,1.1273907657466893,1.250927882507355,2
4,0.02,12,84,4,0.12201957138526076,0.05239873001292494,4
4,0.02,12,84,5,0.037629705381590384,0.0043677146485539,4
4,0.02,12,84,6,0.005901781355007074,0.00022633661733628685,4
4,0.02,12,84,7,0.0009346884940502065,5.897321355696761e-06,2
4,0.02,12,84,8,0.00016847832507771443,2.8305801791361773e-07,2
4,0.02,12,84,9,2.047450625575209e-05,1.6670705704768807e-08,2
4,0.02,12,84,10,1.4575838171992928e-06,2.013713640280912e-10,1
4,0.02,12,85,1,3.310940398209783,4.031966707309202,6
4,0.02,12,85,2,1.9064147257008068,2.2081936982880634,6
4,0.02,12,85,3,0.8891956935627361,1.0359609873347608,6
4,0.02,12,85,4,0.07910618510453293,0.024700333426679322,6
4,0.02,12,85,5,0.015569500571223749,0.0008404050832666599,6
4,0.02,12,85,6,0.0023632657528720458,0.00028450391313405987,1
4,0.02,12,85,7,0.0004952301779495016,1.0729320889524274e-05,1
4,0.02,12,85,8,5.235813446180515e-05,2.0063806438486154e-07,1
4,0.02,12,85,9,6.870845443707196e-06,4.1682692852873515e-09,1
4,0.02,12,85,10,1.0792487072919243e-06,1.3873169280032016e-10,1
4,0.02,12,86,1,3.581236015377205,4.565648348184391,8
4,0.02,12,86,2,2.1896525371537043,2.796364213300267,8
4,0.02,12,86,3,0.9315129570300975,1.0555309773145982,7
4,0.02,12,86,4,0.0405590801468767,0.021460404427046775,7
4,0.02,12,86,5,0.0037461201199198157,0.0005263930157628494,1
4,0.02,12,86,6,0.00031717209099557664,1.5949145458549197e-05,1
4,0.02,12,86,7,0.0003171720909920239,1.5949145458549197e-05,1
4,0.02,12,86,8,0.00014219416370675475,1.439626510446601e-06,1
4,0.02,12,86,9,1.191836516678535e-05,5.374722178430602e-08,1
4,0.02,12,86,10,6.729586319309533e-07,4.1243097825827135e-10,1
4,0.02,12,87,1,3.813842615911822,4.660585394409715,2
4,0.02,12,87,2,2.3234533525222663,2.8238651448582557,2
4,0.02,12,87,3,0.9178879178316457,1.0886091293759206,2
4,0.02,12,87,4,0.0989648996375685,0.07479184134301686,5
4,0.02,12,87,5,0.019213800402978265,0.002671911215088585,3
4,0.02,12,87,6,0.009808244574527336,0.00041468751513029645,3
4,0.02,12,87,7,0.0007809637318647589,2.7133718295324627e-05,3
4,0.02,12,87,8,0.00010487247677026801,4.496835170897384e-07,3
4,0.02,12,87,9,1.7763568394002505e-15,-1.7763568394002505e-15,1
4,0.02,12,87,10,-1.7763568394002505e-15,-1.7763568394002505e-15,1
4,0.02,12,88,1,3.3373943917030546,4.032634053619002,8
4,0.02,12,88,2,1.5031556397735963,1.8951734302474854,6
4,0.02,12,88,3,0.37632208631934727,0.31562188612497977,6
4,0.02,12,88,4,0.051169129941743385,0.008120283831216213,5
4,0.02,12,88,5,0.008284997644259384,0.0004750921449323542,6
4,0.02,12,88,6,0.0010559089914705666,9.61485776862503e-06,5
4,0.02,12,88,7,5.437278379627486e-05,2.306639199645133e-07,2
4,0.02,12,88,8,6.04193526587693e-06,2.113234032208311e-09,2
4,0.02,12,88,9,1.3052507048527673e-06,2.474376259442579e-10,2
4,0.02,12,88,10,4.058138980411741e-08,3.0233593406592263e-12,1
4,0.02,12,89,1,3.1627617841576985,3.8984183912551895,8
4,0.02,12,89,2,1.8547163640905016,2.1844729004990846,7
4,0.02,12,89,3,0.7500037014800949,0.9429897765835635,4
4,0.02,12,89,4,0.12043375911266807,0.08033934263605325,3
4,0.02,12,89,5,0.024896834154118253,0.003107826805591074,3
4,0.02,12,89,6,0.00593763021276672,0.00022420105264497892,3
4,0.02,12,89,7,0.0006994485641893533,3.131864586336519e-06,3
4,0.02,12,89,8,7.308069408296092e-05,1.3789844999223533e-07,3
4,0.02,12,89,9,2.3036377569951583e-06,6.801226248853709e-10,1
4,0.02,12,89,10,2.652434893946065e-07,2.446576274905965e-11,1
4,0.02,12,90,1,2.974648080215676,3.750821781821731,4
4,0.02,12,90,2,1.6215105025684196,1.9985798879487078,3
4,0.02,12,90,3,0.7487916950998486,0.948941478405886,4
4,0.02,12,90,4,0.09052858445738021,0.07687866375083008,4
4,0.02,12,90,5,0.01454522519732393,0.0027022030456453905,3
4,0.02,12,90,6,0.0033893752712774727,0.0003318596940511398,4
4,0.02,12,90,7,0.00040759898598086153,9.936263680287993e-06,3
4,0.02,12,90,8,6.685713818477268e-05,2.048287779388147e-07,2
4,0.02,12,90,9,3.5403597671290754e-06,1.5384191698331051e-09,1
4,0.02,12,90,10,1.5475206627257876e-07,6.293632281995087e-12,1
4,0.02,12,91,1,1.6791963876644305,2.0626155276290294,1
4,0.02,12,91,2,0.8263771291037925,1.0291737488546593,4
4,0.02,12,91,3,0.1150686269072212,0.06361187239328903,4
4,0.02,12,91,4,0.02029847809276042,0.0017816481419021812,3
4,0.02,12,91,5,0.00379580910915589,0.0010330638999773711,1
4,0.02,12,91,6,0.0003657651779587212,1.7689873094361985e-05,1
4,0.02,12,91,7,2.745123783842729e-05,3.314122842823508e-08,2
4,0.02,12,91,8,3.0938570905192364e-06,1.7006787089712816e-09,3
4,0.02,12,91,9,4.586612201151752e-07,8.456702005332772e-11,2
4,0.02,12,91,10,6.439513011713416e-08,1.3884005056752358e-11,1
4,0.02,12,92,1,4.348912085582945,5.501741786465024,9
4,0.02,12,92,2,2.904905322076993,3.682481334709454,3
4,0.02,12,92,3,1.0099539969816052,1.1532912369299382,7
4,0.02,12,92,4,0.14166499339124794,0.07460785916530277,6
4,0.02,12,92,5,0.06079781814099672,0.02645000429617106,5
4,0.02,12,92,6,0.008667673862928105,0.00034742200867032835,4
4,0.02,12,92,7,0.0026596092343682542,8.675959825765744e-05,3
4,0.02,12,92,8,0.0008196043993367041,4.749802235082257e-06,2
4,0.02,12,92,9,5.2624812520996045e-05,5.5900752471416126e-08,1
4,0.02,12,92,10,2.8095184854137756e-06,2.34141595001347e-10,1
4,0.02,12,93,1,2.9915931188140545,3.7168008181915333,6
4,0.02,12,93,2,1.478950702031912,1.8770512599783968,5
4,0.02,12,93,3,0.7485985375375757,0.9412191067611229,5
4,0.02,12,93,4,0.0540673287685669,0.05668589270966784,3
4,0.02,12,93,5,0.020286465907447315,0.01912382197859941,3
4,0.02,12,93,6,0.006337000089673417,0.0015861151065781343,2
4,0.02,12,93,7,0.0016709948095323668,0.00027572437818790263,1
4,0.02,12,93,8,8.995595352256913e-05,5.72645589613785e-07,2
4,0.02,12,93,9,2.2997540006564066e-05,1.3313927027525096e-07,1
4,0.02,12,93,10,8.074886066467002e-07,6.485763037744618e-10,1
4,0.02,12,94,1,3.354261881391471,4.034021293707248,5
4,0.02,12,94,2,1.8404560181272736,2.16889646600049,4
4,0.02,12,94,3,0.8002725691715753,0.9644557127992943,2
4,0.02,12,94,4,0.13314564908550164,0.08195308212843067,2
4,0.02,12,94,5,0.025780220363960993,0.008078248617911399,5
4,0.02,12,94,6,0.009384201696441608,0.002182344179721518,4
4,0.02,12,94,7,0.0006728925977519395,3.286413175018765e-05,3
4,0.02,12,94,8,0.0003653654470117118,4.819279492807027e-06,2
4,0.02,12,94,9,2.760175982885471e-05,8.832876119413413e-08,1
4,0.02,12,94,10,1.2679510845714503e-06,2.8191315948333795e-10,1
4,0.02,12,95,1,3.0448525687300707,3.768482617191614,6
4,0.02,12,95,2,1.6526808685062688,2.015273367900601,7
4,0.02,12,95,3,0.7428270071099563,0.9281640592977292,6
4,0.02,12,95,4,0.1033199978640491,0.03388026432342439,7
4,0.02,12,95,5,0.01812691755612228,0.0008953545231147331,2
4,0.02,12,95,6,0.0020527912156742545,7.05457853475977e-05,3
4,0.02,12,95,7,0.0003787905864838237,3.0179084395953737e-06,2
4,0.02,12,95,8,3.2453468050697154e-05,4.0793821654006024e-08,1
4,0.02,12,95,9,2.464793268153187e-06,9.837108905230707e-10,2
4,0.02,12,95,10,2.1500547386921198e-07,1.3381296071202087e-11,1
4,0.02,12,96,1,3.7405214839672754,4.670639831329655,5
4,0.02,12,96,2,2.452076739351706,2.9582031590183497,5
4,0.02,12,96,3,0.8956094853627112,1.0136280074323896,4
4,0.02,12,96,4,0.10960069494368962,0.05411476489031131,5
4,0.02,12,96,5,0.020113533644695814,0.0015916070188817244,5
4,0.02,12,96,6,0.004383564109542881,0.00010794464406327364,5
4,0.02,12,96,7,0.0002862880118312816,1.6923063501650404e-06,4
4,0.02,12,96,8,5.266664911030006e-05,2.4385684582739486e-08,3
4,0.02,12,96,9,2.8447354702976213e-06,4.320153124126591e-10,2
4,0.02,12,96,10,1.956801112257267e-07,8.812506280264643e-12,1
4,0.02,12,97,1,3.090486187754655,3.7503457008240453,10
4,0.02,12,97,2,2.240860700409087,2.798280010225442,8
4,0.02,12,97,3,0.9346618334454746,1.0960024086186593,7
4,0.02,12,97,4,0.053964174415618515,0.005608651298625311,4
4,0.02,12,97,5,0.02022671211918503,0.0013267475315714705,5
4,0.02,12,97,6,0.004441334854288215,0.00010738649134545142,4
4,0.02,12,97,7,0.000994875311775445,5.030200083133707e-06,3
4,0.02,12,97,8,0.00047296989176004445,1.6880873374702787e-06,2
4,0.02,12,97,9,5.119482842275147e-05,2.7666635205036982e-08,1
4,0.02,12,97,10,9.898049473378023e-07,3.573141782453604e-11,1
4,0.02,12,98,1,2.925561604339566,3.6980750180338866,9
4,0.02,12,98,2,0.8707317280656914,1.0053983832487572,8
4,0.02,12,98,3,0.17180949517250355,0.09198688273776945,1
4,0.02,12,98,4,0.012731920563301635,0.003173269009109525,5
4,0.02,12,98,5,0.001968975741286627,7.685259059009297e-05,1
4,0.02,12,98,6,0.0003492003927627607,6.3000981516125876e-06,3
4,0.02,12,98,7,5.4101944809481495e-05,2.1148961959482904e-07,3
4,0.02,12,98,8,8.454941851532283e-06,1.7551554876149567e-08,1
4,0.02,12,98,9,1.3320729435051248e-06,5.899778443563264e-10,1
4,0.02,12,98,10,7.823157144315473e-08,2.4638069362481474e-12,1
4,0.02,12,99,1,3.5451141933450163,4.530447335437482,5
4,0.02,12,99,2,2.2386861778314238,2.8322052299324154,4
4,0.02,12,99,3,1.5385518164395133,1.9049327061066563,3
4,0.02,12,99,4,0.08955115455686347,0.05218712342740339,2
4,0.02,12,99,5,0.02294460655437547,0.0030580807824440726,2
4,0.02,12,99,6,0.006383058419411114,0.0005720861706794977,3
4,0.02,12,99,7,0.0005847446594842154,1.0060678057755013e-05,2
4,0.02,12,99,8,7.515833474069922e-05,1.462490448744802e-07,1
4,0.02,12,99,9,7.803471506306892e-06,4.777362505592464e-09,1
4,0.02,12,99,10,7.148307155091516e-07,4.658140539959277e-11,1
4,0.02,12,100,1,3.7742877019795333,4.641370405103565,8
4,0.02,12,100,2,2.2778755273958406,2.8161729197655845,7
4,0.02,12,100,3,0.7540720437404609,0.9580358893462932,4
4,0.02,12,100,4,0.08310658562753659,0.04519130046277908,4
4,0.02,12,100,5,0.028546750818779998,0.004368293196961304,4
4,0.02,12,100,6,0.004316736108010311,0.00018279201026150105,4
4,0.02,12,100,7,0.0007818577487714862,2.326840830946253e-05,4
4,0.02,12,100,8,1.7763568394002505e-15,-1.7763568394002505e-15,2
4,0.02,12,100,9,1.7763568394002505e-15,0.0,2
4,0.02,12,100,10,-5.329070518200751e-15,0.0,1
4,0.02,12,101,1,3.2025509022469123,3.9143640604252834,8
4,0.02,12,101,2,1.8221614537296311,2.161151405034815,7
4,0.02,12,101,3,0.9286307754786609,1.0501223367545922,2
4,0.02,12,101,4,0.06636807950861545,0.026395826714696646,2
4,0.02,12,101,5,0.017538230955800316,0.0015268566100639092,5
4,0.02,12,101,6,0.00898413500024553,0.000335218548653593,2
4,0.02,12,101,7,0.0007259269380650579,7.609555663812273e-06,2
4,0.02,12,101,8,0.0001705651227617011,4.3477682787340655e-07,2
4,0.02,12,101,9,1.1528718362185941e-05,3.915266333365253e-09,2
4,0.02,12,101,10,-3.552713678800501e-15,-1.7763568394002505e-15,1
4,0.02,12,102,1,2.950314446370178,3.6797308795009585,3
4,0.02,12,102,2,1.5125933802000473,1.8930687626191744,1
4,0.02,12,102,3,0.20361769675186725,0.1805886032663997,1
4,0.02,12,102,4,0.08615256758974787,0.07302674720869895,4
4,0.02,12,102,5,0.005159997969394148,0.000653639043044052,1
4,0.02,12,102,6,0.0004906489373412981,7.451523855728226e-06,4
4,0.02,12,102,7,8.353094266944083e-05,2.4420339084230136e-07,4
4,0.02,12,102,8,-8.881784197001252e-16,-1.7763568394002505e-15,1
4,0.02,12,102,9,8.881784197001252e-16,-1.7763568394002505e-15,2
4,0.02,12,102,10,8.881784197001252e-16,-1.7763568394002505e-15,1
4,0.02,12,103,1,2.385893750176667,2.935106908904376,7
4,0.02,12,103,2,1.0565984794689438,1.2178748878851184,2
4,0.02,12,103,3,0.8144805738553771,0.9801813800779557,1
4,0.02,12,103,4,0.047812000140081246,0.023340966739433533,1
4,0.02,12,103,5,0.000745212757735203,1.8697387041299862e-05,5
4,0.02,12,103,6,0.00012091630979238488,1.275291623414887e-06,5
4,0.02,12,103,7,2.6645352591003757e-15,0.0,4
4,0.02,12,103,8,1.7763568394002505e-15,0.0,2
4,0.02,12,103,9,0.0,0.0,1
4,0.02,12,103,10,-1.7763568394002505e-15,0.0,1
4,0.02,12,104,1,3.653870570245651,4.6002593795889695,9
4,0.02,12,104,2,2.898564239902237,3.679854003132186,7
4,0.02,12,104,3,1.5547398765501832,1.899268365705498,6
4,0.02,12,104,4,0.11231117034874671,0.11268737007160645,7
4,0.02,12,104,5,0.04124295519540677,0.021880562958377148,6
4,0.02,12,104,6,0.0008094474806892293,3.0262232658451182e-05,5
4,0.02,12,104,7,0.00010115559536849617,1.2563822382460899e-06,2
4,0.02,12,104,8,1.3601716315037038e-05,1.7960417153517483e-08,1
4,0.02,12,104,9,3.975670960443267e-06,6.143620723264576e-09,2
4,0.02,12,104,10,4.871394008176821e-07,8.71942518188007e-11,1
4,0.02,12,105,1,2.3714310959502205,2.901776577565893,7
4,0.02,12,105,2,1.0354614998014258,1.1373939571449858,6
4,0.02,12,105,3,0.2212866157703921,0.177308559757563,4
4,0.02,12,105,4,0.04530825662737481,0.03698377573349099,7
4,0.02,12,105,5,0.015203068227637395,0.0019029387949096588,1
4,0.02,12,105,6,0.0006876625924716606,2.399604356639884e-05,1
4,0.02,12,105,7,0.00015652423533385473,1.1324586655092617e-06,4
4,0.02,12,105,8,1.4163029399050231e-05,2.3289553396921292e-08,1
4,0.02,12,105,9,2.9918059700762e-06,1.2817835681744327e-09,1
4,0.02,12,105,10,9.342776552401233e-07,2.901003881561337e-10,1
4,0.02,12,106,1,2.997807063803564,3.749104462381057,9
4,0.02,12,106,2,1.6292865494210504,1.9835755040094032,8
4,0.02,12,106,3,0.6918006275831319,0.9202568914634393,4
4,0.02,12,106,4,0.044499142293870975,0.005504571859239249,5
4,0.02,12,106,5,0.011613089131332188,0.0012878003205951671,4
4,0.02,12,106,6,0.0019064632956515837,0.00011790142423429018,4
4,0.02,12,106,7,0.0006980859373753034,1.2049236945088637e-05,4
4,0.02,12,106,8,5.201136863330902e-05,4.637672823548655e-08,3
4,0.02,12,106,9,7.478447188624671e-06,2.7587745421442378e-09,2
4,0.02,12,106,10,8.979584622537118e-07,1.7050005851615424e-10,1
4,0.02,12,107,1,2.527011285138558,3.063008048425729,9
4,0.02,12,107,2,0.990916430170941,1.1352758401093501,9
4,0.02,12,107,3,0.14384023660397638,0.07890141883504542,5
4,0.02,12,107,4,0.037073256572279334,0.02243441744946928,6
4,0.02,12,107,5,0.013530497573449374,0.0018925644597329594,5
4,0.02,12,107,6,0.0029180907583086224,0.00010426253462991752,5
4,0.02,12,107,7,1.7763568394002505e-15,1.7763568394002505e-15,1
4,0.02,12,107,8,-8.881784197001252e-16,1.7763568394002505e-15,3
4,0.02,12,107,9,1.7763568394002505e-15,0.0,1
4,0.02,12,107,10,1.7763568394002505e-15,3.552713678800501e-15,1
4,0.02,12,108,1,3.004654774748074,3.734163970388904,5
4,0.02,12,108,2,1.486286094795803,1.8755117496773188,5
4,0.02,12,108,3,0.9255651981224684,1.069067082784552,7
4,0.02,12,108,4,0.1213980292672705,0.07986655248687313,2
4,0.02,12,108,5,0.023377630508840674,0.01886802166471302,5
4,0.02,12,108,6,0.00862073763957305,0.0009268397335784329,4
4,0.02,12,108,7,0.00034548905782383343,2.0382231049609345e-06,4
4,0.02,12,108,8,6.137955614171631e-05,4.912299527148889e-07,2
4,0.02,12,108,9,4.306810970078345e-06,7.47089323738237e-09,1
4,0.02,12,108,10,1.7108126293408077e-07,1.4484413668469642e-11,1
4,0.02,12,109,1,3.2515220995312824,3.9254708744277202,6
4,0.02,12,109,2,1.735114203644816,2.052739459466057,3
4,0.02,12,109,3,0.7566320939224198,0.9937242239915376,7
4,0.02,12,109,4,0.0947694462512958,0.060015380843681854,6
4,0.02,12,109,5,0.0337521264563021,0.021392634818259815,5
4,0.02,12,109,6,0.009127984043466597,0.0028339191213726522,4
4,0.02,12,109,7,0.002014170069710275,0.00028981153909501955,3
4,0.02,12,109,8,0.00019911767077651632,5.291437528143206e-06,2
4,0.02,12,109,9,8.188149309518167e-05,3.810494760614347e-06,1
4,0.02,12,109,10,6.4475580323630766e-06,5.5486667704940373e-08,1
4,0.02,12,110,1,3.233636874204959,3.8630924058468405,2
4,0.02,12,110,2,1.1996221256916142,1.1769265359411731,1
4,0.02,12,110,3,0.2861393726475754,0.20326969511522197,5
4,0.02,12,110,4,0.06890450927689784,0.02952170299647605,5
4,0.02,12,110,5,0.004412206702782306,0.00043098536257435427,2
4,0.02,12,110,6,0.001119839867937067,1.84803048206561e-05,1
4,0.02,12,110,7,0.00040581645280379774,9.184444010656989e-06,2
4,0.02,12,110,8,0.000131634329759045,3.9788838535059767e-07,1
4,0.02,12,110,9,2.2610990670912656e-06,7.370690724428641e-10,1
4,0.02,12,110,10,3.8778528743677043e-07,5.8191673701912805e-11,1
4,0.02,12,111,1,3.0249452452549166,3.71664133665902,1
4,0.02,12,111,2,1.539590670311589,1.9440544935261563,7
4,0.02,12,111,3,0.8535077880258841,1.0293576501059833,7
4,0.02,12,111,4,0.06909094543813321,0.07266026637214384,6
4,0.02,12,111,5,0.022007475989664904,0.01916357991549056,6
4,0.02,12,111,6,0.0011878339990127884,5.5860375258731665e-05,4
4,0.02,12,111,7,0.00037284182798824617,1.409195895618609e-05,4
4,0.02,12,111,8,4.7174645769310075e-05,4.541044980044262e-07,2
4,0.02,12,111,9,1.594155583273249e-05,1.1704078772822868e-07,2
4,0.02,12,111,10,9.647534069401331e-07,1.741488730999663e-09,1
4,0.02,12,112,1,3.674522477179244,4.604415847250371,6
4,0.02,12,112,2,2.3041426684509068,2.8511568060932717,5
4,0.02,12,112,3,0.9544616468392517,1.1017942879904083,4
4,0.02,12,112,4,0.10033345657019765,0.06295944152961486,4
4,0.02,12,112,5,0.03041352671839892,0.01962380507006589,3
4,0.02,12,112,6,0.01114818913991833,0.0003931964246612907,4
4,0.02,12,112,7,0.0008997406879478476,1.992709941500692e-05,3
4,0.02,12,112,8,0.0001719959319155251,4.510415141822932e-06,1
4,0.02,12,112,9,3.809820686750953e-05,2.0055815319608428e-07,1
4,0.02,12,112,10,1.3324245395907042e-06,1.8425616588046978e-09,1
4,0.02,12,113,1,3.214087070120395,3.9197757572908696,3
4,0.02,12,113,2,1.9106121934844653,2.1889780087315955,3
4,0.02,12,113,3,0.3331902165167522,0.29573368508863407,3
4,0.02,12,113,4,0.06611724358758408,0.011312255455932174,5
4,0.02,12,113,5,0.019151560893042152,0.0017359970180779172,4
4,0.02,12,113,6,0.012649587999354672,0.000548274362598633,3
4,0.02,12,113,7,0.0006636458805369116,1.567821038150896e-05,2
4,0.02,12,113,8,0.00010059161088893376,3.573021647440555e-07,3
4,0.02,12,113,9,1.262504496413186e-05,1.8727558170894554e-08,2
4,0.02,12,113,10,2.5637682812273965e-06,1.5012524556823337e-09,1
4,0.02,12,114,1,3.843855872966481,4.777416789395229,9
4,0.02,12,114,2,1.8450271627027863,2.180773284319261,9
4,0.02,12,114,3,0.8895887343585311,1.0614348985091198,7
4,0.02,12,114,4,0.08889549757998161,0.04910093650275371,6
4,0.02,12,114,5,0.01908107048162222,0.0026177183303497387,2
4,0.02,12,114,6,0.008592677816302796,0.00031750134202912506,2
4,0.02,12,114,7,0.00046643029544934933,5.5457946857018214e-06,1
4,0.02,12,114,8,0.00012431989675754096,7.721598755949799e-07,2
4,0.02,12,114,9,7.453491173592397e-06,1.357848589123023e-08,2
4,0.02,12,114,10,5.202170161311415e-07,2.5202950837410754e-10,1
4,0.02,12,115,1,2.9387815521164873,3.712930591665767,4
4,0.02,12,115,2,1.5340734646826375,1.8961756230328106,2
4,0.02,12,115,3,0.7728361715075414,0.9750504850509776,2
4,0.02,12,115,4,0.04266769837509088,0.021714994022562273,2
4,0.02,12,115,5,0.005501239520172341,0.0006200441481505337,2
4,0.02,12,115,6,0.0007539266174552139,1.1483174287008069e-05,5
4,0.02,12,115,7,0.00016696962470152954,1.4031585635621013e-06,2
4,0.02,12,115,8,1.8590760652692495e-05,5.070480746383055e-08,2
4,0.02,12,115,9,7.24176436417423e-06,4.968358169321618e-09,2
4,0.02,12,115,10,4.304348424355453e-07,7.649347821825359e-11,1
4,0.02,12,116,1,3.6324697334934264,4.562314622453323,4
4,0.02,12,116,2,1.6071697788471209,1.9478336058389818,5
4,0.02,12,116,3,0.8533659997792356,0.9951537509361721,4
4,0.02,12,116,4,0.08524029737642635,0.05408279737672572,1
4,0.02,12,116,5,0.005372084864417204,0.0006187116988733976,3
4,0.02,12,116,6,0.0013322117217473561,6.113348936320762e-05,5
4,0.02,12,116,7,0.00010334416148616299,1.305061385181716e-06,4
4,0.02,12,116,8,1.1104132816797119e-05,2.567889900717546e-08,3
4,0.02,12,116,9,1.7862451429095927e-07,4.086864180408156e-11,2
4,0.02,12,116,10,1.0135240557929137e-07,1.9248602711741114e-11,1
4,0.02,12,117,1,3.1509180554154925,3.8878844542400426,6
4,0.02,12,117,2,1.8254332689014587,2.157838731373298,5
4,0.02,12,117,3,0.755586006777583,0.9437818021862538,7
4,0.02,12,117,4,0.08395785454154048,0.026883003138504336,3
4,0.02,12,117,5,0.022655572977916982,0.0026377736338663027,5
4,0.02,12,117,6,0.015072322004093586,0.000559351480767134,1
4,0.02,12,117,7,0.0004267592562028355,1.5948356502093475e-06,4
4,0.02,12,117,8,8.372246936527716e-05,1.4203331311080092e-07,3
4,0.02,12,117,9,1.781502428155335e-05,2.137420196390849e-08,1
4,0.02,12,117,10,7.133415324211967e-06,2.4764865713677864e-09,1
4,0.02,12,118,1,3.7601386523838496,4.688138867452722,9
4,0.02,12,118,2,1.5989986331337143,1.9289342093720805,5
4,0.02,12,118,3,0.3205802591981648,0.26939619150300764,7
4,0.02,12,118,4,0.08227740911446713,0.06386734894552593,5
4,0.02,12,118,5,0.047153880586702,0.023261733539921003,5
4,0.02,12,118,6,0.00710797055771728,0.0004059992676639368,4
4,0.02,12,118,7,0.0014149565408327902,1.3558197593965815e-05,3
4,0.02,12,118,8,7.253367230752872e-05,1.460855401091976e-07,3
4,0.02,12,118,9,3.7840080693740674e-05,3.57820013618948e-08,1
4,0.02,12,118,10,2.1086952948223825e-06,3.786784219528272e-10,1
4,0.02,12,119,1,3.1150687273877304,3.837099948519416,3
4,0.02,12,119,2,2.1601719996137083,2.7619811553579323,8
4,0.02,12,119,3,0.8039950693863931,1.009763827866486,3
4,0.02,12,119,4,0.08128054161532194,0.04957767937649571,3
4,0.02,12,119,5,0.02272509927163746,0.0189360999082,1
4,0.02,12,119,6,0.004002906224037872,0.0005972266073941412,1
4,0.02,12,119,7,0.00022108785197705316,5.08561153278464e-06,3
4,0.02,12,119,8,2.4031403019542097e-05,5.038008623614587e-07,1
4,0.02,12,119,9,6.665775933889506e-06,3.673123849523563e-08,1
4,0.02,12,119,10,7.2184279087395e-07,6.022062848387577e-10,1
4,0.02,12,120,1,3.863231213195421,4.767570707560214,4
4,0.02,12,120,2,3.032536851743039,3.789398379966812,2
4,0.02,12,120,3,1.1077976584815765,1.2493395485763283,2
4,0.02,12,120,4,0.15801158514413327,0.08442489781235274,2
4,0.02,12,120,5,0.01662278128080885,0.000735545513157021,4
4,0.02,12,120,6,0.003505915465334297,0.0001626978634403642,2
4,0.02,12,120,7,0.0004784633758703194,2.1503826914681667e-06,2
4,0.02,12,120,8,5.330045270568462e-05,7.971952342700206e-08,2
4,0.02,12,120,9,1.1651019690361863e-05,5.970557381829167e-09,2
4,0.02,12,120,10,8.653943162073574e-07,6.705747068735946e-11,1
4,0.02,12,121,1,2.4641426589232838,2.9466712248414675,10
4,0.02,12,121,2,1.15790208482166,1.243171582818416,4
4,0.02,12,121,3,0.7448591308467343,0.9432199014146505,1
4,0.02,12,121,4,0.03417060548058881,0.0035082701837811925,2
4,0.02,12,121,5,0.009471076977606963,0.0013528175440740142,1
4,0.02,12,121,6,0.0020659643645526415,0.00010177367326758002,4
4,0.02,12,121,7,0.0003950178583709274,1.096321052074245e-05,4
4,0.02,12,121,8,6.606800977326799e-05,1.6797543622715239e-07,2
4,0.02,12,121,9,1.8941167867048136e-05,8.044971089304909e-08,1
4,0.02,12,121,10,2.585618031680781e-06,2.361986162213725e-09,1
4,0.02,12,122,1,3.2102384522310157,3.907661878101882,4
4,0.02,12,122,2,2.1536493263727614,2.761588756616562,5
4,0.02,12,122,3,1.0400431120063143,1.1689870006546252,4
4,0.02,12,122,4,0.12044029548167856,0.05236059005617122,2
4,0.02,12,122,5,0.018208558231001426,0.0016486597575102735,1
4,0.02,12,122,6,0.002815985060807158,0.00014413438634086617,2
4,0.02,12,122,7,0.00037999910658559344,3.523016763651299e-06,1
4,0.02,12,122,8,3.137980426615172e-05,6.856325107662542e-08,1
4,0.02,12,122,9,4.5066587563979965e-06,2.413294453162962e-09,2
4,0.02,12,122,10,4.905446058245388e-07,8.832401476865925e-11,1
4,0.02,12,123,1,2.4511863284276103,2.967276313093011,4
4,0.02,12,123,2,1.7392327536818666,2.0034694633170975,4
4,0.02,12,123,3,0.7628597854942036,0.9300902723291884,2
4,0.02,12,123,4,0.09660529885429181,0.04680721434693513,2
4,0.02,12,123,5,0.0034550119303773386,0.00016643743541333578,4
4,0.02,12,123,6,0.000821435602976095,7.538736989332051e-06,4
4,0.02,12,123,7,0.00019145005658938175,9.774452891520014e-07,2
4,0.02,12,123,8,3.576015602213545e-05,4.552041410477159e-08,2
4,0.02,12,123,9,6.118603295135472e-06,2.525547770915182e-09,2
4,0.02,12,123,10,-8.881784197001252e-15,0.0,1
4,0.02,12,124,1,1.763789070909235,2.050302544779796,10
4,0.02,12,124,2,0.9836701440935167,1.0466596949502662,9
4,0.02,12,124,3,0.11904053498550304,0.07961832218860909,1
4,0.02,12,124,4,0.04060239784461128,0.005182157923254493,1
4,0.02,12,124,5,0.0012249385581855066,2.7313740264212072e-05,5
4,0.02,12,124,6,0.000207766355209138,1.5477912658212745e-06,5
4,0.02,12,124,7,1.7763568394002505e-15,1.7763568394002505e-15,1
4,0.02,12,124,8,0.0,0.0,1
4,0.02,12,124,9,0.0,-1.7763568394002505e-15,2
4,0.02,12,124,10,1.7763568394002505e-15,0.0,1
4,0.02,12,125,1,3.1409712495235915,3.849749728776068,5
4,0.02,12,125,2,1.9033598588486633,2.1845783745143006,5
4,0.02,12,125,3,0.8070791019822003,1.0101813309610348,7
4,0.02,12,125,4,0.17370479320855203,0.1298842928444346,7
4,0.02,12,125,5,0.023009294704595007,0.02056252690929572,2
4,0.02,12,125,6,0.005089194057176449,0.000492750380924889,3
4,0.02,12,125,7,0.0005394356127741418,2.022454231642712e-05,2
4,0.02,12,125,8,0.00013378319253121163,1.3362075232947745e-06,3
4,0.02,12,125,9,1.5334228232077862e-05,4.723037072551506e-08,2
4,0.02,12,125,10,2.6832045811886474e-06,1.041895458797626e-09,1
4,0.02,12,126,1,3.79583928492476,4.668463634123057,2
4,0.02,12,126,2,3.0413565353630094,3.786893484162878,3
4,0.02,12,126,3,1.0005000636467578,1.1511197418990022,2
4,0.02,12,126,4,0.2621858715553458,0.2027309618054991,3
4,0.02,12,126,5,0.04056704049627058,0.004954666504916716,2
4,0.02,12,126,6,0.016266322297620484,0.001414138934424436,1
4,0.02,12,126,7,0.0002123703370759955,1.907827472003021e-06,3
4,0.02,12,126,8,4.097512690925953e-05,1.7076015979000658e-07,3
4,0.02,12,126,9,3.073292303312769e-06,1.3638530305115637e-09,1
4,0.02,12,126,10,6.322043528683707e-07,1.1505996155847242e-10,1
4,0.02,12,127,1,2.369921957191938,2.904066028712289,3
4,0.02,12,127,2,1.0703888331480087,1.1874726221654681,2
4,0.02,12,127,3,0.1355168229811765,0.05544977345426716,2
4,0.02,12,127,4,0.011846737540717633,0.0008503783167537193,2
4,0.02,12,127,5,0.0009271392315133298,1.446096900625804e-05,1
4,0.02,12,127,6,6.217248937900877e-15,-8.881784197001252e-16,5
4,0.02,12,127,7,5.329070518200751e-15,-1.7763568394002505e-15,4
4,0.02,12,127,8,3.552713678800501e-15,0.0,2
4,0.02,12,127,9,1.7763568394002505e-15,0.0,2
4,0.02,12,127,10,1.7763568394002505e-15,0.0,1
4,0.02,12,128,1,2.879293769258396,3.7127490829543177,9
4,0.02,12,128,2,0.9785088458525468,1.1811516264039241,8
4,0.02,12,128,3,0.7413271966415493,0.9421259437975085,7
4,0.02,12,128,4,0.030784772875853683,0.03656817913740884,6
4,0.02,12,128,5,0.010693429270679289,0.002006114439621065,5
4,0.02,12,128,6,0.002838169782425126,0.0003541690929314001,4
4,0.02,12,128,7,0.00040403711087577676,1.65694207394651e-05,3
4,0.02,12,128,8,5.4865667680203956e-05,5.55141578928442e-07,2
4,0.02,12,128,9,5.708202905907456e-06,1.133332716563018e-08,1
4,0.02,12,128,10,1.7860816026171733e-07,2.0381918375278474e-11,1
4,0.02,12,129,1,2.2745164800840643,2.849547838026189,3
4,0.02,12,129,2,1.008576020149916,1.1531531279888982,2
4,0.02,12,129,3,0.14033361693980595,0.0947184970787589,7
4,0.02,12,129,4,0.019377024987513813,0.0025502358178073337,4
4,0.02,12,129,5,0.0028987450707544937,5.828003127827941e-05,2
4,0.02,12,129,6,0.0006651029531221653,1.6391643518964827e-05,4
4,0.02,12,129,7,7.106401480161395e-05,7.292309156525789e-08,2
4,0.02,12,129,8,1.4622986028278717e-05,7.374199029186457e-09,2
4,0.02,12,129,9,1.9176554895139475e-06,3.213482813180235e-10,1
4,0.02,12,129,10,8.85924391624826e-08,4.931166586175095e-12,1
4,0.02,12,130,1,3.7938749039131023,4.734568653762892,4
4,0.02,12,130,2,2.4208105719080164,2.940119994765846,3
4,0.02,12,130,3,1.0126822659193548,1.1671190725761038,4
4,0.02,12,130,4,0.1546919715898003,0.09088577973843037,3
4,0.02,12,130,5,0.028647256282146927,0.004033194480255631,2
4,0.02,12,130,6,0.0041632584242075055,0.00014930562535919734,5
4,0.02,12,130,7,0.0005756672127370521,1.0841851127096902e-05,3
4,0.02,12,130,8,0.00010242501696655637,3.7432884880672646e-07,3
4,0.02,12,130,9,1.223637478542372e-05,1.0674153116951857e-08,2
4,0.02,12,130,10,1.8361430376145904e-06,2.1544721562349878e-10,1
4,0.02,12,131,1,3.032595388330985,3.770300569188329,5
4,0.02,12,131,2,1.689214405697828,2.035215185421464,4
4,0.02,12,131,3,0.7226997409894276,0.9577076727039877,2
4,0.02,12,131,4,0.05354096024626287,0.009025226353653437,5
4,0.02,12,131,5,0.012286958489728939,0.001238797946541581,2
4,0.02,12,131,6,0.0019244575946197884,2.767741279718905e-05,1
4,0.02,12,131,7,0.0003397229194366247,2.7991004643013184e-06,2
4,0.02,12,131,8,5.4465406456039034e-05,6.889652404140634e-08,1
4,0.02,12,131,9,4.593756023574258e-06,1.5403767150701242e-09,2
4,0.02,12,131,10,7.894074327552403e-07,3.856470698337944e-11,1
4,0.02,12,132,1,3.6077002000136034,4.5842540461270715,4
4,0.02,12,132,2,2.2831985372253882,2.8498107040719027,3
4,0.02,12,132,3,0.9383163575211597,1.1009636207479652,2
4,0.02,12,132,4,0.08139635427317327,0.04749324174706793,1
4,0.02,12,132,5,0.023441445825038265,0.01859794093057765,3
4,0.02,12,132,6,0.008708354522580564,0.001370374864609225,2
4,0.02,12,132,7,0.001125071331975036,3.487470166341211e-05,1
4,0.02,12,132,8,-3.552713678800501e-15,-1.7763568394002505e-15,2
4,0.02,12,132,9,-1.7763568394002505e-15,-3.552713678800501e-15,2
4,0.02,12,132,10,-3.552713678800501e-15,-3.552713678800501e-15,1
4,0.02,12,133,1,3.6519959728545643,4.619338968387908,4
4,0.02,12,133,2,2.2739597791203767,2.8497895443280505,5
4,0.02,12,133,3,1.016362707694281,1.154737905782639,5
4,0.02,12,133,4,0.14325365185047367,0.08560200930227602,4
4,0.02,12,133,5,0.025199067118097496,0.0036523723087498183,2
4,0.02,12,133,6,0.008811701036689712,0.000740401774132593,2
4,0.02,12,133,7,0.0008531495455201821,1.599639080218651e-05,2
4,0.02,12,133,8,0.00017716065590711594,1.0035384523376933e-06,2
4,0.02,12,133,9,3.0351004610906784e-05,7.859872042104143e-08,2
4,0.02,12,133,10,1.5196880056578266e-06,2.8846258715020667e-10,1
4,0.02,12,134,1,3.2944156356138086,3.986099969830459,7
4,0.02,12,134,2,2.3229356541251844,2.8444048789376417,7
4,0.02,12,134,3,0.8617851197737076,1.0307416428014795,4
4,0.02,12,134,4,0.07889116382957084,0.05175414467775674,4
4,0.02,12,134,5,0.042278317700637835,0.02251486248300516,4
4,0.02,12,134,6,0.003945694358194807,0.0006011959883363005,3
4,0.02,12,134,7,0.0011667189433595127,5.588879456830398e-05,2
4,0.02,12,134,8,4.839456044170021e-05,5.29535819637772e-07,1
4,0.02,12,134,9,6.303390393647135e-06,5.562840854622664e-09,2
4,0.02,12,134,10,2.6143079967511085e-07,5.2155613161630754e-11,1
4,0.02,12,135,1,3.282138613842055,4.000790671851512,8
4,0.02,12,135,2,2.3921319545735367,2.8820137888176056,7
4,0.02,12,135,3,1.5269097803831153,1.9137833561986444,3
4,0.02,12,135,4,0.19233239594885898,0.16720562350971946,3
4,0.02,12,135,5,0.015580768059219707,0.004882322318991328,3
4,0.02,12,135,6,0.007857599424808903,0.0007235313491937845,3
4,0.02,12,135,7,0.0003352641133593792,2.3806367046574906e-06,3
4,0.02,12,135,8,0.0001247673606945554,4.65073288324902e-07,3
4,0.02,12,135,9,6.325664394957187e-06,2.605407445344099e-09,2
4,0.02,12,135,10,1.7297089209833416e-06,4.063043235191799e-10,1
4,0.02,12,136,1,3.343649619857975,4.018678370447333,3
4,0.02,12,136,2,1.8303894375761631,2.1554244222048276,2
4,0.02,12,136,3,0.8914172418499566,1.0335223264540199,2
4,0.02,12,136,4,0.14551671518274123,0.09991399901500309,2
4,0.02,12,136,5,0.01452288417803782,0.0010791421128848455,2
4,0.02,12,136,6,0.0029152619047199124,9.54207773808946e-05,2
4,0.02,12,136,7,0.00011296740284105766,4.930053982832305e-07,2
4,0.02,12,136,8,1.713630749389239e-05,3.607434173602542e-08,2
4,0.02,12,136,9,3.2514769570113344e-06,1.3635226281394353e-09,2
4,0.02,12,136,10,1.2641873237129175e-07,4.380495965961018e-12,1
4,0.02,12,137,1,3.198093953921452,3.874561656482598,3
4,0.02,12,137,2,1.8138170912181,2.1083067595820175,3
4,0.02,12,137,3,0.8662742540483883,0.9983967748989198,2
4,0.02,12,137,4,0.09457861374669463,0.072946000235806,5
4,0.02,12,137,5,0.008174802748877497,0.0010230916621409847,3
4,0.02,12,137,6,0.0014658413578700902,5.8632653873402774e-05,3
4,0.02,12,137,7,0.00014888507711585675,2.2450849526123307e-06,2
4,0.02,12,137,8,2.3111836213729475e-05,8.157014264043028e-08,1
4,0.02,12,137,9,1.5270674733613987e-06,8.297487141817328e-10,2
4,0.02,12,137,10,2.3804898852120004e-07,2.857092340491363e-11,1
4,0.02,12,138,1,2.3121100024343866,2.860648676881966,1
4,0.02,12,138,2,0.9473952906276475,1.066112614709911,6
4,0.02,12,138,3,0.1227026129583173,0.049739067742978094,8
4,0.02,12,138,4,0.04809782898524517,0.03736701331513714,6
4,0.02,12,138,5,0.004939885539352318,0.0005975576177563724,6
4,0.02,12,138,6,0.00044472643342086116,4.045898589488672e-06,2
4,0.02,12,138,7,3.105573925132887e-05,7.230445220329784e-08,1
4,0.02,12,138,8,1.4125397473030432e-05,2.7371807931331205e-08,2
4,0.02,12,138,9,1.5401084345612048e-06,5.078693021687286e-10,2
4,0.02,12,138,10,1.18360527601169e-07,9.162448577626492e-12,1
4,0.02,12,139,1,3.0420205144361256,3.8185609894054267,4
4,0.02,12,139,2,1.651653066184699,2.0152144489704042,8
4,0.02,12,139,3,0.8706303116720777,1.0322833175078854,5
4,0.02,12,139,4,0.19047144275435723,0.12365928149108907,4
4,0.02,12,139,5,0.026247349431991474,0.019671681452431145,2
4,0.02,12,139,6,0.010372902296071906,0.0014747913420105618,2
4,0.02,12,139,7,0.0008485355127207939,1.4422904286881533e-05,1
4,0.02,12,139,8,0.00010207345984714067,1.0275782411639511e-06,2
4,0.02,12,139,9,1.2192523707987846e-05,6.991347056839459e-08,2
4,0.02,12,139,10,8.585981587927449e-07,2.901838769275855e-10,1
4,0.02,12,140,1,3.2014631331164836,3.913753631331396,4
4,0.02,12,140,2,1.8458796381197775,2.1183345972576397,7
4,0.02,12,140,3,0.42333207845162946,0.3760607654127721,4
4,0.02,12,140,4,0.04941563972500518,0.006379528224408126,3
4,0.02,12,140,5,0.010962624530088227,0.0010399683238837554,4
4,0.02,12,140,6,0.001370797139522928,2.6104227973000604e-05,3
4,0.02,12,140,7,8.324381960456151e-05,3.533095602747949e-07,3
4,0.02,12,140,8,5.7153427892586706e-06,2.5112107948643825e-09,3
4,0.02,12,140,9,1.7195802826108775e-07,6.687983500341943e-12,2
4,0.02,12,140,10,5.443886230693806e-09,3.375077994860476e-14,1
4,0.02,12,141,1,3.7806240438492287,4.715472463394974,4
4,0.02,12,141,2,2.4459538446254188,2.9567643459962234,2
4,0.02,12,141,3,0.8872426730052689,1.0628727954233383,1
4,0.02,12,141,4,0.08531307909850394,0.07481819105901888,4
4,0.02,12,141,5,0.021996068603287178,0.0032299927840613307,2
4,0.02,12,141,6,0.004233149769111044,9.945690486556913e-05,2
4,0.02,12,141,7,0.0004772785637392474,2.112205724102978e-06,1
4,0.02,12,141,8,3.542833870806561e-05,7.818383096491743e-08,2
4,0.02,12,141,9,2.7002468412362646e-06,1.475415345453257e-09,1
4,0.02,12,141,10,1.8201023710417985e-07,1.0018652574217413e-11,1
4,0.02,12,142,1,3.713025489074613,4.6051852513544365,7
4,0.02,12,142,2,2.21263225340942,2.7789370723786515,6
4,0.02,12,142,3,0.8253037082362775,1.045660181575533,5
4,0.02,12,142,4,0.09315401449391292,0.028355832982605023,3
4,0.02,12,142,5,0.02857489874590602,0.004201942912311019,3
4,0.02,12,142,6,0.008468380714334423,0.0011786363745001083,3
4,0.02,12,142,7,0.000355475330919397,5.905868397881875e-06,2
4,0.02,12,142,8,9.272747888022792e-05,6.187048757766433e-07,1
4,0.02,12,142,9,1.7946267680812866e-06,5.39017719347612e-10,1
4,0.02,12,142,10,1.2434497875801753e-14,-1.7763568394002505e-15,1
4,0.02,12,143,1,3.1901108924715977,3.867899022109544,8
4,0.02,12,143,2,1.7658909700690586,2.05323358555275,8
4,0.02,12,143,3,0.827735887332719,0.9718350547252541,7
4,0.02,12,143,4,0.12120556848962671,0.08034646862247907,6
4,0.02,12,143,5,0.021575230527100864,0.0022186844595077915,4
4,0.02,12,143,6,0.004512718911979796,0.00011212042090580354,4
4,0.02,12,143,7,0.0002498848572169976,1.5414538889757523e-06,4
4,0.02,12,143,8,3.552713678800501e-15,-1.7763568394002505e-15,2
4,0.02,12,143,9,1.7763568394002505e-15,-1.7763568394002505e-15,1
4,0.02,12,143,10,-3.552713678800501e-15,0.0,1
4,0.02,12,144,1,4.329620122065447,5.486311488036421,8
4,0.02,12,144,2,2.892010540159604,3.6808115390738383,8
4,0.02,12,144,3,0.9476135724449017,1.1183328715980085,5
4,0.02,12,144,4,0.13463621956613547,0.10717783346834153,5
4,0.02,12,144,5,0.04546365866973634,0.02277587687203031,5
4,0.02,12,144,6,0.009096835000002024,0.0008649999569492195,3
4,0.02,12,144,7,0.0011523653977976167,4.114933546262023e-05,3
4,0.02,12,144,8,0.00019174759562101684,6.727373182968677e-07,3
4,0.02,12,144,9,1.6878515473273126e-05,1.307589236887452e-08,2
4,0.02,12,144,10,1.849675197895806e-06,2.4012791755012586e-10,1
4,0.02,12,145,1,4.403066061542754,5.488911132481299,6
4,0.02,12,145,2,2.97632063214788,3.684710551202567,6
4,0.02,12,145,3,0.9061111500964873,1.0806069527773907,6
4,0.02,12,145,4,0.14034274990541462,0.09651495779752395,7
4,0.02,12,145,5,0.0289217318854611,0.007416903151890253,2
4,0.02,12,145,6,0.014745139510125682,0.0011807709744271477,1
4,0.02,12,145,7,0.0018550755817523523,0.00028674622654989435,2
4,0.02,12,145,8,0.0003669593925881287,1.3226944092892268e-05,1
4,0.02,12,145,9,5.5164601858948004e-05,2.7094606558364376e-07,1
4,0.02,12,145,10,1.558922976307997e-05,1.6627550891712417e-08,1
4,0.02,12,146,1,3.8643068957572355,4.712489488742582,4
4,0.02,12,146,2,3.0645706856032477,3.7523802964409025,5
4,0.02,12,146,3,1.082139925956807,1.2069390123771715,4
4,0.02,12,146,4,0.12343640632642039,0.08406873772460433,5
4,0.02,12,146,5,0.02362685129127584,0.005822034725666114,3
4,0.02,12,146,6,0.005088822340035826,0.0002686065385990588,3
4,0.02,12,146,7,0.00030175912762775425,2.9506632754916495e-06,2
4,0.02,12,146,8,4.573256430706607e-05,3.028004886829194e-07,3
4,0.02,12,146,9,2.2944366344646028e-06,3.333941123173645e-09,2
4,0.02,12,146,10,3.215044417359536e-07,6.687095321922243e-11,1
4,0.02,12,147,1,3.182697521626636,3.903106585949743,8
4,0.02,12,147,2,1.530026568943633,1.9040410509072574,7
4,0.02,12,147,3,0.25531879111170586,0.169241720392578,7
4,0.02,12,147,4,0.026704168106258308,0.005027687097242328,7
4,0.02,12,147,5,0.003992433804298479,0.00014065478973446233,6
4,0.02,12,147,6,1.7763568394002505e-15,-8.881784197001252e-16,1
4,0.02,12,147,7,1.7763568394002505e-15,-1.7763568394002505e-15,2
4,0.02,12,147,8,1.7763568394002505e-15,-1.7763568394002505e-15,1
4,0.02,12,147,9,0.0,0.0,2
4,0.02,12,147,10,-1.7763568394002505e-15,0.0,1
4,0.02,12,148,1,2.9368685691039813,3.6984764707275293,4
4,0.02,12,148,2,1.499735411453094,1.8948562539978813,2
4,0.02,12,148,3,0.8452185013405176,0.9844669839292548,1
4,0.02,12,148,4,0.0793279613636857,0.04309695745265074,1
4,0.02,12,148,5,0.010623007397870587,0.002471154256785013,4
4,0.02,12,148,6,0.0022393621107985595,0.0002825430200221746,4
4,0.02,12,148,7,0.00045809092352033787,5.229797718442342e-06,1
4,0.02,12,148,8,0.00013911337807837043,6.16490325455743e-07,1
4,0.02,12,148,9,2.9293347050263208e-05,7.00799382968853e-08,1
4,0.02,12,148,10,8.368784980561372e-07,1.6216894493936707e-10,1
4,0.02,12,149,1,3.0675962133805657,3.8478967286252477,2
4,0.02,12,149,2,2.2539005661104285,2.813238424894357,2
4,0.02,12,149,3,0.8165073685030846,0.9952737127090661,2
4,0.02,12,149,4,0.09769238021240145,0.07413155871508526,1
4,0.02,12,149,5,0.01749399039915378,0.001001101055241982,3
4,0.02,12,149,6,0.0031310340600390063,6.64096453073526e-05,3
4,0.02,12,149,7,0.0006209576166709141,8.80214804510615e-06,4
4,0.02,12,149,8,0.0001513979471647886,9.471295072671637e-07,1
4,0.02,12,149,9,1.9784070995676473e-05,2.1751819900828195e-08,2
4,0.02,12,149,10,6.143252089252371e-06,4.425917410344482e-09,1
4,0.02,12,150,1,3.8074879182169212,4.72930830329528,2
4,0.02,12,150,2,2.4460166285586915,2.9555675272173705,3
4,0.02,12,150,3,0.8905304886017582,1.062191576052907,3
4,0.02,12,150,4,0.1535388290907269,0.11826225299603976,3
4,0.02,12,150,5,0.024850964967732203,0.0022958982946370554,2
4,0.02,12,150,6,0.010076782690477515,0.0003445838592952555,1
4,0.02,12,150,7,0.0004109716212052916,3.5220465850471783e-06,3
4,0.02,12,150,8,8.720997102962258e-05,1.9983578347648745e-07,1
4,0.02,12,150,9,1.136171609950054e-05,5.488340448778217e-09,1
4,0.02,12,150,10,2.329642283527278e-06,3.2309621644799336e-10,1
4,0.02,12,151,1,3.164285905377146,3.919153369357959,3
4,0.02,12,151,2,1.607661019063582,1.9545795007193014,2
4,0.02,12,151,3,0.8848862127259745,1.0338183155229146,3
4,0.02,12,151,4,0.13853782868730402,0.08496968734545707,3
4,0.02,12,151,5,0.023373375555649112,0.0009680107072638222,2
4,0.02,12,151,6,0.009047633954701872,0.00033905932682021245,1
4,0.02,12,151,7,0.0007955674508979271,1.2273284751174174e-05,3
4,0.02,12,151,8,7.587710148815319e-05,1.5361974448069304e-07,1
4,0.02,12,151,9,1.4425716515553688e-05,1.8750091257402346e-08,1
4,0.02,12,151,10,7.275778672877209e-07,9.564438130382769e-11,1
4,0.02,12,152,1,3.185478974858669,3.901246095680733,6
4,0.02,12,152,2,1.787671998992546,2.090670682091668,6
4,0.02,12,152,3,0.39028049066251125,0.3327126257899806,4
4,0.02,12,152,4,0.09565541845485992,0.018115927736891635,4
4,0.02,12,152,5,0.015933278476385482,0.0017973061694878112,4
4,0.02,12,152,6,0.0033014990475193073,0.00010514580098064386,4
4,0.02,12,152,7,0.00037989260543458414,1.8512030228734488e-06,4
4,0.02,12,152,8,5.068186323331503e-05,1.5030493472067974e-07,2
4,0.02,12,152,9,5.976738322921449e-06,2.5309692119890315e-09,2
4,0.02,12,152,10,4.309681562730816e-07,2.2362556251209753e-11,1
4,0.02,12,153,1,3.142784462489977,3.8850123980804376,5
4,0.02,12,153,2,2.2297269349125406,2.802167596851879,5
4,0.02,12,153,3,0.8817140162579973,1.024538796726727,4
4,0.02,12,153,4,0.06658974498323911,0.009801342838130722,4
4,0.02,12,153,5,0.01111093495867621,0.0013462511243096387,4
4,0.02,12,153,6,0.0022890139769025097,0.00028626896972649973,3
4,0.02,12,153,7,0.00029037818835764284,2.453841415395175e-06,4
4,0.02,12,153,8,6.012692766699246e-05,5.084175196401475e-07,3
4,0.02,12,153,9,7.97348695069644e-06,9.192685723746763e-09,2
4,0.02,12,153,10,1.0861468906497862e-06,1.8896706421855924e-10,1
4,0.02,12,154,1,3.0696048570000736,3.7675068186784326,8
4,0.02,12,154,2,1.8064748873155425,2.119241545534326,6
4,0.02,12,154,3,0.2481314863277282,0.22826852598537783,6
4,0.02,12,154,4,0.04042834198863421,0.006871173248280016,4
4,0.02,12,154,5,0.006592936089245605,0.0004854287509123978,1
4,0.02,12,154,6,0.00045636977454410754,6.250583947320365e-06,1
4,0.02,12,154,7,8.743924677379056e-05,3.928242326978193e-07,1
4,0.02,12,154,8,1.1662186927274831e-05,1.7627680648502064e-08,1
4,0.02,12,154,9,1.8504754439874205e-07,2.6478375048100133e-11,2
4,0.02,12,154,10,1.1058541016240042e-07,7.400302592941443e-12,1
4,0.02,12,155,1,3.029687449698007,3.7696622631724495,7
4,0.02,12,155,2,1.5306591811341894,1.9040470251594055,6
4,0.02,12,155,3,0.22217473082264938,0.16633244409666936,6
4,0.02,12,155,4,0.041040438304362326,0.005492003885834151,7
4,0.02,12,155,5,0.008724541341531555,0.0009524160559886141,6
4,0.02,12,155,6,0.0012356050131741014,1.9384961277957302e-05,5
4,0.02,12,155,7,2.6645352591003757e-15,-8.881784197001252e-16,2
4,0.02,12,155,8,4.440892098500626e-15,0.0,1
4,0.02,12,155,9,4.440892098500626e-15,0.0,2
4,0.02,12,155,10,8.881784197001252e-16,0.0,1
4,0.02,12,156,1,2.472209234789945,2.9781109418876204,6
4,0.02,12,156,2,1.0016444322102043,1.1030283787078634,2
4,0.02,12,156,3,0.18367274290934965,0.12610339259189907,2
4,0.02,12,156,4,0.029263884367989768,0.021727305697748278,3
4,0.02,12,156,5,0.012209223294961546,0.002302461902337072,2
4,0.02,12,156,6,0.0029622862408249517,0.00011864876040235117,2
4,0.02,12,156,7,0.000263731656764854,3.1415237220500103e-06,1
4,0.02,12,156,8,5.329070518200751e-15,-1.7763568394002505e-15,3
4,0.02,12,156,9,7.105427357601002e-15,-1.7763568394002505e-15,2
4,0.02,12,156,10,7.105427357601002e-15,-1.7763568394002505e-15,1
4,0.02,12,157,1,3.722395644345391,4.671456383911352,8
4,0.02,12,157,2,3.0037202402379934,3.7712643110114534,8
4,0.02,12,157,3,0.8699613018103287,1.0816882992210015,7
4,0.02,12,157,4,0.176498415708922,0.11286819465644982,6
4,0.02,12,157,5,0.027289098851396076,0.01930139670892217,5
4,0.02,12,157,6,0.014395836344779589,0.0006624221381379414,2
4,0.02,12,157,7,0.0008735293262018828,2.656048769367203e-05,3
4,0.02,12,157,8,0.000417700754732131,8.838965721125192e-06,2
4,0.02,12,157,9,1.680918486979266e-05,1.083304645987937e-08,2
4,0.02,12,157,10,8.881784197001252e-16,0.0,1
4,0.02,12,158,1,3.086571209353286,3.8046437901271126,7
4,0.02,12,158,2,1.8018268295781947,2.1074640601453734,7
4,0.02,12,158,3,0.41166568004681103,0.3372427852988533,7
4,0.02,12,158,4,0.10190039063974865,0.0951368475318759,2
4,0.02,12,158,5,0.04282968952217203,0.022045651030358826,2
4,0.02,12,158,6,0.009757197460326772,0.00041556857531155345,1
4,0.02,12,158,7,0.001135090885794554,3.592808213515042e-05,2
4,0.02,12,158,8,0.00022127545075179,6.726052177441488e-07,1
4,0.02,12,158,9,3.144490782602816e-05,1.3937583531742348e-08,1
4,0.02,12,158,10,5.202663828640652e-06,4.3736925192661147e-10,1
4,0.02,12,159,1,3.648281042519627,4.613952050863336,4
4,0.02,12,159,2,2.2150280507023483,2.812952244105758,4
4,0.02,12,159,3,0.8360437708429806,0.984155950487775,3
4,0.02,12,159,4,0.04127244719761336,0.010980983853655424,1
4,0.02,12,159,5,0.0039180901378630395,0.00031996572603709694,1
4,0.02,12,159,6,0.0008758446870267278,7.948304068250422e-06,1
4,0.02,12,159,7,3.997286784596099e-05,1.0665735139525623e-07,1
4,0.02,12,159,8,2.273038709255104e-06,2.1150459161844992e-09,1
4,0.02,12,159,9,2.0859825866637038e-07,3.8836489579807676e-11,2
4,0.02,12,159,10,5.1034827031060104e-08,4.037659095956769e-12,1
4,0.02,12,160,1,3.8502213856020377,4.755293067064777,3
4,0.02,12,160,2,1.9190995082151838,2.1927495396960444,2
4,0.02,12,160,3,0.8894244943308776,1.0328345981977853,2
4,0.02,12,160,4,0.16136648660266228,0.13075624095024985,2
4,0.02,12,160,5,0.042987408824704865,0.02139763125689953,2
4,0.02,12,160,6,0.013036205102580745,0.002086650756532471,2
4,0.02,12,160,7,0.0013405623920137444,3.1462064285392444e-05,2
4,0.02,12,160,8,8.385211013806071e-05,6.337132063549689e-07,2
4,0.02,12,160,9,1.5689676943431152e-05,2.3846338237376585e-08,2
4,0.02,12,160,10,3.1326316562996226e-07,2.7817748105007922e-11,1
4,0.02,12,161,1,2.350591279888868,2.934525197506238,6
4,0.02,12,161,2,1.6417865177365956,1.9978112453230708,7
4,0.02,12,161,3,0.8478813991315635,0.9983161368192359,7
4,0.02,12,161,4,0.07401789726263974,0.04273151619502524,6
4,0.02,12,161,5,0.018617306753749396,0.001056438627007772,2
4,0.02,12,161,6,0.002855448731694743,6.231322393634997e-05,4
4,0.02,12,161,7,0.000526657539499098,6.200180628468388e-06,2
4,0.02,12,161,8,0.00021080551416385873,7.026537165444324e-07,2
4,0.02,12,161,9,1.5282222183721217e-05,1.6606906072524907e-08,2
4,0.02,12,161,10,8.411451704049e-07,1.0240697179142444e-10,1
4,0.02,12,162,1,3.2530703812257036,3.902476606802516,6
4,0.02,12,162,2,1.8046546317621788,2.102818753200417,6
4,0.02,12,162,3,0.8643401543221101,1.014496006652652,6
4,0.02,12,162,4,0.09636672954126091,0.05048845651156153,6
4,0.02,12,162,5,0.01213672061676263,0.0011237999385995678,6
4,0.02,12,162,6,0.0006731038138720891,2.860086564204778e-05,3
4,0.02,12,162,7,0.0001243737698146674,1.4948491635635719e-06,1
4,0.02,12,162,8,1.6278372398481622e-05,2.1857154486326635e-07,1
4,0.02,12,162,9,2.3838337357418027e-06,7.292923598356538e-09,1
4,0.02,12,162,10,2.3593146192268932e-07,1.5711698608811275e-10,1
4,0.02,12,163,1,2.875793970266109,3.6806690050864415,3
4,0.02,12,163,2,1.1523476314574133,1.2561912709755951,1
4,0.02,12,163,3,0.7451595393441508,0.941769061967924,7
4,0.02,12,163,4,0.05338913671977075,0.013875509906150718,3
4,0.02,12,163,5,0.02013536543292016,0.002196293455331677,5
4,0.02,12,163,6,0.002127712488811717,0.00011917907004566075,4
4,0.02,12,163,7,0.0008470047586808249,2.5904633334405958e-05,3
4,0.02,12,163,8,7.983455224191971e-05,1.8557873460167684e-07,3
4,0.02,12,163,9,1.229784074396889e-05,9.368253728325726e-09,1
4,0.02,12,163,10,1.2174244936602463e-06,7.158362791415129e-11,1
4,0.02,12,164,1,3.835542530525654,4.740690478944071,4
4,0.02,12,164,2,2.3211469218582437,2.867810894176122,5
4,0.02,12,164,3,0.9902072455698612,1.1049642711219603,7
4,0.02,12,164,4,0.12733411287484575,0.07825472070335948,2
4,0.02,12,164,5,0.03804628436412649,0.005971698099975775,5
4,0.02,12,164,6,0.014348732289633404,0.0005281174202709238,4
4,0.02,12,164,7,0.0010902737312949995,1.1808571407811996e-05,3
4,0.02,12,164,8,0.00028477821826378147,8.235946342693978e-07,2
4,0.02,12,164,9,3.945051729203897e-05,3.576630369650502e-08,1
4,0.02,12,164,10,4.031121598302434e-06,1.1374368114047684e-09,1
4,0.02,12,165,1,3.625446798875555,4.5982929891064455,9
4,0.02,12,165,2,2.8978139946545136,3.679555299273061,8
4,0.02,12,165,3,0.7788610427887415,0.9938483702600314,7
4,0.02,12,165,4,0.05403765493798751,0.01177718589176635,7
4,0.02,12,165,5,0.016656047486942605,0.0017079271664330875,5
4,0.02,12,165,6,0.001951182362476267,2.493312156293115e-05,5
4,0.02,12,165,7,0.00030789039848233557,3.936827244643837e-06,3
4,0.02,12,165,8,4.7990099178996104e-05,6.891797532659893e-08,3
4,0.02,12,165,9,1.1980389915677847e-06,2.4778756824161974e-10,2
4,0.02,12,165,10,1.923895753819238e-07,9.871214956547192e-12,1
4,0.02,12,166,1,4.367117073982514,5.434717659544635,6
4,0.02,12,166,2,2.399638214519844,2.8867834995899155,4
4,0.02,12,166,3,1.554446588260931,1.8641933239454245,4
4,0.02,12,166,4,0.16969635082861334,0.10218765881674852,6
4,0.02,12,166,5,0.030881359139788067,0.005505112969311554,1
4,0.02,12,166,6,0.0028337940655669414,8.745706080048876e-05,4
4,0.02,12,166,7,0.00027807527998024995,3.7104611587679415e-06,1
4,0.02,12,166,8,3.368462932851202e-05,8.133369711060823e-08,2
4,0.02,12,166,9,8.425928972322083e-06,1.4948149384963472e-08,1
4,0.02,12,166,10,3.7613314152196153e-07,9.118217292325426e-11,1
4,0.02,12,167,1,3.6493834372575646,4.6147530793943385,2
4,0.02,12,167,2,1.8235894475980308,2.0799260445429484,1
4,0.02,12,167,3,0.9154543845928975,1.0223383167461186,1
4,0.02,12,167,4,0.04087571542916546,0.02113524659274102,1
4,0.02,12,167,5,0.0008536851644009857,2.0203129539098086e-05,6
4,0.02,12,167,6,9.60337250202059e-05,3.481078136857718e-07,5
4,0.02,12,167,7,2.6645352591003757e-15,0.0,2
4,0.02,12,167,8,2.6645352591003757e-15,3.552713678800501e-15,1
4,0.02,12,167,9,8.881784197001252e-16,0.0,1
4,0.02,12,167,10,-2.6645352591003757e-15,0.0,1
4,0.02,12,168,1,3.037433234574997,3.7708653844656617,6
4,0.02,12,168,2,1.5848843326829707,1.9814384654243753,5
4,0.02,12,168,3,0.8157878586049945,1.0097853220274091,2
4,0.02,12,168,4,0.05697095232818139,0.05852526099140398,2
4,0.02,12,168,5,0.02379895142921562,0.0039313300077399305,2
4,0.02,12,168,6,0.0030614876535439706,0.00034252563015080284,1
4,0.02,12,168,7,0.0003927537592502972,6.361104267327278e-06,1
4,0.02,12,168,8,3.169667402058707e-05,7.873118512691235e-08,2
4,0.02,12,168,9,1.520964696144489e-05,1.1635005847665525e-08,2
4,0.02,12,168,10,2.2986042571560006e-06,1.0872120981275657e-09,1
4,0.02,12,169,1,3.1641938171980453,3.8965086991773816,5
4,0.02,12,169,2,1.7372650764464321,2.1105927605325157,5
4,0.02,12,169,3,0.9000845988141499,0.9937216529084623,5
4,0.02,12,169,4,0.07149130745096954,0.024022210099600372,4
4,0.02,12,169,5,0.00878092183299728,0.0003371898416384411,3
4,0.02,12,169,6,0.0012087324769289864,1.4997761325297176e-05,5
4,0.02,12,169,7,0.0002289091475873306,8.514918938828941e-07,4
4,0.02,12,169,8,1.3534990738861552e-05,6.663501750381329e-09,3
4,0.02,12,169,9,1.7540457140086119e-06,1.360286105978048e-09,1
4,0.02,12,169,10,4.2749315731782644e-07,9.450751292661153e-11,1
4,0.02,12,170,1,1.841277008310069,2.1170523251553863,9
4,0.02,12,170,2,0.8319808522316752,0.9992113814932133,3
4,0.02,12,170,3,0.6669018845584116,0.9189173097049901,1
4,0.02,12,170,4,0.03022542203987033,0.037103573319862804,1
4,0.02,12,170,5,0.008251749262392138,0.0018961949171432124,1
4,0.02,12,170,6,0.001436621857493492,0.00011151113203577978,1
4,0.02,12,170,7,0.0002662797003125661,2.4367894333465756e-06,1
4,0.02,12,170,8,4.118657379503787e-05,1.7502808979941165e-07,1
4,0.02,12,170,9,1.1011840879149304e-05,1.9519898586395357e-08,1
4,0.02,12,170,10,1.3493680661724738e-06,2.0427641800324636e-09,1
4,0.02,12,171,1,4.373560797671051,5.503948698793199,5
4,0.02,12,171,2,2.4089396260549174,2.9228856749910204,5
4,0.02,12,171,3,1.0132302888513012,1.152980327067132,2
4,0.02,12,171,4,0.13108567368645563,0.09926351709132497,5
4,0.02,12,171,5,0.038154883649808014,0.036988102125929956,4
4,0.02,12,171,6,0.008057376527045967,0.0010285865520049953,3
4,0.02,12,171,7,0.0011911515932512273,5.258273491026699e-05,2
4,0.02,12,171,8,0.0003609984763004448,8.628820395983894e-06,1
4,0.02,12,171,9,9.187965176238322e-06,9.914245424624823e-09,1
4,0.02,12,171,10,8.709894361302872e-07,3.878781740240811e-10,1
4,0.02,12,172,1,2.968467623878092,3.7325076833877713,6
4,0.02,12,172,2,1.1331292988760202,1.2419665812590779,2
4,0.02,12,172,3,0.27366731191182136,0.20435516420972544,2
4,0.02,12,172,4,0.09281473522111394,0.051545451056744795,2
4,0.02,12,172,5,0.030379717512899695,0.0038314065008631104,2
4,0.02,12,172,6,0.003721179201156666,0.0005828299008081572,1
4,0.02,12,172,7,0.00038548172857044705,2.590140346647729e-06,2
4,0.02,12,172,8,4.303975576558372e-05,1.4678342807883382e-07,1
4,0.02,12,172,9,-6.217248937900877e-15,1.7763568394002505e-15,2
4,0.02,12,172,10,-2.6645352591003757e-15,0.0,1
4,0.02,12,173,1,3.660451998915814,4.615560040339885,7
4,0.02,12,173,2,2.2334513797460485,2.83145745271673,8
4,0.02,12,173,3,0.8387535699676612,1.045885981513515,7
4,0.02,12,173,4,0.14193477530542076,0.11155346053240134,4
4,0.02,12,173,5,0.02494181111403826,0.0027265660961397487,3
4,0.02,12,173,6,0.01464568609817718,0.0009519355501037552,4
4,0.02,12,173,7,0.0012544778515053423,2.7843866305943266e-05,3
4,0.02,12,173,8,0.0002529666569603961,1.3507700877823936e-06,2
4,0.02,12,173,9,1.1108774565116164e-05,1.2416117911584479e-08,1
4,0.02,12,173,10,2.510416159395845e-07,3.313083141165407e-11,1
4,0.02,12,174,1,3.186686479525136,3.931640952273039,6
4,0.02,12,174,2,2.435806096671598,2.9259949536203083,5
4,0.02,12,174,3,0.9825554595888768,1.104637219657481,5
4,0.02,12,174,4,0.08990548794086628,0.04778864302420338,3
4,0.02,12,174,5,0.019380373525741845,0.001997080428909115,4
4,0.02,12,174,6,0.002118161950306785,8.298196149869597e-05,3
4,0.02,12,174,7,0.0003285692455534672,8.79500666428612e-06,2
4,0.02,12,174,8,5.280459201983945e-05,1.7983304090307684e-07,1
4,0.02,12,174,9,2.408038991319472e-06,4.726086189066336e-10,1
4,0.02,12,174,10,3.260895997669877e-07,1.4381384971784428e-11,1
4,0.02,12,175,1,4.360098458184627,5.503499432776636,6
4,0.02,12,175,2,2.4267483824951093,2.9406123251845067,7
4,0.02,12,175,3,0.9863519921924446,1.137158970214852,6
4,0.02,12,175,4,0.1072937805582388,0.04645924698433035,7
4,0.02,12,175,5,0.021026929194116306,0.0030428186201785223,2
4,0.02,12,175,6,0.0021863067013025983,6.352990221003552e-05,1
4,0.02,12,175,7,0.00038339874025083986,2.927054573831356e-06,2
4,0.02,12,175,8,4.632760751022147e-05,5.874432851271649e-08,1
4,0.02,12,175,9,4.763798440166056e-06,2.0163266611916697e-09,2
4,0.02,12,175,10,5.980401720506734e-07,3.9721115285829e-11,1
4,0.02,12,176,1,2.377179202420435,2.940622109474999,1
4,0.02,12,176,2,1.1212047815534296,1.2247731793077783,2
4,0.02,12,176,3,0.08919164994158546,0.04977452274310412,1
4,0.02,12,176,4,0.012569232848002265,0.0016266477488384723,2
4,0.02,12,176,5,0.001103331667729357,3.988390053244473e-05,1
4,0.02,12,176,6,0.00020709771346894001,4.376586835164176e-06,2
4,0.02,12,176,7,2.035191354732291e-05,1.2364844081957926e-07,1
4,0.02,12,176,8,0.0,-1.7763568394002505e-15,1
4,0.02,12,176,9,8.881784197001252e-16,-1.7763568394002505e-15,2
4,0.02,12,176,10,-8.881784197001252e-16,0.0,1
4,0.02,12,177,1,3.2085648897111962,3.8861461329250346,3
4,0.02,12,177,2,1.7630669874435796,2.0748204765419747,8
4,0.02,12,177,3,0.886884275295774,0.9974661163806857,8
4,0.02,12,177,4,0.08871368357899811,0.04595505051972193,6
4,0.02,12,177,5,0.014504060456340895,0.0013938699023317014,6
4,0.02,12,177,6,0.0011379561016156003,3.8218971342374175e-05,4
4,0.02,12,177,7,0.00016874685068657413,1.099630630108095e-06,4
4,0.02,12,177,8,2.4028531695918787e-05,8.30300699306008e-08,3
4,0.02,12,177,9,2.2059083661929435e-06,9.931842015475922e-10,1
4,0.02,12,177,10,3.491359663598814e-07,3.2793323612168024e-11,1
4,0.02,12,178,1,3.6543453509397468,4.614384817556909,2
4,0.02,12,178,2,1.7903481597695476,2.073996955094943,1
4,0.02,12,178,3,0.19475609464280286,0.1642509228662279,2
4,0.02,12,178,4,0.045614799782079274,0.004176619892469979,1
4,0.02,12,178,5,0.01173685429758553,0.0015612584839406196,3
4,0.02,12,178,6,0.0023504917031500483,7.235324480880934e-05,3
4,0.02,12,178,7,0.0004527860669236716,7.19523674952427e-06,3
4,0.02,12,178,8,3.508571062926791e-05,2.202334901113545e-07,2
4,0.02,12,178,9,6.099773540491071e-06,4.330923175643875e-09,1
4,0.02,12,178,10,2.1690786677908136e-07,6.796341267545358e-12,1
4,0.02,12,179,1,2.498540193901735,2.9673668970324076,10
4,0.02,12,179,2,0.9381582712221688,1.098778936441418,7
4,0.02,12,179,3,0.7774580359311942,0.9592442918606574,7
4,0.02,12,179,4,0.05651213583660475,0.02297824234327006,3
4,0.02,12,179,5,0.006814444250086815,0.0006886286485237036,3
4,0.02,12,179,6,0.0008833572626327779,2.0577380031916448e-05,3
4,0.02,12,179,7,8.469475547112637e-05,3.760875415537157e-07,2
4,0.02,12,179,8,8.203710854637336e-06,1.6382644574264305e-08,2
4,0.02,12,179,9,5.5866929482562e-07,8.687983665822685e-11,2
4,0.02,12,179,10,5.825987692276158e-09,4.796163466380676e-14,1
4,0.02,12,180,1,4.316507094288015,5.449761148337458,2
4,0.02,12,180,2,2.2442081936848837,2.8493324961358226,2
4,0.02,12,180,3,1.0069652743891062,1.1534082058311768,3
4,0.02,12,180,4,0.1983042347605366,0.14181666833277973,2
4,0.02,12,180,5,0.042024870826695704,0.02114094244273268,2
4,0.02,12,180,6,0.004157563028524436,0.00015737385637670798,2
4,0.02,12,180,7,0.000257179455100065,1.455724852661433e-06,2
4,0.02,12,180,8,4.948640060753462e-05,2.920792994132171e-07,2
4,0.02,12,180,9,7.808915887252965e-06,9.166774006530432e-09,2
4,0.02,12,180,10,3.431939958886687e-07,5.0890847091977776e-11,1
4,0.02,12,181,1,3.032203484944744,3.7667444577534575,6
4,0.02,12,181,2,1.160237564480732,1.2758875834495917,6
4,0.02,12,181,3,0.7164498947067548,0.9217576749647858,7
4,0.02,12,181,4,0.09507320980628986,0.04664855785447486,6
4,0.02,12,181,5,0.008990523251268812,0.0003420457704255142,5
4,0.02,12,181,6,0.0013920433812746325,1.8047117727348905e-05,4
4,0.02,12,181,7,4.2695506363266134e-05,4.76851802488909e-08,4
4,0.02,12,181,8,3.552713678800501e-15,-1.7763568394002505e-15,1
4,0.02,12,181,9,-8.881784197001252e-16,0.0,1
4,0.02,12,181,10,-2.6645352591003757e-15,0.0,1
4,0.02,12,182,1,2.6505557704741483,3.1040687151041464,3
4,0.02,12,182,2,1.6355785453452052,1.9972604363553552,6
4,0.02,12,182,3,0.8022930691785524,0.9634956206976346,5
4,0.02,12,182,4,0.05311805656946422,0.04172776455515326,6
4,0.02,12,182,5,0.026753829597487844,0.018940592237040477,5
4,0.02,12,182,6,0.004462229917228555,0.0005987314619000372,5
4,0.02,12,182,7,0.0004601007765101528,7.307094157305016e-06,3
4,0.02,12,182,8,7.47445546656067e-05,2.3522937020459267e-07,3
4,0.02,12,182,9,1.7796847693318796e-06,5.232649868958106e-10,2
4,0.02,12,182,10,1.5148827881006355e-07,1.546851535749738e-11,1
4,0.02,12,183,1,3.59512423337035,4.564352222944146,9
4,0.02,12,183,2,2.371103145289724,2.8669438716857796,9
4,0.02,12,183,3,0.8952482377559585,1.0660690490581626,6
4,0.02,12,183,4,0.10144476464916607,0.060706411690211404,5
4,0.02,12,183,5,0.035754835332956425,0.022708523336026687,5
4,0.02,12,183,6,0.0067240283539824475,0.0009042413590396592,4
4,0.02,12,183,7,0.0008474852657061049,5.103160281905161e-06,4
4,0.02,12,183,8,0.0002823847052448869,8.121583649156605e-06,2
4,0.02,12,183,9,1.8940651609788972e-05,2.571145074625747e-08,2
4,0.02,12,183,10,5.402046747704503e-07,4.7625903221160115e-11,1
4,0.02,12,184,1,3.0856498622708157,3.803769325667819,9
4,0.02,12,184,2,1.2044299957776934,1.2910401204754258,9
4,0.02,12,184,3,0.20613672824020046,0.13081623453467817,3
4,0.02,12,184,4,0.042116591265007663,0.021122773370962022,4
4,0.02,12,184,5,0.013097585451248506,0.0016138376333536542,4
4,0.02,12,184,6,0.004232120085245761,0.00012043196910838105,3
4,0.02,12,184,7,0.0005921581528758324,4.939631742750805e-06,2
4,0.02,12,184,8,0.00010749563188472422,4.214416691183942e-07,2
4,0.02,12,184,9,1.8789624708581698e-05,1.418619532955745e-08,1
4,0.02,12,184,10,2.2703634554588348e-06,1.9736035028472543e-10,1
4,0.02,12,185,1,3.7788171346378068,4.703284748118245,7
4,0.02,12,185,2,2.3903628252414872,2.92190350038665,8
4,0.02,12,185,3,0.8036235218742886,0.9686098887323533,7
4,0.02,12,185,4,0.07917613875589691,0.04199870584801957,6
4,0.02,12,185,5,0.02514508430237683,0.004290654648777981,3
4,0.02,12,185,6,0.002277508983926424,6.920598346127349e-05,2
4,0.02,12,185,7,0.0005897111844728187,2.4963714523096314e-05,3
4,0.02,12,185,8,5.4859277033969533e-05,3.9343303548378117e-07,2
4,0.02,12,185,9,6.351189766107268e-06,6.285311826559337e-09,1
4,0.02,12,185,10,4.3279135120144474e-07,2.609823468446848e-11,1
4,0.02,12,186,1,3.7799703469955084,4.605086627630948,5
4,0.02,12,186,2,2.9709475380903534,3.6485408092410916,4
4,0.02,12,186,3,0.9034345310850327,1.0186777564318836,6
4,0.02,12,186,4,0.07786846126761038,0.07823758617539944,4
4,0.02,12,186,5,0.01848056410275767,0.002469047739054986,4
4,0.02,12,186,6,0.002300823597406243,0.00020363469860740224,4
4,0.02,12,186,7,0.00025275223846854544,5.254134869403515e-06,3
4,0.02,12,186,8,2.3083083295460938e-05,6.871615454429048e-08,2
4,0.02,12,186,9,4.524222276813816e-06,4.047373991511449e-09,1
4,0.02,12,186,10,2.6468460490036705e-07,2.8041569066772354e-11,1
4,0.02,12,187,1,2.9391098864176275,3.7320990679978294,9
4,0.02,12,187,2,1.593407259115052,1.9743056627786242,8
4,0.02,12,187,3,0.6993456908329074,0.9248983069871421,8
4,0.02,12,187,4,0.03540088644222905,0.022325926845057076,6
4,0.02,12,187,5,0.01189876910453691,0.003350680887426627,5
4,0.02,12,187,6,0.005048023602126861,0.0009006550481140962,4
4,0.02,12,187,7,0.0002871265388906252,1.2241434015791697e-05,4
4,0.02,12,187,8,5.7990408325991893e-05,8.966785181030446e-07,2
4,0.02,12,187,9,3.221365671990384e-06,1.2183027919832057e-08,2
4,0.02,12,187,10,5.4515066238991494e-08,3.5704772471945034e-11,1
4,0.02,12,188,1,3.113793980956345,3.762708998149299,9
4,0.02,12,188,2,1.7185651545363108,2.0293427953767704,8
4,0.02,12,188,3,0.8771259342135931,1.012521630177302,8
4,0.02,12,188,4,0.049395920162037754,0.029851351623299216,4
4,0.02,12,188,5,0.01076194517271123,0.0014119701949031338,4
4,0.02,12,188,6,0.0011395869167962758,3.439385413717133e-05,4
4,0.02,12,188,7,0.0007270084765629292,2.4468033786639865e-05,4
4,0.02,12,188,8,6.521818025539972e-05,2.076159990593851e-07,3
4,0.02,12,188,9,6.677889070161314e-06,1.3186282288302209e-08,2
4,0.02,12,188,10,1.8753099535473439e-06,1.7724630652082851e-09,1
4,0.02,12,189,1,3.0159858108011326,3.71446272073446,2
4,0.02,12,189,2,1.1658719608615575,1.2435833221140147,9
4,0.02,12,189,3,0.7503151491594418,0.9435574661085182,6
4,0.02,12,189,4,0.09419439002104557,0.0579689026898933,5
4,0.02,12,189,5,0.014589239047701597,0.0009190544624910757,6
4,0.02,12,189,6,0.008669717617251216,0.00035778955097232057,3
4,0.02,12,189,7,0.000750898148482726,1.3880058597592893e-05,2
4,0.02,12,189,8,0.00014852273421528395,2.2887663320148022e-07,3
4,0.02,12,189,9,1.830552908277383e-05,9.895570585172209e-09,2
4,0.02,12,189,10,1.0105158532169867e-06,4.650324569865916e-11,1
4,0.02,12,190,1,3.694402359002157,4.602145372186762,4
4,0.02,12,190,2,2.399905914225678,2.941284854076846,4
4,0.02,12,190,3,0.37715533815895785,0.2953774454241538,3
4,0.02,12,190,4,0.05597922102024011,0.03883753525073619,6
4,0.02,12,190,5,0.01004041648173093,0.0012944327307904402,5
4,0.02,12,190,6,0.0018603578342828442,0.0001177812194042005,4
4,0.02,12,190,7,0.0004252509601325727,2.73330213484968e-06,3
4,0.02,12,190,8,3.7662012675632184e-05,1.5785363416398468e-07,2
4,0.02,12,190,9,2.946164699757503e-06,2.513015573413213e-09,2
4,0.02,12,190,10,4.1248463311660544e-08,9.064748951459478e-12,1
4,0.02,12,191,1,2.566867483996411,3.0750703831080095,2
4,0.02,12,191,2,1.0988241203386728,1.2160955006503311,6
4,0.02,12,191,3,0.08189909500956105,0.023882965046468474,1
4,0.02,12,191,4,0.007726109560735495,0.0008673376609698025,4
4,0.02,12,191,5,1.7763568394002505e-15,-1.7763568394002505e-15,2
4,0.02,12,191,6,1.7763568394002505e-15,-2.6645352591003757e-15,2
4,0.02,12,191,7,3.552713678800501e-15,-3.552713678800501e-15,2
4,0.02,12,191,8,5.329070518200751e-15,-3.552713678800501e-15,2
4,0.02,12,191,9,3.552713678800501e-15,0.0,2
4,0.02,12,191,10,1.7763568394002505e-15,0.0,1
4,0.02,12,192,1,3.093531864548586,3.8049885295118333,5
4,0.02,12,192,2,1.1357454516981225,1.2236141356868089,5
4,0.02,12,192,3,0.15152081447259214,0.1471866472480512,3
4,0.02,12,192,4,0.0345943658904968,0.008362366085219008,3
4,0.02,12,192,5,0.005350322081728365,0.0008205734067878723,3
4,0.02,12,192,6,0.0016740308218317068,0.00027440580631399314,3
4,0.02,12,192,7,7.328113790272539e-05,8.50384790140879e-07,3
4,0.02,12,192,8,3.5556416758453224e-05,2.3265003079586677e-07,3
4,0.02,12,192,9,4.113250575699112e-07,1.1028866708784335e-10,2
4,0.02,12,192,10,1.7558126863548296e-07,1.808508898193395e-11,1
4,0.02,12,193,1,3.142414304063541,3.884418123356248,2
4,0.02,12,193,2,1.6018427971919724,1.950779807832972,6
4,0.02,12,193,3,0.8631725376562169,1.0134366214155408,6
4,0.02,12,193,4,0.12650024795856396,0.08033268654101189,6
4,0.02,12,193,5,0.01833348535908108,0.0011817069733339736,6
4,0.02,12,193,6,0.004089381860660879,0.00011511086131754666,2
4,0.02,12,193,7,0.0004896870748245519,1.748254845779229e-06,1
4,0.02,12,193,8,2.558333171442939e-05,4.073254444847407e-08,2
4,0.02,12,193,9,3.312305283387218e-06,6.276561492768451e-10,2
4,0.02,12,193,10,3.480401229438712e-07,7.37365724035044e-12,1
4,0.02,12,194,1,4.311511090046801,5.449764606957812,8
4,0.02,12,194,2,2.3847929015986455,2.9463973191752366,7
4,0.02,12,194,3,1.5343550433445738,1.8999826722773028,6
4,0.02,12,194,4,0.11440717954038959,0.06588350797289966,6
4,0.02,12,194,5,0.023064703574499745,0.0018680094779606193,2
4,0.02,12,194,6,0.012299110026798843,0.00048457855845995823,2
4,0.02,12,194,7,0.0010032217041935354,1.8048352570687598e-05,2
4,0.02,12,194,8,0.00012239907334965494,3.402602608559846e-07,2
4,0.02,12,194,9,1.827316806313206e-05,1.8755786257429463e-08,2
4,0.02,12,194,10,7.418642233858463e-08,7.073452934491797e-12,1
4,0.02,12,195,1,3.926078806931444,4.795091765770977,2
4,0.02,12,195,2,2.000626281409315,2.2470628540209416,1
4,0.02,12,195,3,0.31721086775209884,0.2183206844712764,1
4,0.02,12,195,4,0.07537285577973218,0.016764512498480322,2
4,0.02,12,195,5,0.007992491651003242,0.0007968336398027631,2
4,0.02,12,195,6,0.001040598088376754,2.321042116903982e-05,4
4,0.02,12,195,7,0.00018592196099742608,1.964300332168989e-06,3
4,0.02,12,195,8,8.914958336081469e-05,5.253389421255861e-07,2
4,0.02,12,195,9,5.994662019226382e-06,4.360609651143932e-09,1
4,0.02,12,195,10,1.1902415142373002e-07,4.6984638402136625e-12,1
4,0.02,12,196,1,3.110491062321799,3.8308251333168037,2
4,0.02,12,196,2,2.2998365234327665,2.8031374181125512,2
4,0.02,12,196,3,0.8703367055370563,1.0300283768412575,4
4,0.02,12,196,4,0.08891997606174051,0.04767280573929611,4
4,0.02,12,196,5,0.025351443425756237,0.0025860491037459354,5
4,0.02,12,196,6,0.012443435473779907,0.0004487085890518827,4
4,0.02,12,196,7,0.0008040195629277491,1.066736283483749e-05,3
4,0.02,12,196,8,0.00026288660299833566,2.591468586388146e-07,2
4,0.02,12,196,9,7.637568360863156e-06,1.7526229356690237e-09,1
4,0.02,12,196,10,-1.7763568394002505e-15,5.329070518200751e-15,1
4,0.02,12,197,1,3.000309389888084,3.7333363154117265,9
4,0.02,12,197,2,1.4862971592711762,1.8755166604024431,7
4,0.02,12,197,3,0.7741673627434622,0.9426035804497603,7
4,0.02,12,197,4,0.05945185197303182,0.04456353516788525,3
4,0.02,12,197,5,0.026483592927872834,0.018936384259005123,3
4,0.02,12,197,6,0.002915529795131988,0.0003320840427329941,2
4,0.02,12,197,7,0.0004868617338011916,7.217752489907525e-06,3
4,0.02,12,197,8,4.8906121943304015e-05,1.3363916195885395e-07,2
4,0.02,12,197,9,3.4126152215208094e-06,3.128025838350368e-09,2
4,0.02,12,197,10,3.6865126062934905e-08,5.352163157112955e-12,1
4,0.02,12,198,1,3.2788491007112706,3.9947614600156385,3
4,0.02,12,198,2,1.6001143789410888,1.9841549326115064,6
4,0.02,12,198,3,0.860528420238702,1.0194373308691862,3
4,0.02,12,198,4,0.08320039847528538,0.06414578460727949,4
4,0.02,12,198,5,0.03637532590246817,0.02224419135025535,3
4,0.02,12,198,6,0.016579943716298118,0.01803913918102129,2
4,0.02,12,198,7,0.0007534407672968868,4.575827966313284e-05,1
4,0.02,12,198,8,6.05942229823242e-05,2.0800234779017046e-07,3
4,0.02,12,198,9,1.758505210158745e-05,6.983862377296646e-08,2
4,0.02,12,198,10,9.642481506588751e-07,2.2214408090803772e-10,1
4,0.02,12,199,1,3.7487673586166688,4.585644151711914,5
4,0.02,12,199,2,2.307527821553644,2.8322961689854536,2
4,0.02,12,199,3,0.8307255178956945,1.0251321435273493,3
4,0.02,12,199,4,0.08606011003160585,0.10795906847866288,2
4,0.02,12,199,5,0.038594422779699045,0.0273726284699638,2
4,0.02,12,199,6,0.022987152027511115,0.019909437335582147,2
4,0.02,12,199,7,0.00107671153514044,6.625255041292633e-05,1
4,0.02,12,199,8,7.993605777301127e-15,0.0,2
4,0.02,12,199,9,1.1546319456101628e-14,0.0,1
4,0.02,12,199,10,6.217248937900877e-15,1.7763568394002505e-15,1
