depth,p,n,real,b,ivn_max,ir2_max,a_at_max
4,0.05,12,0,1,2.6898232227700056,4.673075478286044,2
4,0.05,12,0,2,1.7534116664252082,2.946077752809927,2
4,0.05,12,0,3,0.7566605947506275,1.2866483770680937,2
4,0.05,12,0,4,0.14467971287835724,0.21984904491695367,2
4,0.05,12,0,5,0.04680623245396376,0.07229106239063476,2
4,0.05,12,0,6,0.021407089081876052,0.013597265291732441,2
4,0.05,12,0,7,0.002807906055565468,0.0012337343115689237,3
4,0.05,12,0,8,0.0012255566435470655,0.00027145469298517355,2
4,0.05,12,0,9,0.00017432906165559814,2.625428711056088e-05,1
4,0.05,12,0,10,2.0289281133401005e-05,1.2878504058733142e-06,1
4,0.05,12,1,1,2.541973044595,4.236390226080765,6
4,0.05,12,1,2,1.5476358096175353,2.643543222669642,5
4,0.05,12,1,3,1.0234993495738038,1.702688846785957,5
4,0.05,12,1,4,0.13694830725038543,0.17446762962571594,5
4,0.05,12,1,5,0.04173635881844007,0.05487963891134573,5
4,0.05,12,1,6,0.010493630323727743,0.0037752557402583875,1
4,0.05,12,1,7,0.0013650333655057523,0.00025591021130288993,1
4,0.05,12,1,8,0.0003628656620886517,1.9965401987676046e-05,1
4,0.05,12,1,9,6.002044655240013e-05,4.143414251700506e-06,1
4,0.05,12,1,10,1.2145824195286536e-05,2.8716262967520834e-07,1
4,0.05,12,2,1,2.1716680916692486,3.6165418457509624,5
4,0.05,12,2,2,1.2021535573229993,2.0892297081175872,5
4,0.05,12,2,3,0.6196348840886436,0.9739871397584325,5
4,0.05,12,2,4,0.12483441662851824,0.17303444176372818,1
4,0.05,12,2,5,0.02933081211252464,0.05174651603363145,5
4,0.05,12,2,6,0.010283976271848516,0.0063755755184109475,5
4,0.05,12,2,7,0.0020274695071815785,0.0018289663439645665,3
4,0.05,12,2,8,0.000671477967074452,0.00021229348426210493,3
4,0.05,12,2,9,0.00011411558426921431,1.8262963692450285e-05,1
4,0.05,12,2,10,3.992867447344395e-05,2.1932207125985315e-06,1
4,0.05,12,3,1,2.016131352304509,3.213879541801079,2
4,0.05,12,3,2,1.2471868415448224,1.802957010320192,1
4,0.05,12,3,3,0.4460456965901134,0.8324807483463204,8
4,0.05,12,3,4,0.07259411179382269,0.06334322848188823,5
4,0.05,12,3,5,0.027233326469421115,0.047622469626748654,3
4,0.05,12,3,6,0.011928981943555073,0.010064262481114916,5
4,0.05,12,3,7,0.002559750301575292,0.002159797227879068,4
4,0.05,12,3,8,0.0006473147223164943,0.00022956453246969488,3
4,0.05,12,3,9,6.717701463188064e-05,1.3753902866397993e-05,2
4,0.05,12,3,10,1.0488874998770825e-05,9.636211846242304e-07,1
4,0.05,12,4,1,2.357165775450433,4.0331273760382835,4
4,0.05,12,4,2,1.4545519768620672,2.5546284839153834,5
4,0.05,12,4,3,0.6245142003828548,1.1113936600869927,2
4,0.05,12,4,4,0.14612205073986217,0.2296946604091339,2
4,0.05,12,4,5,0.029050843255667758,0.04685205316179619,1
4,0.05,12,4,6,0.0042048935040934765,0.0024479802470844803,1
4,0.05,12,4,7,0.000668274817998693,8.996445502695849e-05,2
4,0.05,12,4,8,8.342231032010261e-05,6.954315736606986e-06,1
4,0.05,12,4,9,8.882958049127865e-06,3.425819397051555e-07,1
4,0.05,12,4,10,7.161063351190933e-07,2.7109734901387128e-08,1
4,0.05,12,5,1,2.2895516653712953,3.9367467046362226,9
4,0.05,12,5,2,1.1718086875752043,1.979386683398392,9
4,0.05,12,5,3,0.6455203098618334,1.116545552140579,6
4,0.05,12,5,4,0.08302851237945674,0.07434485219816533,6
4,0.05,12,5,5,0.017774686910629,0.007298002125201819,6
4,0.05,12,5,6,0.00481246146328651,0.0014134402273437985,4
4,0.05,12,5,7,0.000693604873550413,0.00010457614361403245,4
4,0.05,12,5,8,8.415888902035817e-05,7.772798065630582e-06,1
4,0.05,12,5,9,2.3218265283730943e-05,8.078897355545678e-07,1
4,0.05,12,5,10,3.4219859923467766e-06,5.559680538169687e-08,1
4,0.05,12,6,1,2.686486332768183,4.124819454859381,5
4,0.05,12,6,2,2.035584824194874,2.9618445169315546,3
4,0.05,12,6,3,1.0042489136043606,1.5142707662292327,2
4,0.05,12,6,4,0.034900138089005495,0.08368565359997682,1
4,0.05,12,6,5,0.006369422945727621,0.006998764420382386,4
4,0.05,12,6,6,0.0008928272455221986,0.0003249281331676457,5
4,0.05,12,6,7,0.00022151536914805092,7.473399483792775e-05,4
4,0.05,12,6,8,0.0,1.7763568394002505e-15,1
4,0.05,12,6,9,0.0,1.7763568394002505e-15,1
4,0.05,12,6,10,1.7763568394002505e-15,0.0,1
4,0.05,12,7,1,2.191066633413911,3.7009840745068843,8
4,0.05,12,7,2,1.4055738621364888,2.307550214873171,7
4,0.05,12,7,3,0.41028847989216644,0.6283332343458845,7
4,0.05,12,7,4,0.10101883997268146,0.06332075301169127,7
4,0.05,12,7,5,0.021303034670372867,0.009639599028409052,6
4,0.05,12,7,6,0.003172695696944672,0.0004494669155024056,5
4,0.05,12,7,7,3.552713678800501e-15,-8.881784197001252e-16,4
4,0.05,12,7,8,1.7763568394002505e-15,0.0,3
4,0.05,12,7,9,5.329070518200751e-15,-3.552713678800501e-15,2
4,0.05,12,7,10,0.0,-1.7763568394002505e-15,1
4,0.05,12,8,1,1.7303153687123203,2.9003669353260175,2
4,0.05,12,8,2,0.7756169165363662,1.3083257853035324,2
4,0.05,12,8,3,0.2884922501171232,0.32511458522846937,6
4,0.05,12,8,4,0.027564574454126856,0.026487018965378084,2
4,0.05,12,8,5,0.017115258876751582,0.012457387069343184,6
4,0.05,12,8,6,1.7763568394002505e-15,0.0,3
4,0.05,12,8,7,3.552713678800501e-15,8.881784197001252e-16,1
4,0.05,12,8,8,0.0,0.0,3
4,0.05,12,8,9,1.7763568394002505e-15,0.0,1
4,0.05,12,8,10,1.7763568394002505e-15,1.7763568394002505e-15,1
4,0.05,12,9,1,1.689637675185903,2.732372544658526,8
4,0.05,12,9,2,0.81449401551356,1.2310510781121664,9
4,0.05,12,9,3,0.17683232822944994,0.2680515154088017,2
4,0.05,12,9,4,0.07273457447123732,0.049367082714882216,1
4,0.05,12,9,5,0.016206686910388513,0.01113368584306862,1
4,0.05,12,9,6,0.003143126302973087,0.0006506859131798493,1
4,0.05,12,9,7,3.552713678800501e-15,1.7763568394002505e-15,1
4,0.05,12,9,8,0.0,0.0,1
4,0.05,12,9,9,3.552713678800501e-15,0.0,2
4,0.05,12,9,10,3.552713678800501e-15,3.552713678800501e-15,1
4,0.05,12,10,1,2.2460470702572106,3.7679390637605366,3
4,0.05,12,10,2,1.2736708221823907,2.158485097088832,2
4,0.05,12,10,3,0.4313183771762894,0.8315095038392952,6
4,0.05,12,10,4,0.0728400397033635,0.07713940093146654,5
4,0.05,12,10,5,0.01787462925912564,0.01114854911326102,4
4,0.05,12,10,6,0.007702295313656293,0.0025152336306000223,3
4,0.05,12,10,7,0.0009737300057359732,0.0001731957001958051,2
4,0.05,12,10,8,0.0003473017052275651,3.901652722326787e-05,3
4,0.05,12,10,9,4.4284649142412036e-05,2.740626140251834e-06,2
4,0.05,12,10,10,9.511083673530152e-06,1.8237411758548205e-07,1
4,0.05,12,11,1,1.7246158225656174,2.8505854815617493,6
4,0.05,12,11,2,1.2179074249351807,2.075114967209302,4
4,0.05,12,11,3,0.34250002565407556,0.507401288688051,4
4,0.05,12,11,4,0.0675539707735382,0.03855719728535334,3
4,0.05,12,11,5,0.021725693471566387,0.006227533834232801,3
4,0.05,12,11,6,0.005438643164982437,0.000648123918122856,3
4,0.05,12,11,7,0.0007441550934217389,7.626173826036364e-05,3
4,0.05,12,11,8,0.00010841580257725525,7.789196008189947e-06,3
4,0.05,12,11,9,8.231646045686603e-06,4.339176697953917e-07,2
4,0.05,12,11,10,6.238190994878323e-07,1.5206556014391026e-08,1
4,0.05,12,12,1,2.0959367179089536,3.343257579938797,1
4,0.05,12,12,2,1.041847940289399,1.6715758620106484,2
4,0.05,12,12,3,0.5117772322355894,0.8442413881162683,1
4,0.05,12,12,4,0.07594109777751434,0.0898012796066503,4
4,0.05,12,12,5,0.018620281371939384,0.016656366583595705,4
4,0.05,12,12,6,0.0016632007681121053,0.0009750341591665546,4
4,0.05,12,12,7,0.00044715160616703997,9.68932819027657e-05,4
4,0.05,12,12,8,5.329070518200751e-15,-1.7763568394002505e-15,3
4,0.05,12,12,9,5.329070518200751e-15,-1.7763568394002505e-15,2
4,0.05,12,12,10,5.329070518200751e-15,-1.7763568394002505e-15,1
4,0.05,12,13,1,1.6497613497046242,2.8040704892858486,3
4,0.05,12,13,2,0.7962226692345205,1.3044181435206212,3
4,0.05,12,13,3,0.49309130767034226,0.8848119039788331,1
4,0.05,12,13,4,0.09435485505006191,0.12390694297521332,1
4,0.05,12,13,5,0.026451338234197763,0.046415596034656836,1
4,0.05,12,13,6,0.006480454086831955,0.0033516547525200835,1
4,0.05,12,13,7,0.0007182143802229035,0.00016433933412240975,1
4,0.05,12,13,8,0.00011074756895190774,1.9827417986562068e-05,1
4,0.05,12,13,9,3.594005233509279e-05,3.171701319359954e-06,1
4,0.05,12,13,10,1.2486691598923016e-05,5.673293035357574e-07,1
4,0.05,12,14,1,1.6556394386431954,2.6899417781357826,10
4,0.05,12,14,2,1.1214999852875351,1.872626635612729,9
4,0.05,12,14,3,0.6001871212879486,0.9602070263096545,8
4,0.05,12,14,4,0.08046459659103711,0.13288831247274846,7
4,0.05,12,14,5,0.01626980986358717,0.008143916900050563,6
4,0.05,12,14,6,0.002525300058279001,0.0019575837220022763,5
4,0.05,12,14,7,0.0001782920953630196,3.2260289144936394e-05,4
4,0.05,12,14,8,-3.552713678800501e-15,1.7763568394002505e-15,1
4,0.05,12,14,9,-1.7763568394002505e-15,-3.552713678800501e-15,2
4,0.05,12,14,10,0.0,0.0,1
4,0.05,12,15,1,2.4020117303513313,3.835092824977629,8
4,0.05,12,15,2,1.3296556505567008,2.1443163560696057,7
4,0.05,12,15,3,0.28837716040295014,0.3711486141273044,6
4,0.05,12,15,4,0.0450326364803022,0.04192284940384283,4
4,0.05,12,15,5,0.012052710492305607,0.005270333712633857,4
4,0.05,12,15,6,0.002248701192305802,0.0012216071224084857,1
4,0.05,12,15,7,0.000579732224997187,0.00014572288228720254,1
4,0.05,12,15,8,0.00014307188580708896,2.079513989805548e-05,1
4,0.05,12,15,9,2.5723628535700982e-05,1.1928385976744948e-06,1
4,0.05,12,15,10,1.767655513518207e-06,5.602136887716824e-08,1
4,0.05,12,16,1,1.7338974243089105,2.822413984107751,1
4,0.05,12,16,2,1.0271085694921283,1.5537781175631942,1
4,0.05,12,16,3,0.1833426859877303,0.28867027617081487,3
4,0.05,12,16,4,0.08867814928547624,0.12700824551197432,1
4,0.05,12,16,5,0.019272547874884083,0.014262747514766971,1
4,0.05,12,16,6,0.005248308621968789,0.001081191655964986,1
4,0.05,12,16,7,3.552713678800501e-15,0.0,1
4,0.05,12,16,8,3.552713678800501e-15,0.0,2
4,0.05,12,16,9,3.552713678800501e-15,0.0,1
4,0.05,12,16,10,3.552713678800501e-15,0.0,1
4,0.05,12,17,1,2.0756554480108242,3.378775570020043,7
4,0.05,12,17,2,1.1510692812132568,1.946856884389625,6
4,0.05,12,17,3,0.6439404702727227,1.0461576132238735,6
4,0.05,12,17,4,0.17733231200080013,0.3016669886385701,6
4,0.05,12,17,5,0.027587447623764305,0.02623590131454634,6
4,0.05,12,17,6,0.010247893683677844,0.0032229534208001454,2
4,0.05,12,17,7,0.0012746001663632711,0.00037015978607968236,3
4,0.05,12,17,8,0.0006413465221335457,0.00011845959250500471,2
4,0.05,12,17,9,6.905859791039859e-05,4.506139624993466e-06,1
4,0.05,12,17,10,4.530311384698393e-06,1.326856811090238e-07,1
4,0.05,12,18,1,2.3060795283332993,3.785001676027129,4
4,0.05,12,18,2,1.4507502414899704,2.330684961861362,3
4,0.05,12,18,3,0.4913147093248398,0.9603938621946773,4
4,0.05,12,18,4,0.11293964659328637,0.19925687154096483,3
4,0.05,12,18,5,0.029970976815198114,0.02496642732540799,3
4,0.05,12,18,6,0.005839150568370144,0.003495562896882909,1
4,0.05,12,18,7,0.0011606100884407056,0.0002530775654481232,3
4,0.05,12,18,8,0.00028964099748662875,2.7684445816689163e-05,3
4,0.05,12,18,9,3.798685484568409e-05,3.097067827084743e-06,2
4,0.05,12,18,10,7.279420428218941e-06,2.1383427828425283e-07,1
4,0.05,12,19,1,2.1456730796362926,3.5794733333201325,5
4,0.05,12,19,2,1.2926711756804607,2.164115074555532,5
4,0.05,12,19,3,0.5777729196343238,0.9484779017458935,3
4,0.05,12,19,4,0.1445328016046048,0.2201143517304649,3
4,0.05,12,19,5,0.050316132599302676,0.10333475107671042,4
4,0.05,12,19,6,0.01896961367215866,0.01402680928197686,3
4,0.05,12,19,7,0.001993690634565226,0.0006329031737006829,2
4,0.05,12,19,8,0.00034957685030079233,6.687864540211308e-05,3
4,0.05,12,19,9,5.563315761492049e-05,4.096460456182172e-06,2
4,0.05,12,19,10,8.663883301451847e-06,4.152128507683983e-07,1
4,0.05,12,20,1,2.5869971523706337,4.239274356920671,7
4,0.05,12,20,2,1.6415753943553728,2.687344311127603,6
4,0.05,12,20,3,0.8820303212792453,1.3573576645661642,6
4,0.05,12,20,4,0.16009951239260367,0.17047838402879023,6
4,0.05,12,20,5,0.019740594786457066,0.008294484951461456,6
4,0.05,12,20,6,0.011575176033792545,0.003344914540294397,2
4,0.05,12,20,7,0.0005808301102590008,8.536700475403336e-05,2
4,0.05,12,20,8,0.00018646099116992332,1.4559388873180978e-05,2
4,0.05,12,20,9,1.2380509778253668e-05,3.7830554155959817e-07,2
4,0.05,12,20,10,4.720230766253053e-07,7.771943089096567e-09,1
4,0.05,12,21,1,1.9099209114008708,3.2889790003206656,2
4,0.05,12,21,2,1.1630266289980593,1.8650127372607024,1
4,0.05,12,21,3,0.573969590486687,0.9182988404062513,2
4,0.05,12,21,4,0.09812065162683403,0.05461352972846001,1
4,0.05,12,21,5,0.002007571872670866,0.0009399767819004978,5
4,0.05,12,21,6,0.00042222692500004655,6.316818920470979e-05,5
4,0.05,12,21,7,-1.7763568394002505e-15,1.7763568394002505e-15,4
4,0.05,12,21,8,-1.7763568394002505e-15,0.0,2
4,0.05,12,21,9,-1.7763568394002505e-15,1.7763568394002505e-15,2
4,0.05,12,21,10,-3.552713678800501e-15,1.7763568394002505e-15,1
4,0.05,12,22,1,2.1093618538306718,3.5501387140198943,9
4,0.05,12,22,2,1.430979864915038,2.4811660519190006,9
4,0.05,12,22,3,0.6379487992349517,1.0163896927938003,8
4,0.05,12,22,4,0.06350100755875943,0.1376733398909442,7
4,0.05,12,22,5,0.014948542060317038,0.011065307076676412,6
4,0.05,12,22,6,0.00333020454302968,0.0011611072161787916,4
4,0.05,12,22,7,0.0006394434270386995,0.0001536356922127169,4
4,0.05,12,22,8,7.744052332903095e-05,1.6336213386480836e-05,3
4,0.05,12,22,9,7.193953628359395e-06,3.965175032760726e-07,1
4,0.05,12,22,10,1.604619878747826e-06,5.879595654789682e-08,1
4,0.05,12,23,1,1.8927183050920675,3.295565992732808,2
4,0.05,12,23,2,1.0832163835058495,1.8935254725942166,2
4,0.05,12,23,3,0.5167145904439217,0.888518739261281,1
4,0.05,12,23,4,0.057102200147454596,0.0377942655528809,2
4,0.05,12,23,5,0.010904205898134123,0.004850297996314978,3
4,0.05,12,23,6,0.003085376864039091,0.0007098843309032432,2
4,0.05,12,23,7,0.0003668817998025986,4.841118124154775e-05,1
4,0.05,12,23,8,1.7763568394002505e-15,0.0,3
4,0.05,12,23,9,0.0,-1.7763568394002505e-15,1
4,0.05,12,23,10,-3.552713678800501e-15,-1.7763568394002505e-15,1
4,0.05,12,24,1,1.8840194270587176,2.9821805826514236,5
4,0.05,12,24,2,1.046465263529969,1.8074487892546678,5
4,0.05,12,24,3,0.6646535586733204,1.0434863024445686,4
4,0.05,12,24,4,0.08036561411194754,0.12877814209539906,4
4,0.05,12,24,5,0.013955847984746583,0.014620454339834055,4
4,0.05,12,24,6,0.002780647188915353,0.0014818665507778661,4
4,0.05,12,24,7,0.0005469994363309638,9.769014214544569e-05,4
4,0.05,12,24,8,0.0,-1.7763568394002505e-15,1
4,0.05,12,24,9,0.0,-3.552713678800501e-15,1
4,0.05,12,24,10,-1.7763568394002505e-15,0.0,1
4,0.05,12,25,1,1.6935328811932067,2.7639605819364927,5
4,0.05,12,25,2,0.7157641214918673,1.1157937427711175,5
4,0.05,12,25,3,0.2436790528947732,0.29441559916810256,4
4,0.05,12,25,4,0.029846233439588588,0.023707873070826224,5
4,0.05,12,25,5,0.012542656570648347,0.007201347399158564,1
4,0.05,12,25,6,0.004829101145102044,0.001237358258610044,1
4,0.05,12,25,7,0.00032203983942658,4.082068287036833e-05,1
4,0.05,12,25,8,7.751177289350153e-05,6.471770960914114e-06,1
4,0.05,12,25,9,1.1402832011953024e-05,1.1126251795445796e-06,1
4,0.05,12,25,10,4.146520906189721e-06,2.2166753410601814e-07,1
4,0.05,12,26,1,1.7801191441088449,2.9043642418656166,6
4,0.05,12,26,2,1.2116949826492132,2.022440430858051,5
4,0.05,12,26,3,0.32181744277098545,0.42210630260284,5
4,0.05,12,26,4,0.05567181543386823,0.024678456887110123,4
4,0.05,12,26,5,0.020097620727279164,0.007860734047760332,3
4,0.05,12,26,6,0.00302093984030094,0.0005817289889380461,2
4,0.05,12,26,7,0.0005825041293743283,8.4699848480696e-05,1
4,0.05,12,26,8,3.552713678800501e-15,-1.7763568394002505e-15,2
4,0.05,12,26,9,0.0,-1.7763568394002505e-15,1
4,0.05,12,26,10,-3.552713678800501e-15,0.0,1
4,0.05,12,27,1,2.3824633167940394,4.083515622232067,5
4,0.05,12,27,2,1.6167439585159489,2.717599845727406,4
4,0.05,12,27,3,0.6645400599468925,1.2060759984764662,3
4,0.05,12,27,4,0.1731533297633323,0.3145987861435202,2
4,0.05,12,27,5,0.04393801672451758,0.09014265670246857,2
4,0.05,12,27,6,0.010123249784568245,0.005581401860275115,2
4,0.05,12,27,7,0.0013891878368443855,0.00035204713875103266,3
4,0.05,12,27,8,0.0007557293741715654,0.0001833061421709914,2
4,0.05,12,27,9,9.05350713740205e-05,7.219003931524526e-06,2
4,0.05,12,27,10,6.26794558300503e-06,1.7932266693776455e-07,1
4,0.05,12,28,1,1.9375065579799227,3.346395545352257,8
4,0.05,12,28,2,0.9756204794829522,1.7380830848029518,6
4,0.05,12,28,3,0.291784643599744,0.47538430381902685,6
4,0.05,12,28,4,0.058075527865629084,0.02948718454157273,7
4,0.05,12,28,5,0.01922764534057997,0.008155546623841659,6
4,0.05,12,28,6,0.0018734862296465593,0.0005097522702239843,3
4,0.05,12,28,7,0.0007891502132508776,9.021881792037334e-05,4
4,0.05,12,28,8,0.00012234562759338985,7.979533389601556e-06,3
4,0.05,12,28,9,6.802996317389898e-07,2.3262311010796566e-07,2
4,0.05,12,28,10,2.992566905390959e-08,3.2282461148724906e-09,1
4,0.05,12,29,1,1.985476823109499,3.375727218552015,7
4,0.05,12,29,2,0.6401859674146433,1.0868736871038038,9
4,0.05,12,29,3,0.5879606273941302,0.9770506409946691,8
4,0.05,12,29,4,0.11152781086175345,0.1357354121883576,4
4,0.05,12,29,5,0.02963372059789826,0.01675774253552298,3
4,0.05,12,29,6,0.0058513906099957325,0.0012758251443907298,2
4,0.05,12,29,7,0.0008773061791611525,0.00015001636861367018,4
4,0.05,12,29,8,0.00013275216349839525,1.6063950383227166e-05,3
4,0.05,12,29,9,2.986629088397308e-05,1.1943559741212084e-06,2
4,0.05,12,29,10,-5.329070518200751e-15,1.7763568394002505e-15,1
4,0.05,12,30,1,2.7679727318046297,4.591812190312764,8
4,0.05,12,30,2,1.3937093570488663,2.434251810779031,6
4,0.05,12,30,3,0.9687406587868566,1.660671067177752,6
4,0.05,12,30,4,0.09859434190101624,0.190326928212615,5
4,0.05,12,30,5,0.014622213899649239,0.007867732265671279,4
4,0.05,12,30,6,0.00427345612104979,0.002083423037159804,3
4,0.05,12,30,7,0.0009881641630347104,0.0005698760341541487,2
4,0.05,12,30,8,0.0003508960552309759,7.940046774379539e-05,1
4,0.05,12,30,9,1.1290374008154913e-05,1.1441455676219903e-06,1
4,0.05,12,30,10,1.674666904705191e-06,1.048087696631228e-07,1
4,0.05,12,31,1,2.751989777778066,4.640250836709729,9
4,0.05,12,31,2,1.6551415730449168,2.735349944054109,7
4,0.05,12,31,3,0.7263745879346306,1.1982237891721486,7
4,0.05,12,31,4,0.06988446269325621,0.044978069666825604,7
4,0.05,12,31,5,0.014150252641991656,0.008611602093067106,5
4,0.05,12,31,6,0.002568150991303142,0.00037424523808216037,5
4,0.05,12,31,7,0.0004685960862591543,4.36447955296515e-05,4
4,0.05,12,31,8,4.797617804186416e-05,5.564427018711626e-06,1
4,0.05,12,31,9,9.717242376083846e-06,7.420305099259394e-07,1
4,0.05,12,31,10,1.7983080766725834e-06,3.3967479495800035e-08,1
4,0.05,12,32,1,2.278239882618024,3.607929002649737,4
4,0.05,12,32,2,1.1926202528588519,1.971377845142431,4
4,0.05,12,32,3,0.5372127435257639,0.9518629708297031,4
4,0.05,12,32,4,0.0949378311922473,0.07497663684316791,1
4,0.05,12,32,5,0.023548706591903112,0.01812001770585514,4
4,0.05,12,32,6,0.008652650075751112,0.003511301437350234,1
4,0.05,12,32,7,0.0015490295375784058,0.00047758628996596997,2
4,0.05,12,32,8,0.0005238459425740416,5.544681627789316e-05,1
4,0.05,12,32,9,3.2586976553616864e-05,1.0758837447610858e-06,1
4,0.05,12,32,10,3.91877708771915e-06,8.574695264940146e-08,1
4,0.05,12,33,1,2.057911316474895,3.561855728780982,3
4,0.05,12,33,2,1.6184153876875218,2.6899337835516004,2
4,0.05,12,33,3,0.7302400013019525,1.1936448613708386,2
4,0.05,12,33,4,0.14718085182114038,0.21307697319959562,6
4,0.05,12,33,5,0.0457073947497495,0.06397162556300628,2
4,0.05,12,33,6,0.010646173024928984,0.004602943487554967,2
4,0.05,12,33,7,0.0022277676798765356,0.0008216834699279474,2
4,0.05,12,33,8,0.0009066331039360165,0.00022272450075178085,2
4,0.05,12,33,9,7.975421350003842e-05,6.9706009373504685e-06,1
4,0.05,12,33,10,6.351865041054339e-06,1.9334025225248297e-07,1
4,0.05,12,34,1,1.7437318753420392,2.7898166850021653,7
4,0.05,12,34,2,0.6754509825001733,0.928692495440071,6
4,0.05,12,34,3,0.0562925027466612,0.07807872438751229,1
4,0.05,12,34,4,0.02300283947606019,0.047384476242512186,7
4,0.05,12,34,5,0.004435150792360787,0.0023530762413690454,6
4,0.05,12,34,6,3.552713678800501e-15,-8.881784197001252e-16,1
4,0.05,12,34,7,3.552713678800501e-15,8.881784197001252e-16,1
4,0.05,12,34,8,1.7763568394002505e-15,-1.7763568394002505e-15,1
4,0.05,12,34,9,0.0,0.0,1
4,0.05,12,34,10,1.7763568394002505e-15,1.7763568394002505e-15,1
4,0.05,12,35,1,2.6382067497030786,4.266840510828507,7
4,0.05,12,35,2,1.6559137618537445,2.6889676721610645,7
4,0.05,12,35,3,0.7469505635853153,1.1502788101366548,6
4,0.05,12,35,4,0.17667248821399717,0.15515925295445765,7
4,0.05,12,35,5,0.017098125666196395,0.015758876936434518,2
4,0.05,12,35,6,0.003015730054796606,0.0017600516047728831,2
4,0.05,12,35,7,0.0018410118219929217,0.0007043594251605612,2
4,0.05,12,35,8,0.00026266013111531095,4.961374509804273e-05,1
4,0.05,12,35,9,2.05968650188737e-05,9.998810401867786e-07,2
4,0.05,12,35,10,2.9272822974490964e-06,6.993382761777411e-08,1
4,0.05,12,36,1,2.505371577306013,4.261831510141768,9
4,0.05,12,36,2,1.0979925960453105,1.8766791964080625,9
4,0.05,12,36,3,0.6014569447607077,0.9958667399616434,6
4,0.05,12,36,4,0.1628038689927127,0.18827678087084454,6
4,0.05,12,36,5,0.046020059637934096,0.033859617872911585,5
4,0.05,12,36,6,0.009179165386518306,0.002467846004339691,4
4,0.05,12,36,7,0.0017718211911859072,0.0002708892221843229,3
4,0.05,12,36,8,0.00013280758826361705,6.315608064966227e-06,3
4,0.05,12,36,9,4.988693391716481e-05,2.6952538618729704e-06,1
4,0.05,12,36,10,3.825630592757534e-06,6.584641454310258e-08,1
4,0.05,12,37,1,2.3021208292428987,3.768965099993487,7
4,0.05,12,37,2,1.1779952140807453,2.0686271445703976,6
4,0.05,12,37,3,0.5721825409733743,0.9263799245045101,4
4,0.05,12,37,4,0.11186084032553723,0.17806913414244896,7
4,0.05,12,37,5,0.022654409016915622,0.007291577344049394,4
4,0.05,12,37,6,0.006748229956190954,0.0013061264162823605,3
4,0.05,12,37,7,0.0012431850927363541,0.0002156574526619437,2
4,0.05,12,37,8,0.00041872735527270777,4.6251021718290986e-05,3
4,0.05,12,37,9,6.552756638278368e-05,9.386204027350686e-06,2
4,0.05,12,37,10,1.4052549568432937e-05,6.902068765413105e-07,1
4,0.05,12,38,1,2.598634172082095,4.283625745804613,2
4,0.05,12,38,2,1.53442179940272,2.593538177226524,2
4,0.05,12,38,3,0.44612369046908995,0.8838121009210074,7
4,0.05,12,38,4,0.08104771703085412,0.11271128582883438,7
4,0.05,12,38,5,0.01593297867605692,0.01031758531915905,6
4,0.05,12,38,6,0.001717574516385767,0.001488707054432048,4
4,0.05,12,38,7,0.0007424289632833592,0.00029775824059186107,4
4,0.05,12,38,8,0.00017811834973535667,3.3352219478643974e-05,3
4,0.05,12,38,9,4.9973781466761125e-05,6.978805920709874e-06,2
4,0.05,12,38,10,1.309476971123047e-05,8.326014153681172e-07,1
4,0.05,12,39,1,2.2635427429742503,3.7835125672449266,2
4,0.05,12,39,2,1.5199000543913108,2.4950625550326837,6
4,0.05,12,39,3,0.7605133145564249,1.2496681439384965,2
4,0.05,12,39,4,0.15192470825635418,0.19827332328798342,4
4,0.05,12,39,5,0.04519499576196928,0.09348580023262976,1
4,0.05,12,39,6,0.019557178193121416,0.017999362837008093,2
4,0.05,12,39,7,0.00171029461762906,0.000954139781157437,1
4,0.05,12,39,8,0.0006758357538689808,0.00024233790390049137,2
4,0.05,12,39,9,0.00014077756761743387,5.0219393095574105e-05,2
4,0.05,12,39,10,1.3115194757773452e-05,2.7400583633152564e-06,1
4,0.05,12,40,1,1.98541511094008,3.336175800311146,3
4,0.05,12,40,2,0.9095477085232542,1.416604563746649,3
4,0.05,12,40,3,0.2779069881290894,0.42447415469160976,1
4,0.05,12,40,4,0.054903331944366585,0.04188533201332678,1
4,0.05,12,40,5,0.004498707714089889,0.0040946230449394605,4
4,0.05,12,40,6,0.0009194426080494367,0.0004023298183533086,3
4,0.05,12,40,7,0.00012004843165591694,2.1538201711912563e-05,2
4,0.05,12,40,8,4.9631373938652246e-05,4.619167089714438e-06,1
4,0.05,12,40,9,9.018711502051246e-07,2.2441689395691355e-08,1
4,0.05,12,40,10,1.3519720098997823e-07,1.6272778680104238e-09,1
4,0.05,12,41,1,2.3296568267767235,3.976336677397537,6
4,0.05,12,41,2,1.6684986166658113,2.7794852245765647,4
4,0.05,12,41,3,0.6277433197293583,1.1012531763599256,3
4,0.05,12,41,4,0.2703665803960291,0.418338271729942,2
4,0.05,12,41,5,0.031224709086286495,0.024012449042274397,2
4,0.05,12,41,6,0.005637920475974667,0.0007537188583688348,2
4,0.05,12,41,7,0.001115559449855752,0.00016213467257486514,2
4,0.05,12,41,8,0.0004001785041793937,3.262235364509536e-05,2
4,0.05,12,41,9,2.5038195605731062e-05,9.341154374453708e-07,2
4,0.05,12,41,10,1.206664105524169e-06,9.197975714414497e-09,1
4,0.05,12,42,1,1.49764069048984,2.2322809707930222,3
4,0.05,12,42,2,1.0906592902766477,1.8255931526260216,6
4,0.05,12,42,3,0.5149181002108865,0.9208274743385108,6
4,0.05,12,42,4,0.07064863886791706,0.07409805340146214,6
4,0.05,12,42,5,0.018102574806485805,0.00742859835880072,6
4,0.05,12,42,6,0.0014561731113449383,0.0008481762883381094,2
4,0.05,12,42,7,0.0003888960767479688,0.00011075659218651168,2
4,0.05,12,42,8,6.557250186567387e-05,6.741716170211021e-06,2
4,0.05,12,42,9,1.8338302281151186e-05,7.927598524304358e-07,2
4,0.05,12,42,10,-7.105427357601002e-15,1.7763568394002505e-15,1
4,0.05,12,43,1,2.066939487409128,3.443292626481899,2
4,0.05,12,43,2,1.2776626942261249,2.1106230429648694,2
4,0.05,12,43,3,0.5778138657564202,1.0328375999523018,7
4,0.05,12,43,4,0.08861003350651053,0.12945444473784207,6
4,0.05,12,43,5,0.02335769350699124,0.019584389932598256,4
4,0.05,12,43,6,0.012780600054412616,0.005431028446722053,4
4,0.05,12,43,7,0.001459964145743342,0.000558719160816068,4
4,0.05,12,43,8,0.00015802072816306634,2.0480525352084555e-05,2
4,0.05,12,43,9,2.1456827797194933e-05,2.255187052213614e-06,2
4,0.05,12,43,10,7.858667991911261e-07,2.186720315933144e-08,1
4,0.05,12,44,1,2.109083382951148,3.580358462142204,9
4,0.05,12,44,2,1.1171744355588515,1.9069673604609285,7
4,0.05,12,44,3,0.300847046380035,0.5115038625002466,7
4,0.05,12,44,4,0.06989901048318359,0.042332777568169,7
4,0.05,12,44,5,0.01464682819890939,0.0069138658376157736,5
4,0.05,12,44,6,0.004085424690860151,0.000571293916220128,5
4,0.05,12,44,7,1.7763568394002505e-15,-8.881784197001252e-16,4
4,0.05,12,44,8,0.0,0.0,1
4,0.05,12,44,9,3.552713678800501e-15,0.0,2
4,0.05,12,44,10,1.7763568394002505e-15,0.0,1
4,0.05,12,45,1,2.165830059992791,3.406797957453122,1
4,0.05,12,45,2,1.595872945328468,2.73447883100636,2
4,0.05,12,45,3,0.7684359859421317,1.2879277845952313,2
4,0.05,12,45,4,0.152401305093802,0.16890385874964764,1
4,0.05,12,45,5,0.02815595908881896,0.024204426220471476,2
4,0.05,12,45,6,0.010718278873850906,0.0032077157322696337,1
4,0.05,12,45,7,0.0009056646543896818,0.00011497788626080307,1
4,0.05,12,45,8,0.0002559205544141463,1.2506559876612755e-05,1
4,0.05,12,45,9,6.328094587537691e-05,2.8457266747494714e-06,1
4,0.05,12,45,10,1.596273109782942e-05,2.1851246678750158e-07,1
4,0.05,12,46,1,2.5273965867911627,4.165401312441039,8
4,0.05,12,46,2,2.083770012633579,3.3973831958905816,6
4,0.05,12,46,3,1.0211927745720093,1.7582450680209742,3
4,0.05,12,46,4,0.24716538251652231,0.414794324430634,4
4,0.05,12,46,5,0.0478899263601722,0.07069627321269856,1
4,0.05,12,46,6,0.02197498279141641,0.01633065332355521,2
4,0.05,12,46,7,0.00284203971347452,0.0009118070009552781,1
4,0.05,12,46,8,0.0005295326488337082,7.710274338457168e-05,2
4,0.05,12,46,9,7.768124155838052e-05,6.377427185455531e-06,1
4,0.05,12,46,10,8.39415512032815e-06,4.1438689279971186e-07,1
4,0.05,12,47,1,2.1987866859344383,3.4357673471885573,1
4,0.05,12,47,2,1.6138207537336218,2.7354834422546475,2
4,0.05,12,47,3,0.5299405999924964,0.7787317537275458,1
4,0.05,12,47,4,0.026144395230089046,0.01897111485286551,2
4,0.05,12,47,5,0.002592234702960994,0.0006304599798054866,6
4,0.05,12,47,6,3.552713678800501e-15,0.0,2
4,0.05,12,47,7,1.7763568394002505e-15,-1.7763568394002505e-15,1
4,0.05,12,47,8,3.552713678800501e-15,0.0,2
4,0.05,12,47,9,0.0,-1.7763568394002505e-15,1
4,0.05,12,47,10,-1.7763568394002505e-15,-1.7763568394002505e-15,1
4,0.05,12,48,1,2.644484010642522,4.079956393785807,7
4,0.05,12,48,2,1.4477954650878146,2.096843546454979,6
4,0.05,12,48,3,0.48250417418052294,0.9031849521329676,7
4,0.05,12,48,4,0.10499420486852884,0.14424765943462958,2
4,0.05,12,48,5,0.03917899668186031,0.03676149613448487,2
4,0.05,12,48,6,0.017672058788967604,0.011658478124198624,2
4,0.05,12,48,7,0.0010404088002751166,0.000509115473828814,1
4,0.05,12,48,8,0.00047799373758294905,0.0001594952041639175,2
4,0.05,12,48,9,4.4576781951022326e-05,6.126464459299541e-06,2
4,0.05,12,48,10,3.5047498609941385e-06,3.15767431757763e-07,1
4,0.05,12,49,1,2.3660054161011495,4.030234806531377,9
4,0.05,12,49,2,1.0693165811877918,1.8778558273720058,8
4,0.05,12,49,3,0.17372234898227035,0.26560912570788453,8
4,0.05,12,49,4,0.011016563421424763,0.007221951737927057,6
4,0.05,12,49,5,0.002034633339784264,0.0006967976263494435,4
4,0.05,12,49,6,0.0011344973423206284,0.00026513848855636013,4
4,0.05,12,49,7,0.00028649576760031437,5.567650043936112e-05,3
4,0.05,12,49,8,1.9938331334401482e-05,1.987710776418794e-06,2
4,0.05,12,49,9,1.0849057385797778e-06,4.145064202987214e-08,2
4,0.05,12,49,10,-5.329070518200751e-15,1.7763568394002505e-15,1
4,0.05,12,50,1,2.5638434710873224,4.2073094488621,4
4,0.05,12,50,2,1.4970227853877471,2.3983296317856517,3
4,0.05,12,50,3,0.6676106899691838,0.9944403155337884,3
4,0.05,12,50,4,0.13129949682558006,0.18426389969938306,5
4,0.05,12,50,5,0.02232902499225986,0.02132937477108854,4
4,0.05,12,50,6,0.006336377841664742,0.0026463266061362845,3
4,0.05,12,50,7,0.0007106634434457249,0.00010285993258207782,2
4,0.05,12,50,8,0.00022987880135794114,1.780412097573958e-05,1
4,0.05,12,50,9,2.3500226147277203e-05,1.0585867507018065e-06,1
4,0.05,12,50,10,6.6013007398169066e-06,1.0725963228708224e-07,1
4,0.05,12,51,1,2.564022265449676,3.989473039833369,9
4,0.05,12,51,2,1.532686354859166,2.5418992891310452,8
4,0.05,12,51,3,0.37225730250755795,0.49360323603168155,5
4,0.05,12,51,4,0.08109508732398751,0.05613117458715777,5
4,0.05,12,51,5,0.03642580228552106,0.0290673321906052,5
4,0.05,12,51,6,0.007550898830848141,0.0023454877315236544,5
4,0.05,12,51,7,3.552713678800501e-15,0.0,2
4,0.05,12,51,8,3.552713678800501e-15,-3.552713678800501e-15,1
4,0.05,12,51,9,0.0,-3.552713678800501e-15,1
4,0.05,12,51,10,1.7763568394002505e-15,-3.552713678800501e-15,1
4,0.05,12,52,1,2.019866854370285,3.325601401766022,2
4,0.05,12,52,2,1.4160410271096886,2.238129880988179,3
4,0.05,12,52,3,0.407539719057187,0.7949379906683873,3
4,0.05,12,52,4,0.1417728523924353,0.20207709395105677,5
4,0.05,12,52,5,0.030517800881282753,0.049319817521596754,4
4,0.05,12,52,6,0.024994258148241855,0.04702887237606923,3
4,0.05,12,52,7,0.0018173950585911314,0.002046412201323733,2
4,0.05,12,52,8,0.0004557303284418168,0.00021483862099103135,1
4,0.05,12,52,9,1.822826773256736e-05,2.6601516669444436e-06,1
4,0.05,12,52,10,1.6872893855435223e-06,8.769961468146903e-08,1
4,0.05,12,53,1,1.7022404580357993,2.803020362475044,6
4,0.05,12,53,2,0.8760008300593807,1.299045218882899,9
4,0.05,12,53,3,0.32028453616441155,0.4649884009782852,4
4,0.05,12,53,4,0.065199216409777,0.046713757130603994,7
4,0.05,12,53,5,0.013212215871710953,0.004294997487443553,6
4,0.05,12,53,6,0.00367398294691057,0.0006804157927762233,5
4,0.05,12,53,7,0.0008246512326550715,6.595314394086671e-05,4
4,0.05,12,53,8,8.937216187376862e-05,3.671428766338636e-06,3
4,0.05,12,53,9,1.5604285591663825e-05,5.374510738676008e-07,2
4,0.05,12,53,10,2.8733704908745494e-06,5.5463647896658586e-08,1
4,0.05,12,54,1,2.326573224141441,3.9696326188177764,4
4,0.05,12,54,2,1.7372899891216669,2.9218103903131585,5
4,0.05,12,54,3,0.6839471894025912,1.2155126829023466,5
4,0.05,12,54,4,0.16891326340486756,0.286072876534023,5
4,0.05,12,54,5,0.029749566648570536,0.02607875706553564,4
4,0.05,12,54,6,0.011238002195106844,0.0053349089839844765,5
4,0.05,12,54,7,0.0013716547150099956,0.0002667227142261197,1
4,0.05,12,54,8,0.0005057537012653768,5.348375160707519e-05,1
4,0.05,12,54,9,6.76955402383328e-05,3.6311335787075905e-06,1
4,0.05,12,54,10,2.196466445170131e-05,5.533214970654399e-07,1
4,0.05,12,55,1,1.4882739228920663,2.5798064758550723,6
4,0.05,12,55,2,0.7134059015041814,1.1048027211336393,5
4,0.05,12,55,3,0.1720369286535579,0.23780207511115492,4
4,0.05,12,55,4,0.03110870412122857,0.0552411573906646,7
4,0.05,12,55,5,0.002645528585707879,0.0006441032501616206,4
4,0.05,12,55,6,0.0008928508462648921,0.00018289380419922452,5
4,0.05,12,55,7,0.0002513966152513092,3.649584607856582e-05,4
4,0.05,12,55,8,3.552713678800501e-15,-1.7763568394002505e-15,3
4,0.05,12,55,9,3.552713678800501e-15,-1.7763568394002505e-15,2
4,0.05,12,55,10,-3.552713678800501e-15,-1.7763568394002505e-15,1
4,0.05,12,56,1,2.4187419943762922,4.067866030421916,3
4,0.05,12,56,2,1.783666110506191,2.911677689496951,3
4,0.05,12,56,3,0.718814868527927,1.2224014098269826,3
4,0.05,12,56,4,0.1569217634956228,0.14030527466357956,1
4,0.05,12,56,5,0.03721517229245741,0.017526680269844164,1
4,0.05,12,56,6,0.011994023679442023,0.003135545281978125,1
4,0.05,12,56,7,0.0011867707295287744,9.081097081509171e-05,1
4,0.05,12,56,8,0.0004006545600283573,2.170852779848076e-05,1
4,0.05,12,56,9,5.859536943297883e-05,2.1583661826696243e-06,1
4,0.05,12,56,10,2.309721739379711e-05,7.547199594171161e-07,1
4,0.05,12,57,1,2.296846750119361,3.9265647965585178,2
4,0.05,12,57,2,1.3309170199950735,2.147910480468042,2
4,0.05,12,57,3,0.5088641306197399,0.9256647750993485,2
4,0.05,12,57,4,0.07472808060413527,0.0957928668899184,2
4,0.05,12,57,5,0.02006503352943234,0.01941751162257077,2
4,0.05,12,57,6,0.002221518722514304,0.0012904847173018652,2
4,0.05,12,57,7,0.0006118917167121651,0.00014828470611227829,2
4,0.05,12,57,8,8.742642126158273e-05,1.730906158670109e-05,2
4,0.05,12,57,9,3.068136518713516e-05,3.976262391347518e-06,2
4,0.05,12,57,10,3.2157002927135636e-06,1.6951027248524042e-07,1
4,0.05,12,58,1,2.532693330206035,4.240893329334304,7
4,0.05,12,58,2,1.7181364955412857,2.84207119582684,7
4,0.05,12,58,3,0.7471854145755117,1.2131500797811139,6
4,0.05,12,58,4,0.10895318405038523,0.17307816912543927,7
4,0.05,12,58,5,0.032195912285759576,0.03252880407777603,4
4,0.05,12,58,6,0.004970517931115026,0.0017354564650355897,3
4,0.05,12,58,7,0.0014631468585957208,0.00044644064812260353,2
4,0.05,12,58,8,0.00035424888391411,3.3578575040493774e-05,1
4,0.05,12,58,9,5.89214823651929e-05,1.356938280672182e-05,2
4,0.05,12,58,10,1.1314362696523972e-05,9.602333541636199e-07,1
4,0.05,12,59,1,1.3455348592905185,2.144986521229061,9
4,0.05,12,59,2,0.6004121034955272,1.0295417142025318,1
4,0.05,12,59,3,0.290829108954199,0.37020281049184156,8
4,0.05,12,59,4,0.052119826807476954,0.037757219322324787,7
4,0.05,12,59,5,0.010965107297602472,0.00476258962311249,6
4,0.05,12,59,6,0.0011939145200727808,0.00029779362000592613,3
4,0.05,12,59,7,0.00027873348874329906,3.818418738621432e-05,3
4,0.05,12,59,8,0.00011529855589031968,9.541590351602736e-06,3
4,0.05,12,59,9,1.986243647600361e-05,2.7422484158989846e-06,2
4,0.05,12,59,10,4.805084026671125e-06,2.717043372513217e-07,1
4,0.05,12,60,1,2.350668011836916,4.023085032378972,8
4,0.05,12,60,2,1.5341186362579116,2.612157270383481,8
4,0.05,12,60,3,0.6196901226263982,1.1105277061034364,6
4,0.05,12,60,4,0.14661453716110273,0.2226194798046528,6
4,0.05,12,60,5,0.03944804123321788,0.043262287619286965,5
4,0.05,12,60,6,0.014182730916157738,0.009347361422317846,4
4,0.05,12,60,7,0.0033295259398933297,0.0012494368079405405,3
4,0.05,12,60,8,0.0006002398618409899,9.19319550156672e-05,2
4,0.05,12,60,9,0.00015560301377526287,2.189452418832616e-05,1
4,0.05,12,60,10,1.4196490390361305e-05,6.574912205792316e-07,1
4,0.05,12,61,1,2.2816193415847703,3.9019855962741907,4
4,0.05,12,61,2,1.2224788078962927,1.9945993650381126,8
4,0.05,12,61,3,0.5941163421579496,0.9744162832017498,7
4,0.05,12,61,4,0.09164530624374656,0.1007456352918501,1
4,0.05,12,61,5,0.0361855236842743,0.03481233553849883,5
4,0.05,12,61,6,0.007789200161775867,0.002144737009786013,5
4,0.05,12,61,7,0.000377006806848712,6.072023340841781e-05,4
4,0.05,12,61,8,4.690842683885421e-05,5.003256308810933e-06,3
4,0.05,12,61,9,1.9106729679307932e-05,2.3161440232399855e-06,1
4,0.05,12,61,10,4.826370371802113e-06,1.464585093202686e-07,1
4,0.05,12,62,1,2.1610669429416003,3.5939552665399006,2
4,0.05,12,62,2,1.3963033992756788,2.1505611991254945,8
4,0.05,12,62,3,0.5790732789124462,1.0037769406769055,5
4,0.05,12,62,4,0.1621527273204908,0.2202212029982924,4
4,0.05,12,62,5,0.032495478350806906,0.02076326063841094,3
4,0.05,12,62,6,0.012404570221313804,0.005810990203386268,2
4,0.05,12,62,7,0.0016191043426427854,0.0003495194312783667,1
4,0.05,12,62,8,0.00011917448696863175,2.227125519027595e-05,2
4,0.05,12,62,9,1.4842125208858192e-05,1.350142273537358e-06,1
4,0.05,12,62,10,6.952420932293535e-07,2.23633698226422e-08,1
4,0.05,12,63,1,2.473750562406474,4.068830179111529,6
4,0.05,12,63,2,1.5487101581709677,2.617369952625694,5
4,0.05,12,63,3,0.6125222996185382,1.00463214504519,3
4,0.05,12,63,4,0.25093107278490656,0.3716625897796302,3
4,0.05,12,63,5,0.020146998010366346,0.045862316422157434,4
4,0.05,12,63,6,0.008727513788565844,0.008019570511315521,3
4,0.05,12,63,7,0.0005695533474909809,0.00019908474582397417,2
4,0.05,12,63,8,1.967169411720704e-05,1.526174445487527e-06,2
4,0.05,12,63,9,7.679346687439192e-07,2.1773088221266335e-08,2
4,0.05,12,63,10,2.650711827811847e-08,6.109690531275191e-10,1
4,0.05,12,64,1,2.400371983953809,4.024064620623442,9
4,0.05,12,64,2,1.3800483374986836,2.477327609500012,8
4,0.05,12,64,3,0.7499796439237603,1.1279731765926115,8
4,0.05,12,64,4,0.1185382819004186,0.11655353371053767,7
4,0.05,12,64,5,0.010634125178333065,0.0032506543754378114,6
4,0.05,12,64,6,0.004461670642793791,0.001324642915581542,1
4,0.05,12,64,7,0.0008399472980062939,0.00022316714218817424,1
4,0.05,12,64,8,0.00021446419381199178,2.634241078425248e-05,1
4,0.05,12,64,9,6.684679601853816e-05,6.095728668498168e-06,1
4,0.05,12,64,10,2.1897473896359543e-05,7.385751246147265e-07,1
4,0.05,12,65,1,2.5722532640234768,4.2368845102697446,2
4,0.05,12,65,2,1.4020722877386724,2.479472793913839,2
4,0.05,12,65,3,0.6941748372620982,1.1035064847155702,1
4,0.05,12,65,4,0.07564064727460362,0.13062723975481916,2
4,0.05,12,65,5,0.03272727555975408,0.05119355421203586,1
4,0.05,12,65,6,0.007532291289059856,0.0034486024072588606,1
4,0.05,12,65,7,0.0012237591457662234,0.00043242356225459133,1
4,0.05,12,65,8,0.0005021779295102391,8.373037148423634e-05,1
4,0.05,12,65,9,6.030863894679328e-05,6.010674892920065e-06,1
4,0.05,12,65,10,1.1183874908837765e-05,4.222589637947749e-07,1
4,0.05,12,66,1,2.5566095545365606,4.183494725025255,8
4,0.05,12,66,2,1.422552730418193,2.3236779079811907,8
4,0.05,12,66,3,0.5718735544810833,0.9751798926239097,6
4,0.05,12,66,4,0.08119303794345711,0.11678986782364831,5
4,0.05,12,66,5,0.009335705678594763,0.014612252256970493,1
4,0.05,12,66,6,0.001326263011645068,0.0002243236723522557,5
4,0.05,12,66,7,0.00016384108020872645,4.870380209709424e-05,2
4,0.05,12,66,8,6.912571397066358e-05,1.4613946222041818e-05,1
4,0.05,12,66,9,4.491239719683904e-06,6.014728821668314e-07,1
4,0.05,12,66,10,9.806181093807709e-07,3.178965535255429e-08,1
4,0.05,12,67,1,2.8204093450789216,4.65918756170643,4
4,0.05,12,67,2,1.687966808816757,2.6592261273806113,3
4,0.05,12,67,3,0.7481068891737266,1.2478712594390302,4
4,0.05,12,67,4,0.19003174507392373,0.24022300669396657,3
4,0.05,12,67,5,0.04263275301593339,0.05445253029487418,3
4,0.05,12,67,6,0.01495773862215799,0.010649413673336383,5
4,0.05,12,67,7,0.0022814406062465764,0.0008802461388839333,3
4,0.05,12,67,8,0.0012338888370564405,0.0003134419671688704,3
4,0.05,12,67,9,1.103387932488431e-05,7.040031455574081e-07,2
4,0.05,12,67,10,1.153077196391905e-06,7.38201872962918e-08,1
4,0.05,12,68,1,2.3018474643894375,3.8253572009522827,5
4,0.05,12,68,2,1.6830746836679946,2.6184102411614596,1
4,0.05,12,68,3,0.5832973456743087,0.9445511856254543,1
4,0.05,12,68,4,0.10148919890989383,0.1546234062759151,1
4,0.05,12,68,5,0.04420958135031405,0.057707259504821806,1
4,0.05,12,68,6,0.010603114084771548,0.002996048210468949,1
4,0.05,12,68,7,0.000959361647405288,0.00016850752868968755,1
4,0.05,12,68,8,0.00045873911011184987,5.412139225668966e-05,1
4,0.05,12,68,9,5.604865901176481e-05,3.674674292852842e-06,1
4,0.05,12,68,10,1.3393089917101975e-05,1.0492754523028225e-06,1
4,0.05,12,69,1,1.8953404660418833,3.284785592164864,2
4,0.05,12,69,2,0.9575986012245608,1.538555460604913,1
4,0.05,12,69,3,0.23230294289124664,0.3770582201209205,3
4,0.05,12,69,4,0.055582456905669986,0.06483907381934628,3
4,0.05,12,69,5,0.010795475606812488,0.0035629229969647014,1
4,0.05,12,69,6,0.002849792714638255,0.0005545999034897164,1
4,0.05,12,69,7,1.7763568394002505e-15,-8.881784197001252e-16,4
4,0.05,12,69,8,1.7763568394002505e-15,-1.7763568394002505e-15,3
4,0.05,12,69,9,3.552713678800501e-15,0.0,2
4,0.05,12,69,10,0.0,-1.7763568394002505e-15,1
4,0.05,12,70,1,2.5465726548033665,4.2914891710485055,6
4,0.05,12,70,2,1.3176168236482688,2.1577013898427033,6
4,0.05,12,70,3,0.543498385794221,0.7468768276482534,4
4,0.05,12,70,4,0.11954085005994486,0.10151378599911176,4
4,0.05,12,70,5,0.014484978230763446,0.0049114604786471006,4
4,0.05,12,70,6,0.005097707776055671,0.0014223106433037813,2
4,0.05,12,70,7,0.0008024093770444551,0.00014366720734138028,1
4,0.05,12,70,8,6.0156980367764845e-05,4.098445707256815e-06,2
4,0.05,12,70,9,8.945448529473765e-06,3.0414788909638446e-07,1
4,0.05,12,70,10,-1.5987211554602254e-14,0.0,1
4,0.05,12,71,1,2.5081737421312766,4.281207636453146,2
4,0.05,12,71,2,1.6610376980688741,2.7833546583598583,2
4,0.05,12,71,3,0.6276195458296634,1.0975768465717302,2
4,0.05,12,71,4,0.1235389293692446,0.11332817222347646,2
4,0.05,12,71,5,0.021981830275210612,0.00971598037813326,2
4,0.05,12,71,6,0.0018164063649024342,0.00039152555442534265,1
4,0.05,12,71,7,4.641546300732102e-05,8.107873451734804e-06,1
4,0.05,12,71,8,3.552713678800501e-15,0.0,1
4,0.05,12,71,9,3.552713678800501e-15,0.0,2
4,0.05,12,71,10,0.0,0.0,1
4,0.05,12,72,1,2.0187302329310537,3.385906109804086,6
4,0.05,12,72,2,1.1918052239124517,2.0246921198339045,3
4,0.05,12,72,3,0.5193302709409497,0.9479218279917827,4
4,0.05,12,72,4,0.1072311907483261,0.1943843708845332,4
4,0.05,12,72,5,0.03191454220169554,0.05351057508021739,4
4,0.05,12,72,6,0.007334763847550718,0.0038276936909804604,4
4,0.05,12,72,7,0.001123589472273423,0.0001262718748495928,1
4,0.05,12,72,8,0.0002211914266112558,1.1815484937116594e-05,2
4,0.05,12,72,9,4.404183162698416e-05,1.297848481129904e-06,1
4,0.05,12,72,10,6.578919453659182e-06,1.100717295088316e-07,1
4,0.05,12,73,1,2.4421600798138225,3.841847239219417,5
4,0.05,12,73,2,1.1962512854071878,1.7420888530344811,4
4,0.05,12,73,3,0.49706506773674164,0.8407734203990671,5
4,0.05,12,73,4,0.1026605444468256,0.14990457913148525,2
4,0.05,12,73,5,0.022027994349050672,0.014901489180576988,4
4,0.05,12,73,6,0.006070445060705865,0.004271741100484228,2
4,0.05,12,73,7,0.0011388430887588896,0.00035373774186631124,2
4,0.05,12,73,8,0.00027770000898641456,2.95446519178455e-05,2
4,0.05,12,73,9,2.5592511997629686e-05,1.3061142976056317e-06,2
4,0.05,12,73,10,1.2844668955125371e-06,1.810588123873913e-08,1
4,0.05,12,74,1,2.2403917117713235,3.694688472653782,7
4,0.05,12,74,2,0.9107163002004803,1.4776467054642684,6
4,0.05,12,74,3,0.5851407817551806,0.8903413087040928,2
4,0.05,12,74,4,0.08687392579099651,0.08960351355713758,2
4,0.05,12,74,5,0.02466919893999453,0.014255655926996624,3
4,0.05,12,74,6,0.006870696107643681,0.0023363808654384144,2
4,0.05,12,74,7,0.0005797805739149453,0.00015568793367126688,2
4,0.05,12,74,8,0.00024282344344683793,5.5899464559416856e-05,3
4,0.05,12,74,9,6.400551460927772e-05,7.237546217453428e-06,2
4,0.05,12,74,10,1.8777325561103453e-06,8.05923239255435e-08,1
4,0.05,12,75,1,1.579352517746356,2.689626288960527,4
4,0.05,12,75,2,0.9377683469623506,1.6454738436445577,2
4,0.05,12,75,3,0.5309480878664665,0.9748380070747693,2
4,0.05,12,75,4,0.08812597445519188,0.16779250256525557,1
4,0.05,12,75,5,0.009199073284820614,0.005899809910011378,5
4,0.05,12,75,6,0.0008749193477566308,0.0006114648023620717,1
4,0.05,12,75,7,0.00011248375853867287,1.2236905899243311e-05,3
4,0.05,12,75,8,2.3627547351523503e-05,3.7000968013956026e-06,2
4,0.05,12,75,9,6.000355250890266e-06,4.5266487624928686e-07,1
4,0.05,12,75,10,4.691789889932352e-07,1.263102689108564e-08,1
4,0.05,12,76,1,2.1527035587900265,3.7886289963056363,3
4,0.05,12,76,2,1.378295748545714,2.470085467013172,2
4,0.05,12,76,3,0.6374035445634458,1.0089132836057626,2
4,0.05,12,76,4,0.09903641841603061,0.14487568072533819,1
4,0.05,12,76,5,0.015506966415774315,0.0088168812434688,3
4,0.05,12,76,6,0.006574016554100837,0.0021181621072159373,3
4,0.05,12,76,7,0.001089901241043023,0.00025314733297854275,3
4,0.05,12,76,8,0.0004426368645518153,4.1518318424138556e-05,3
4,0.05,12,76,9,5.834013385452863e-05,1.0841900669689153e-05,1
4,0.05,12,76,10,2.184365196100657e-05,1.7768923381566992e-06,1
4,0.05,12,77,1,2.5679823021244292,3.9829181796232103,6
4,0.05,12,77,2,1.70377841846088,2.6204831000524607,6
4,0.05,12,77,3,0.6896442411704147,1.1765658714926825,3
4,0.05,12,77,4,0.12080623994051898,0.09707174953939379,3
4,0.05,12,77,5,0.03363072976256376,0.02732699031135777,3
4,0.05,12,77,6,0.019064012581667455,0.014700913767638824,3
4,0.05,12,77,7,0.0007220291227234554,0.00026010249767516314,4
4,0.05,12,77,8,0.00019174002317257077,3.783187038308711e-05,3
4,0.05,12,77,9,2.9521900094309217e-05,1.0880025048010111e-05,2
4,0.05,12,77,10,3.4360511644848657e-06,5.537983991388273e-07,1
4,0.05,12,78,1,1.9635001942617603,3.3614063863757107,7
4,0.05,12,78,2,0.8634086892103294,1.4959158887413722,6
4,0.05,12,78,3,0.36689541741666787,0.558985542656016,6
4,0.05,12,78,4,0.12986895604026394,0.14075187743315887,6
4,0.05,12,78,5,0.004568499229742784,0.0011315279995169902,4
4,0.05,12,78,6,0.0014425641848792026,0.00021941753939636044,4
4,0.05,12,78,7,1.7763568394002505e-15,0.0,2
4,0.05,12,78,8,1.7763568394002505e-15,0.0,2
4,0.05,12,78,9,0.0,1.7763568394002505e-15,1
4,0.05,12,78,10,-1.7763568394002505e-15,1.7763568394002505e-15,1
4,0.05,12,79,1,2.296842632126509,3.975594748522381,6
4,0.05,12,79,2,1.652580866646428,2.75589457597642,6
4,0.05,12,79,3,0.624967175096419,1.1007933779687473,6
4,0.05,12,79,4,0.09896175730121115,0.12067223377511738,4
4,0.05,12,79,5,0.025484598987217666,0.010483442863928438,6
4,0.05,12,79,6,0.0020920797848944517,0.00029436931540161027,5
4,0.05,12,79,7,0.0008947559309273601,6.741355476957978e-05,4
4,0.05,12,79,8,6.994124349724018e-05,3.0343750925254653e-06,3
4,0.05,12,79,9,5.105128440874296e-06,1.6261441615483818e-07,2
4,0.05,12,79,10,1.4237900121116809e-06,1.5375404061046538e-08,1
4,0.05,12,80,1,2.322637018937021,3.942794311567056,9
4,0.05,12,80,2,1.2239342906187733,2.0453175338275322,9
4,0.05,12,80,3,0.3595173998480501,0.5787146411639839,6
4,0.05,12,80,4,0.0674806763145348,0.11678277065972331,5
4,0.05,12,80,5,0.01476291441972144,0.007201902777105751,6
4,0.05,12,80,6,0.0027756839728478866,0.0013029345258050995,5
4,0.05,12,80,7,0.00043862211784606586,0.00011247826033766728,4
4,0.05,12,80,8,6.368476296891856e-05,5.699234156608668e-06,1
4,0.05,12,80,9,1.394148029199016e-05,4.807749380830728e-07,1
4,0.05,12,80,10,2.6899182756778828e-06,6.323475254532696e-08,1
4,0.05,12,81,1,1.79638715102449,3.1926085843074414,8
4,0.05,12,81,2,1.037934087123567,1.8739879392759153,6
4,0.05,12,81,3,0.5022509221499565,0.9268763004905667,6
4,0.05,12,81,4,0.06235100862150311,0.077594143465614,5
4,0.05,12,81,5,0.01530939169731127,0.00962024239735193,3
4,0.05,12,81,6,0.006090925496472721,0.0024668614682541445,3
4,0.05,12,81,7,0.0007731121374856542,0.00012331416358613012,3
4,0.05,12,81,8,0.0002469109647798007,1.8074055585515225e-05,3
4,0.05,12,81,9,0.0,-1.7763568394002505e-15,1
4,0.05,12,81,10,-5.329070518200751e-15,-1.7763568394002505e-15,1
4,0.05,12,82,1,2.029068226000165,3.429714819729538,7
4,0.05,12,82,2,1.0439308582311728,1.5698366740373153,6
4,0.05,12,82,3,0.2914227880160336,0.31050043362185065,6
4,0.05,12,82,4,0.04360497787894424,0.022534937994096005,6
4,0.05,12,82,5,0.0034665380537788337,0.0009167312946534167,5
4,0.05,12,82,6,1.7763568394002505e-15,-8.881784197001252e-16,4
4,0.05,12,82,7,0.0,-1.7763568394002505e-15,1
4,0.05,12,82,8,1.7763568394002505e-15,1.7763568394002505e-15,2
4,0.05,12,82,9,0.0,-1.7763568394002505e-15,1
4,0.05,12,82,10,-3.552713678800501e-15,-1.7763568394002505e-15,1
4,0.05,12,83,1,2.5533618959893563,4.26593588651059,9
4,0.05,12,83,2,1.410882292958883,2.1850782755204996,3
4,0.05,12,83,3,0.4632253191107747,0.84250641727591,4
4,0.05,12,83,4,0.1416294506869864,0.2413032149868073,3
4,0.05,12,83,5,0.020599015702261525,0.016148754604776272,2
4,0.05,12,83,6,0.011005493567445512,0.0034913677002403887,3
4,0.05,12,83,7,0.0020687660995957202,0.0006914742696917386,3
4,0.05,12,83,8,0.000329372636311831,3.443153756776951e-05,3
4,0.05,12,83,9,5.413507567375575e-05,3.630456953729322e-06,1
4,0.05,12,83,10,9.096725571922093e-06,1.8187064654284768e-07,1
4,0.05,12,84,1,2.276609363319718,3.903700426183388,3
4,0.05,12,84,2,1.7804307900512981,2.946878937912558,3
4,0.05,12,84,3,0.364798698465961,0.5934110774371391,3
4,0.05,12,84,4,0.08305672723567348,0.08389086466390427,3
4,0.05,12,84,5,0.011912267940235921,0.00491931578451954,1
4,0.05,12,84,6,0.003907812130901078,0.0011481676534588203,1
4,0.05,12,84,7,0.0005095888409396565,0.00010817698093479322,1
4,0.05,12,84,8,0.00012333954843768424,1.8205351754119192e-05,1
4,0.05,12,84,9,1.000776567039452e-05,1.4515436426165707e-06,2
4,0.05,12,84,10,5.0006472633867816e-06,4.482164630559282e-07,1
4,0.05,12,85,1,2.0999662917473767,3.501264404208861,6
4,0.05,12,85,2,1.2445034386381035,2.038430198405072,5
4,0.05,12,85,3,0.6636996238243498,1.0906137323326401,5
4,0.05,12,85,4,0.053284821350038314,0.09660943569833513,5
4,0.05,12,85,5,0.014626213714594272,0.010500950590653702,6
4,0.05,12,85,6,0.0035246366780743443,0.002023015702235398,5
4,0.05,12,85,7,0.0006665334861128969,0.0002738300314675257,4
4,0.05,12,85,8,9.273728061920394e-05,1.1763990688251624e-05,3
4,0.05,12,85,9,5.5783365429107334e-06,1.9629226777340136e-07,2
4,0.05,12,85,10,1.114457734985308e-06,3.671879866828931e-08,1
4,0.05,12,86,1,2.4477043862408294,4.182524708247923,7
4,0.05,12,86,2,1.801475487860909,2.7705716433507934,2
4,0.05,12,86,3,0.6113713930341174,0.9854513053797689,1
4,0.05,12,86,4,0.12288676388918773,0.23357570778830627,4
4,0.05,12,86,5,0.03574647974606293,0.026771314968618398,2
4,0.05,12,86,6,0.025096204218620244,0.00927373278923227,2
4,0.05,12,86,7,0.0019154569347321626,0.0004056139122781133,2
4,0.05,12,86,8,0.0010018155349946767,9.877221568821426e-05,2
4,0.05,12,86,9,5.129422176253229e-05,2.4095442672233958e-06,2
4,0.05,12,86,10,0.0,-1.7763568394002505e-15,1
4,0.05,12,87,1,1.9653632446444007,3.338866277182225,9
4,0.05,12,87,2,1.225193809263729,2.023153036455465,3
4,0.05,12,87,3,0.2590179030883757,0.2871867208451553,3
4,0.05,12,87,4,0.06769716336220277,0.055105366181548376,2
4,0.05,12,87,5,0.012216581198748244,0.009070127912242931,5
4,0.05,12,87,6,0.0017711396002351165,0.0005531264963067883,1
4,0.05,12,87,7,0.0006416769265378264,0.0001295644762180359,3
4,0.05,12,87,8,0.00024027050460873056,3.9456893187406195e-05,2
4,0.05,12,87,9,4.046805231894268e-05,3.5770900392861904e-06,1
4,0.05,12,87,10,5.788686209484695e-06,2.4575689572259307e-07,1
4,0.05,12,88,1,2.0273990817706196,3.2913518568761884,5
4,0.05,12,88,2,1.1022488235846897,1.853523456008885,5
4,0.05,12,88,3,0.5712167323165591,0.9927741166342621,4
4,0.05,12,88,4,0.06729867050515814,0.05950461545725094,5
4,0.05,12,88,5,0.023445412274627486,0.019975289189995138,2
4,0.05,12,88,6,0.005864827989164212,0.0020909573200844633,1
4,0.05,12,88,7,0.0012039239269689972,0.0004574767196299234,2
4,0.05,12,88,8,0.000338984681862442,4.958437135904603e-05,1
4,0.05,12,88,9,7.954392094866591e-05,1.0921815706055327e-05,2
4,0.05,12,88,10,2.1611673142629684e-05,1.182768892604713e-06,1
4,0.05,12,89,1,2.3755295274918673,4.028174087299988,7
4,0.05,12,89,2,1.2522289690390558,2.083708341253331,1
4,0.05,12,89,3,0.4661322048426726,0.8651668077387562,3
4,0.05,12,89,4,0.13135815574233334,0.202075861419587,3
4,0.05,12,89,5,0.03912619064180234,0.03952547425813968,3
4,0.05,12,89,6,0.013954699923969471,0.006362428254357511,3
4,0.05,12,89,7,0.0017800609781133403,0.0010843918554037657,1
4,0.05,12,89,8,0.0007339271052071439,0.00020593492612519526,1
4,0.05,12,89,9,2.938638142779837e-05,2.1885333705284893e-06,1
4,0.05,12,89,10,5.940537821658154e-06,5.030523038129786e-07,1
4,0.05,12,90,1,1.9844829558876107,3.2670062783024427,2
4,0.05,12,90,2,1.1391847392297976,1.890509016612576,3
4,0.05,12,90,3,0.30245513840075233,0.5037555738823603,2
4,0.05,12,90,4,0.10854975187083049,0.16488237452175447,5
4,0.05,12,90,5,0.009895612012012833,0.008184644073947922,4
4,0.05,12,90,6,0.006009858035721294,0.004566424380161749,3
4,0.05,12,90,7,0.0010280977098595656,0.00046706380415351134,2
4,0.05,12,90,8,7.859533869236657e-05,1.217585532131693e-05,1
4,0.05,12,90,9,8.8113125382705e-06,3.2818043216309434e-07,2
4,0.05,12,90,10,7.23821523607171e-07,9.428678282574765e-09,1
4,0.05,12,91,1,2.726885539226677,4.675777885661612,2
4,0.05,12,91,2,1.5515291063790624,2.6436260341952362,2
4,0.05,12,91,3,0.4885027255623644,0.7614567153446892,2
4,0.05,12,91,4,0.06608348968462607,0.03877434845741767,2
4,0.05,12,91,5,0.009277013871791695,0.0025979816400605316,1
4,0.05,12,91,6,1.7763568394002505e-15,-1.7763568394002505e-15,2
4,0.05,12,91,7,5.329070518200751e-15,1.7763568394002505e-15,3
4,0.05,12,91,8,3.552713678800501e-15,0.0,2
4,0.05,12,91,9,1.7763568394002505e-15,-3.552713678800501e-15,2
4,0.05,12,91,10,-1.7763568394002505e-15,0.0,1
4,0.05,12,92,1,1.9847473198513619,3.371520670707005,8
4,0.05,12,92,2,0.9768920898824369,1.7339834776457117,8
4,0.05,12,92,3,0.5845764026329228,0.9649381539145088,7
4,0.05,12,92,4,0.11321936003830047,0.10604006681958644,7
4,0.05,12,92,5,0.016626481462461484,0.007206794625597368,5
4,0.05,12,92,6,0.00273895805751323,0.0008852562295267319,3
4,0.05,12,92,7,0.000266698456307779,4.508819110426998e-05,3
4,0.05,12,92,8,5.349287958367199e-05,3.4406696229893896e-06,3
4,0.05,12,92,9,4.551394981788803e-06,1.406618785892988e-07,2
4,0.05,12,92,10,4.200916592367321e-07,6.785176864809728e-09,1
4,0.05,12,93,1,1.9528350694329113,3.3304079792536783,8
4,0.05,12,93,2,0.9492430181341298,1.6974957349572541,8
4,0.05,12,93,3,0.7167058439462277,1.0877133135644161,1
4,0.05,12,93,4,0.09054310170929014,0.09704822401606439,1
4,0.05,12,93,5,0.005249665898222844,0.002447648945770986,5
4,0.05,12,93,6,0.0003837689712540282,0.00010599073490080713,5
4,0.05,12,93,7,1.7763568394002505e-15,0.0,2
4,0.05,12,93,8,3.552713678800501e-15,0.0,3
4,0.05,12,93,9,3.552713678800501e-15,-1.7763568394002505e-15,2
4,0.05,12,93,10,0.0,1.7763568394002505e-15,1
4,0.05,12,94,1,2.8671820928221265,4.600424381732159,4
4,0.05,12,94,2,1.946126467128508,3.1669513298658387,2
4,0.05,12,94,3,1.0342712581629385,1.7347647158293587,2
4,0.05,12,94,4,0.09413881418701209,0.22834719718159668,2
4,0.05,12,94,5,0.045349780728770384,0.0803716758094346,2
4,0.05,12,94,6,0.025211704063222484,0.05349844094175982,1
4,0.05,12,94,7,0.0022946238795444884,0.002141244532305464,1
4,0.05,12,94,8,0.0003739032051761626,9.766634272878605e-05,1
4,0.05,12,94,9,1.8439134372272292e-05,2.4681460430997504e-06,1
4,0.05,12,94,10,1.5053249811103342e-06,1.4884805210613195e-07,1
4,0.05,12,95,1,2.5135179310893037,4.17151856362702,5
4,0.05,12,95,2,1.6794983822905287,2.7682216385765273,5
4,0.05,12,95,3,0.9961464244215499,1.6652001181528124,3
4,0.05,12,95,4,0.16212687562277495,0.26190319310231835,3
4,0.05,12,95,5,0.04095211373083529,0.05529717850334315,3
4,0.05,12,95,6,0.009193148960479292,0.004233537486718397,3
4,0.05,12,95,7,0.002390867611566705,0.0008731369485648344,3
4,0.05,12,95,8,0.0005772920915525503,7.676177718352051e-05,3
4,0.05,12,95,9,2.490007203803657e-05,1.497261351346424e-06,2
4,0.05,12,95,10,5.626395932267769e-06,1.4082962707107072e-07,1
4,0.05,12,96,1,2.214742984281642,3.6280401222129903,8
4,0.05,12,96,2,1.5801711702294625,2.471080862569533,8
4,0.05,12,96,3,0.8339637070905521,1.2504853099046596,8
4,0.05,12,96,4,0.1333859812421494,0.15099143860459918,6
4,0.05,12,96,5,0.036249769860281944,0.029276925095497397,5
4,0.05,12,96,6,0.0036143561815027425,0.002494051318602253,5
4,0.05,12,96,7,0.00166725933539702,0.0002766206398678861,3
4,0.05,12,96,8,0.00016961569947682165,2.303475175935432e-05,3
4,0.05,12,96,9,7.176953235621397e-05,3.3831709185250247e-06,1
4,0.05,12,96,10,7.333057407521437e-06,2.829100935741735e-07,1
4,0.05,12,97,1,1.8750877599373457,3.1177775056193155,9
4,0.05,12,97,2,0.9396195487112919,1.645329853822842,9
4,0.05,12,97,3,0.12454673815725847,0.2086362531179038,8
4,0.05,12,97,4,0.015629057834017246,0.011078237161076032,6
4,0.05,12,97,5,0.0022295230052282733,0.0011352952681598083,5
4,0.05,12,97,6,0.0004974085441986631,0.00026652790497561085,3
4,0.05,12,97,7,0.00010160906168188433,1.894181101391723e-05,2
4,0.05,12,97,8,1.7880302861428277e-05,1.6534617408581198e-06,2
4,0.05,12,97,9,1.888602220390112e-06,8.3929297289842e-08,2
4,0.05,12,97,10,8.918080496300718e-08,1.5987495771696558e-09,1
4,0.05,12,98,1,2.067872766308703,3.5240607124323766,9
4,0.05,12,98,2,0.7898535661823214,1.206291133672309,5
4,0.05,12,98,3,0.2779951725834824,0.4126296527464879,6
4,0.05,12,98,4,0.1322764622101289,0.16800130281352388,5
4,0.05,12,98,5,0.034066913584258174,0.026092655367950357,5
4,0.05,12,98,6,0.004608179918170308,0.00096153452452441,3
4,0.05,12,98,7,0.0002880384079659848,5.603912403628897e-05,3
4,0.05,12,98,8,1.750677464862349e-05,1.0187081045387458e-06,3
4,0.05,12,98,9,0.0,-3.552713678800501e-15,1
4,0.05,12,98,10,3.552713678800501e-15,-3.552713678800501e-15,1
4,0.05,12,99,1,2.38133288585745,4.020484558858563,9
4,0.05,12,99,2,1.460469905836213,2.555854528167723,8
4,0.05,12,99,3,0.747244703337806,1.1659119333765524,7
4,0.05,12,99,4,0.12051975114092173,0.10617839221083614,7
4,0.05,12,99,5,0.015860778293246725,0.010736356548884274,1
4,0.05,12,99,6,1.7763568394002505e-15,-8.881784197001252e-16,2
4,0.05,12,99,7,3.552713678800501e-15,1.7763568394002505e-15,4
4,0.05,12,99,8,0.0,1.7763568394002505e-15,1
4,0.05,12,99,9,-1.7763568394002505e-15,0.0,2
4,0.05,12,99,10,1.7763568394002505e-15,1.7763568394002505e-15,1
4,0.05,12,100,1,1.9767048480433278,3.3789763382589495,8
4,0.05,12,100,2,1.1440807308907477,1.9091655009434945,6
4,0.05,12,100,3,0.6010363844971884,1.00921727712951,2
4,0.05,12,100,4,0.09278020479654181,0.07461874463601603,6
4,0.05,12,100,5,0.026463940152506638,0.016078911918897987,5
4,0.05,12,100,6,0.007133405025257389,0.002066726677117714,4
4,0.05,12,100,7,0.0008178062595423086,0.00012952383919362376,3
4,0.05,12,100,8,0.0001886127844024088,2.1144649981152952e-05,2
4,0.05,12,100,9,4.145396732546658e-05,2.4129540303619024e-06,1
4,0.05,12,100,10,5.03134663709659e-06,1.3263563580778737e-07,1
4,0.05,12,101,1,2.5423779761616245,4.24845003121021,3
4,0.05,12,101,2,1.9599825084949813,3.3520493319712585,4
4,0.05,12,101,3,0.8785226268882909,1.4567295034591385,3
4,0.05,12,101,4,0.18191216102381702,0.2267859806929522,2
4,0.05,12,101,5,0.04691585795370656,0.034979275153773415,1
4,0.05,12,101,6,0.020728671088534156,0.013838250523175333,4
4,0.05,12,101,7,0.002142686199929855,0.0012092484394266023,4
4,0.05,12,101,8,0.000546950996616502,7.324515534534726e-05,2
4,0.05,12,101,9,9.418572796704439e-05,9.652625474032561e-06,1
4,0.05,12,101,10,9.877757827680966e-06,7.352708379926298e-07,1
4,0.05,12,102,1,2.460106529163662,4.042861428935815,8
4,0.05,12,102,2,1.3231959047753445,2.1083799635744285,9
4,0.05,12,102,3,0.6446211676099285,0.9854553046766625,8
4,0.05,12,102,4,0.1348429551586694,0.15736270956389298,7
4,0.05,12,102,5,0.031126504299498592,0.03115089570014007,4
4,0.05,12,102,6,0.0036680982187444755,0.0032531943608855585,2
4,0.05,12,102,7,0.0018981052485980143,0.0008778989080475696,2
4,0.05,12,102,8,0.0003838744047772735,5.080678743318856e-05,1
4,0.05,12,102,9,4.5861074093878074e-05,4.529875770487024e-06,2
4,0.05,12,102,10,9.538288843202736e-06,2.618941081777848e-07,1
4,0.05,12,103,1,2.1388933956550016,3.5594159088659687,2
4,0.05,12,103,2,1.4943631200894565,2.5331958888107557,2
4,0.05,12,103,3,0.55393961975164,0.967783899674127,2
4,0.05,12,103,4,0.06061230131481565,0.13005298984265767,2
4,0.05,12,103,5,0.0162720786594992,0.01394553558010081,2
4,0.05,12,103,6,0.0029590640590217987,0.0010827189356987788,3
4,0.05,12,103,7,0.0007145463110358463,0.0002442216900622185,2
4,0.05,12,103,8,0.00018949023588632485,3.382113448680002e-05,2
4,0.05,12,103,9,3.6756777397783935e-05,2.231623058790433e-06,2
4,0.05,12,103,10,1.913866380931495e-06,3.530405479068577e-08,1
4,0.05,12,104,1,2.0460371875170917,3.2687263250757077,7
4,0.05,12,104,2,1.2097266778013793,1.928044696981658,7
4,0.05,12,104,3,0.7773632362692116,1.1581685323628275,6
4,0.05,12,104,4,0.12224841006931442,0.24542956153999107,3
4,0.05,12,104,5,0.031233741096690082,0.060393169902411614,4
4,0.05,12,104,6,0.018765714821601165,0.015262433177005263,3
4,0.05,12,104,7,0.0018601555645716417,0.0009234061606147037,2
4,0.05,12,104,8,0.0006663248669127597,9.410928901409932e-05,1
4,0.05,12,104,9,3.867980522898051e-05,5.130847052114973e-06,2
4,0.05,12,104,10,1.2108228231610951e-05,4.5180811270029153e-07,1
4,0.05,12,105,1,2.14316918224592,3.6266471046151167,9
4,0.05,12,105,2,0.9802236309204897,1.413666311332296,1
4,0.05,12,105,3,0.4706615142985324,0.8547462432265611,6
4,0.05,12,105,4,0.056909504188569215,0.086951863023919,6
4,0.05,12,105,5,0.017796161300569935,0.011316673172999003,2
4,0.05,12,105,6,0.003015128735729178,0.0007080875517546659,1
4,0.05,12,105,7,0.0006051777343927256,0.00022002714816515834,2
4,0.05,12,105,8,0.00012568580939031904,1.5155581179371325e-05,1
4,0.05,12,105,9,2.0816826861391746e-05,1.3441284600901326e-06,1
4,0.05,12,105,10,9.9222346605643e-07,1.7361001525273423e-08,1
4,0.05,12,106,1,2.0125932608114976,3.3162508570994724,2
4,0.05,12,106,2,0.8624283831839481,1.352994682772934,1
4,0.05,12,106,3,0.44922041244208266,0.8122683647250426,3
4,0.05,12,106,4,0.1191755685816478,0.18322528764204193,3
4,0.05,12,106,5,0.011250849286671638,0.006702290977353087,1
4,0.05,12,106,6,0.0034282919838251047,0.0011661279253329937,1
4,0.05,12,106,7,0.0005759354508168002,0.00014435340669294305,3
4,0.05,12,106,8,0.0001684087899267439,1.4691569562685913e-05,3
4,0.05,12,106,9,1.3621985365475098e-05,8.20709209037318e-07,1
4,0.05,12,106,10,4.056065900925887e-06,8.39749141334778e-08,1
4,0.05,12,107,1,1.8539760210340432,3.2634377022646373,8
4,0.05,12,107,2,1.2742397301474249,1.9963173079264411,3
4,0.05,12,107,3,0.30185294932736717,0.47811184066232393,6
4,0.05,12,107,4,0.12292424598431495,0.1614056862774893,5
4,0.05,12,107,5,0.020200473183002998,0.00976729525336495,4
4,0.05,12,107,6,0.007397174643564597,0.001894303749673476,3
4,0.05,12,107,7,0.00042499471606305406,4.29228783911384e-05,2
4,0.05,12,107,8,9.782889672926842e-05,6.6294732725680205e-06,1
4,0.05,12,107,9,4.923310712001694e-06,1.618847083051378e-07,2
4,0.05,12,107,10,1.2061500136439918e-06,2.502815554805693e-08,1
4,0.05,12,108,1,2.4142742078523067,4.058408764155878,4
4,0.05,12,108,2,1.610472645146091,2.776274808774474,7
4,0.05,12,108,3,0.6795079175412955,1.0336155618627876,7
4,0.05,12,108,4,0.1725361086863888,0.27787284753738994,4
4,0.05,12,108,5,0.046517274356601135,0.04809482735894122,4
4,0.05,12,108,6,0.017024700436406803,0.0052287963985655495,4
4,0.05,12,108,7,0.0015247716024351377,0.0003679505426745777,3
4,0.05,12,108,8,0.000344231971750375,2.1037383540090104e-05,2
4,0.05,12,108,9,0.00010300843022292838,8.86591620385957e-06,1
4,0.05,12,108,10,1.0384695004361788e-05,8.624875444951385e-07,1
4,0.05,12,109,1,2.457045308647025,4.182964913385076,8
4,0.05,12,109,2,1.3961000116712334,2.484395158188864,7
4,0.05,12,109,3,0.6875108870264892,1.099292771160032,7
4,0.05,12,109,4,0.1136144202390188,0.11311655355158567,6
4,0.05,12,109,5,0.021942001165470515,0.007617622465659224,5
4,0.05,12,109,6,0.005867758208887963,0.001311585988375441,4
4,0.05,12,109,7,0.0015222345706540352,0.00037136621882361,2
4,0.05,12,109,8,0.00042312007485101333,3.914346191891127e-05,2
4,0.05,12,109,9,7.000955761427008e-05,4.050797278054574e-06,1
4,0.05,12,109,10,1.0114054855847598e-05,4.829483071233653e-07,1
4,0.05,12,110,1,2.71341677086728,4.69046821991474,8
4,0.05,12,110,2,1.960341367384455,3.3843576755181584,8
4,0.05,12,110,3,0.8275762384999581,1.3825551013611186,8
4,0.05,12,110,4,0.19085887448046357,0.3465262270272724,6
4,0.05,12,110,5,0.03422534657407539,0.032475291423400776,6
4,0.05,12,110,6,0.0025868929797088214,0.001182775795502522,4
4,0.05,12,110,7,0.0012569812312808182,0.00033584801989761104,3
4,0.05,12,110,8,0.00023844590219468387,5.900739763120555e-05,1
4,0.05,12,110,9,0.00014325114736379874,1.8665195909761678e-05,1
4,0.05,12,110,10,1.4254112107536798e-05,8.92961253384783e-07,1
4,0.05,12,111,1,2.3157204810595005,3.8419683930786768,8
4,0.05,12,111,2,1.4490526542289537,2.340273204538793,7
4,0.05,12,111,3,0.5301841676093435,0.7552769983937395,7
4,0.05,12,111,4,0.09526237313359509,0.10146296478187988,7
4,0.05,12,111,5,0.022016730132859763,0.019580283443019653,2
4,0.05,12,111,6,0.008600381799267254,0.002945994657335582,1
4,0.05,12,111,7,0.0008057431006207594,0.00018986054541159092,2
4,0.05,12,111,8,0.0003250558927696545,2.9248040085860794e-05,1
4,0.05,12,111,9,3.821862984310087e-05,1.6652668914929336e-06,1
4,0.05,12,111,10,9.38887706958269e-06,2.222374693161555e-07,1
4,0.05,12,112,1,1.3802896380750393,2.2370221824372596,2
4,0.05,12,112,2,0.9889094567642207,1.7201587450734905,7
4,0.05,12,112,3,0.5545388545059904,0.9064787732666657,7
4,0.05,12,112,4,0.05599274766493245,0.03940982255580927,1
4,0.05,12,112,5,0.009463349135467425,0.0027607527364832407,1
4,0.05,12,112,6,0.0025896570196213275,0.0025021365018904618,3
4,0.05,12,112,7,0.0004278277751570414,0.00018608914255047182,2
4,0.05,12,112,8,0.00034382853845826844,0.00010575509787003057,1
4,0.05,12,112,9,3.0122614150585036e-05,2.665306167770609e-06,1
4,0.05,12,112,10,3.4422080634755048e-06,1.0879502987393153e-07,1
4,0.05,12,113,1,2.5721538975352054,4.048758121222425,2
4,0.05,12,113,2,1.3833275936373717,2.349412376124519,6
4,0.05,12,113,3,0.6490100859559984,1.0893972356443413,6
4,0.05,12,113,4,0.17256707501107904,0.21802204947204995,5
4,0.05,12,113,5,0.011368706080471469,0.007158582448396622,3
4,0.05,12,113,6,0.004138136284291605,0.0016276892025057776,3
4,0.05,12,113,7,0.0009647138716442072,0.00025752144014212774,2
4,0.05,12,113,8,0.00012704798063190026,9.841625635331752e-06,1
4,0.05,12,113,9,1.3146821052245627e-05,6.026709957751564e-07,2
4,0.05,12,113,10,1.7810185184430338e-06,2.302584078961445e-08,1
4,0.05,12,114,1,2.1810293675536307,3.7052789237306367,8
4,0.05,12,114,2,1.134636198461127,1.818166194173207,2
4,0.05,12,114,3,0.5276425786485532,0.9365572106729942,2
4,0.05,12,114,4,0.20074835895700005,0.283298487856392,2
4,0.05,12,114,5,0.01886718379934038,0.011769681961334655,1
4,0.05,12,114,6,0.0019339890056926379,0.0007598094897005581,2
4,0.05,12,114,7,0.0004802850595844177,0.00013762603588673983,2
4,0.05,12,114,8,6.160473903094044e-05,6.944694781907401e-06,2
4,0.05,12,114,9,1.5309538245134036e-05,9.602075294878887e-07,2
4,0.05,12,114,10,8.997426732548774e-07,3.601509668271774e-08,1
4,0.05,12,115,1,1.9166851478174713,3.308625320121159,6
4,0.05,12,115,2,0.9446980490584984,1.6996912418556747,7
4,0.05,12,115,3,0.581802284371788,1.0091279859979831,6
4,0.05,12,115,4,0.16438696035278255,0.22419741892620948,6
4,0.05,12,115,5,0.011576449358894791,0.00442321264094403,6
4,0.05,12,115,6,0.00048637263651940543,0.00020639097494790093,4
4,0.05,12,115,7,0.0001616144594720481,3.21657588262525e-05,3
4,0.05,12,115,8,2.1639155626473894e-05,4.170598799646541e-06,2
4,0.05,12,115,9,1.2523486034865527e-06,6.139048025488592e-08,2
4,0.05,12,115,10,3.3518350761596594e-08,9.07490438351033e-09,1
4,0.05,12,116,1,2.518719411926172,4.277770815192827,7
4,0.05,12,116,2,1.466590521353547,2.557965601362355,7
4,0.05,12,116,3,0.8180510367567173,1.3397578092003233,5
4,0.05,12,116,4,0.11393201931290697,0.24173793826533974,7
4,0.05,12,116,5,0.05669574205390049,0.12177720076766718,2
4,0.05,12,116,6,0.02950935828840251,0.03022291317515524,2
4,0.05,12,116,7,0.0028490196195818385,0.001433158266703316,2
4,0.05,12,116,8,0.0009580157861073246,0.00025875823634180506,2
4,0.05,12,116,9,0.00026123848383896586,4.925322848414737e-05,2
4,0.05,12,116,10,1.5630293876967016e-05,7.224880285150448e-07,1
4,0.05,12,117,1,2.136386541617725,3.4602647358999388,2
4,0.05,12,117,2,1.2012217788557038,2.0196206868190956,2
4,0.05,12,117,3,0.6189896645572617,1.0300659263045855,2
4,0.05,12,117,4,0.06194200047871945,0.11455468201875707,2
4,0.05,12,117,5,0.019110020389774718,0.015655343763583573,2
4,0.05,12,117,6,0.0042308570717395355,0.0017023306313985742,1
4,0.05,12,117,7,0.00027666787789293323,2.9633678272134034e-05,1
4,0.05,12,117,8,3.2660832268049944e-05,1.8491958542199427e-06,2
4,0.05,12,117,9,6.6866906678342275e-06,1.6449445539024055e-07,1
4,0.05,12,117,10,6.896327562344595e-07,1.836012586409197e-08,1
4,0.05,12,118,1,2.4275478336137173,4.025293651908717,2
4,0.05,12,118,2,1.4176874951260157,2.5209196833613134,3
4,0.05,12,118,3,0.6109778581731486,1.1104068053982932,3
4,0.05,12,118,4,0.09218121817598401,0.08743450413889153,2
4,0.05,12,118,5,0.029601200763920588,0.028037987160251632,3
4,0.05,12,118,6,0.0059743634032347614,0.0016830359444268694,2
4,0.05,12,118,7,0.001003392238095202,0.00018937300342702912,1
4,0.05,12,118,8,0.00026978074433081645,0.00011155283294428386,3
4,0.05,12,118,9,6.986113748652656e-05,6.964998592096094e-06,2
4,0.05,12,118,10,1.0008515159753983e-05,7.856906325542923e-07,1
4,0.05,12,119,1,1.713599981879236,2.8368968190117663,10
4,0.05,12,119,2,0.9492114139746786,1.4716888726227388,9
4,0.05,12,119,3,0.2045635290741199,0.38832542780364143,1
4,0.05,12,119,4,0.017644689091911303,0.014745772036537375,1
4,0.05,12,119,5,0.005221170699153177,0.0019643060405609702,1
4,0.05,12,119,6,0.000992304355476037,0.00019387347550026135,1
4,0.05,12,119,7,2.7541275231968143e-05,5.05304824383046e-06,1
4,0.05,12,119,8,5.329070518200751e-15,0.0,2
4,0.05,12,119,9,1.7763568394002505e-15,0.0,1
4,0.05,12,119,10,0.0,0.0,1
4,0.05,12,120,1,2.3236208595279493,3.9420614852005595,6
4,0.05,12,120,2,1.2196140781570772,2.014991487141641,6
4,0.05,12,120,3,0.605796966467004,0.9689521659506983,7
4,0.05,12,120,4,0.11672542148064302,0.10532152484520729,6
4,0.05,12,120,5,0.02506224532148771,0.016718045761706435,6
4,0.05,12,120,6,0.005746721785863329,0.0030952505083288173,4
4,0.05,12,120,7,0.001042564836993165,0.0002776785434548401,3
4,0.05,12,120,8,0.00014188535916481726,3.4691226122873786e-05,3
4,0.05,12,120,9,1.6140410604492672e-05,5.486845928714956e-07,1
4,0.05,12,120,10,1.7686487421286756e-06,6.774470762138662e-08,1
4,0.05,12,121,1,2.9155480946158985,4.640469242210322,8
4,0.05,12,121,2,1.9171972440535061,3.1266624355257733,8
4,0.05,12,121,3,0.9838793542364748,1.5898887774745383,7
4,0.05,12,121,4,0.06730792907363536,0.14440771437340594,5
4,0.05,12,121,5,0.03827243944854253,0.08829630716843795,5
4,0.05,12,121,6,0.004621874133610149,0.0010637265386961303,2
4,0.05,12,121,7,0.0017145205029027721,0.0007980754261716072,3
4,0.05,12,121,8,0.0003825674479731589,5.3708067284219396e-05,2
4,0.05,12,121,9,3.8757700577818355e-05,4.180085854343929e-06,1
4,0.05,12,121,10,2.793088047070569e-06,1.138334209116465e-07,1
4,0.05,12,122,1,2.480677351650872,4.26079599106259,5
4,0.05,12,122,2,1.658765791936343,2.7895239681123023,4
4,0.05,12,122,3,0.5553656076231306,0.8844159608410935,5
4,0.05,12,122,4,0.10044483468549359,0.08365214617933159,4
4,0.05,12,122,5,0.014890175270940276,0.006018526952058956,1
4,0.05,12,122,6,0.0024769967745008614,0.00030417940450178094,2
4,0.05,12,122,7,0.0004072416054032857,1.9207934863985088e-05,1
4,0.05,12,122,8,3.552713678800501e-15,-1.7763568394002505e-15,3
4,0.05,12,122,9,0.0,1.7763568394002505e-15,1
4,0.05,12,122,10,-1.7763568394002505e-15,0.0,1
4,0.05,12,123,1,2.7740930700814808,4.642742445495047,9
4,0.05,12,123,2,1.6689049491584989,2.8061857018607963,8
4,0.05,12,123,3,0.5291540062887368,0.9221622393695723,6
4,0.05,12,123,4,0.05575258413264805,0.10211086235618438,6
4,0.05,12,123,5,0.021905352249852683,0.016328817739195145,4
4,0.05,12,123,6,0.0028808694682389557,0.001351143901572982,4
4,0.05,12,123,7,0.0009741307966635304,0.0002229975524699057,2
4,0.05,12,123,8,0.000452447129685396,6.333581955786372e-05,1
4,0.05,12,123,9,5.8117075038666144e-05,5.22569813199425e-06,1
4,0.05,12,123,10,1.4444266795976546e-05,4.0002203682831805e-07,1
4,0.05,12,124,1,2.215115801530496,3.7952483245080764,5
4,0.05,12,124,2,1.4160280101793017,2.3369895534446457,4
4,0.05,12,124,3,0.6274269486003679,1.0597867967289396,3
4,0.05,12,124,4,0.15732864421748438,0.18576037071434914,2
4,0.05,12,124,5,0.022654775496985025,0.009260917888568088,4
4,0.05,12,124,6,0.0049095442150886015,0.001287760037010699,2
4,0.05,12,124,7,0.0015927280974104008,0.00033456075356497195,4
4,0.05,12,124,8,0.0001683958202658431,1.9838543122929764e-05,3
4,0.05,12,124,9,5.217211718822057e-05,2.739788818928446e-06,2
4,0.05,12,124,10,6.173003477272232e-06,2.063622819292732e-07,1
4,0.05,12,125,1,2.5088152265275863,4.142702844618231,6
4,0.05,12,125,2,2.035557954339632,3.332463225644492,7
4,0.05,12,125,3,1.0400731106101535,1.6839182282173901,6
4,0.05,12,125,4,0.21046471517258958,0.3133850002175107,5
4,0.05,12,125,5,0.04595746991653904,0.05733801275049011,4
4,0.05,12,125,6,0.018627401511370323,0.008149010764434195,3
4,0.05,12,125,7,0.0011847631111567836,0.0002624921644791556,4
4,0.05,12,125,8,0.0005169074247675098,6.404899397161046e-05,3
4,0.05,12,125,9,3.13038659687237e-05,3.0783862818850594e-06,2
4,0.05,12,125,10,9.68469541717809e-06,3.1108623055331464e-07,1
4,0.05,12,126,1,2.693545738555203,4.245507178383033,5
4,0.05,12,126,2,1.581231146811655,2.559882939614397,9
4,0.05,12,126,3,0.7920224846446011,1.2745150555981262,8
4,0.05,12,126,4,0.1464051879240138,0.2563404998370542,6
4,0.05,12,126,5,0.056707785433998126,0.10237775446013053,5
4,0.05,12,126,6,0.010292952002576072,0.011165495242506651,4
4,0.05,12,126,7,0.0023767462318815546,0.0009078379009395121,4
4,0.05,12,126,8,1.7763568394002505e-15,-3.552713678800501e-15,1
4,0.05,12,126,9,1.7763568394002505e-15,-3.552713678800501e-15,1
4,0.05,12,126,10,0.0,-3.552713678800501e-15,1
4,0.05,12,127,1,2.292848501322691,3.920633835099453,3
4,0.05,12,127,2,1.1060120332808658,1.9111084846993798,3
4,0.05,12,127,3,0.5864803015921289,1.0535620354147852,3
4,0.05,12,127,4,0.2407151396322984,0.35618856740609584,3
4,0.05,12,127,5,0.029330307731918026,0.020217620872021058,3
4,0.05,12,127,6,0.0045026111351198495,0.0007142623018818739,1
4,0.05,12,127,7,0.0004661491874831114,3.5990727457857474e-05,1
4,0.05,12,127,8,4.8281050517573476e-05,8.255684331714974e-07,1
4,0.05,12,127,9,3.9904778876831415e-06,5.452414164608399e-08,1
4,0.05,12,127,10,6.658049631624863e-07,4.4830823497932215e-09,1
4,0.05,12,128,1,1.977059823310146,3.349338494568009,3
4,0.05,12,128,2,1.0854360921029844,1.9171779677279392,3
4,0.05,12,128,3,0.3508048062732776,0.5173065184517736,2
4,0.05,12,128,4,0.06444279058136715,0.08161910946199669,3
4,0.05,12,128,5,0.022388374965732538,0.015231916038396243,5
4,0.05,12,128,6,0.0072228856869394065,0.0025552279306300107,4
4,0.05,12,128,7,0.0014282105584992877,0.0002932189583297884,3
4,0.05,12,128,8,0.0003664692452964857,3.0002544047391666e-05,2
4,0.05,12,128,9,7.319215007584035e-05,3.6038833677309867e-06,1
4,0.05,12,128,10,8.182100939890802e-06,1.330305678948207e-07,1
4,0.05,12,129,1,1.6916937391270306,2.79536878990157,5
4,0.05,12,129,2,0.9783033928209157,1.4152615795184929,4
4,0.05,12,129,3,0.45717950357941817,0.85033564386978,5
4,0.05,12,129,4,0.08916032354845704,0.09440672576368492,4
4,0.05,12,129,5,0.02706078508614773,0.01583286668723538,5
4,0.05,12,129,6,0.006404408218955382,0.0017192584777667719,4
4,0.05,12,129,7,0.0006985603478923963,5.983393917663449e-05,3
4,0.05,12,129,8,4.297307407696849e-05,2.2679028415240055e-06,3
4,0.05,12,129,9,1.976426048599933e-05,9.731216206176896e-07,1
4,0.05,12,129,10,1.323093837157785e-06,3.69121675447559e-08,1
4,0.05,12,130,1,1.7781472259615683,2.8442297687086953,2
4,0.05,12,130,2,1.1151032865372947,1.9564301265635926,6
4,0.05,12,130,3,0.5184803185103224,0.9272599293184118,6
4,0.05,12,130,4,0.1842669830884862,0.2703203461434285,6
4,0.05,12,130,5,0.02264574458410351,0.010506915503946779,5
4,0.05,12,130,6,0.007456069240056706,0.002251326207902693,4
4,0.05,12,130,7,0.0004972571347146015,4.9853314000536386e-05,4
4,0.05,12,130,8,-3.552713678800501e-15,1.7763568394002505e-15,1
4,0.05,12,130,9,-1.7763568394002505e-15,0.0,1
4,0.05,12,130,10,-1.7763568394002505e-15,0.0,1
4,0.05,12,131,1,2.392566696886222,3.990049704710012,4
4,0.05,12,131,2,1.5706387733197698,2.5950864440249557,5
4,0.05,12,131,3,0.5709276715403231,0.9284762312596788,1
4,0.05,12,131,4,0.16360115485654525,0.22864744685318872,1
4,0.05,12,131,5,0.024479736977699673,0.01506717577503558,1
4,0.05,12,131,6,0.014041969316984648,0.009269506897309654,1
4,0.05,12,131,7,0.0015781446021261303,0.0006002860253193631,1
4,0.05,12,131,8,0.0004004043073297936,7.285154993930121e-05,1
4,0.05,12,131,9,7.671212171267427e-05,7.056280210804289e-06,1
4,0.05,12,131,10,1.7141746967652693e-05,6.075572596131451e-07,1
4,0.05,12,132,1,2.0100249391769953,3.287994418773275,4
4,0.05,12,132,2,1.1022566762984258,1.8278088359633884,2
4,0.05,12,132,3,0.6367970046158682,0.9441704157741437,2
4,0.05,12,132,4,0.0954770050427669,0.11396685478219215,1
4,0.05,12,132,5,0.020465009315937976,0.012673512957539046,4
4,0.05,12,132,6,0.0049162230786166106,0.0029745687296447443,1
4,0.05,12,132,7,0.0006414917592980629,0.0004843300908659032,1
4,0.05,12,132,8,0.0002468244977773537,9.771866253949213e-05,1
4,0.05,12,132,9,2.462064103525563e-05,3.426085287472347e-06,1
4,0.05,12,132,10,1.9252201752806286e-06,1.9896449465761634e-07,1
4,0.05,12,133,1,1.8940023594691944,3.3002071771798445,4
4,0.05,12,133,2,1.0085241455084297,1.8155764304594673,4
4,0.05,12,133,3,0.4367325495201797,0.8326939109126297,3
4,0.05,12,133,4,0.04752896976605925,0.051102768065372395,4
4,0.05,12,133,5,0.008797642539086326,0.011925389937847086,4
4,0.05,12,133,6,0.0016394949393330194,0.0008767864922489821,4
4,0.05,12,133,7,0.00033863165241498905,0.00012669387870367643,4
4,0.05,12,133,8,2.2182061526265784e-05,4.782878697540127e-06,3
4,0.05,12,133,9,3.7339890486265404e-06,1.2305742558282873e-07,1
4,0.05,12,133,10,8.334960135414349e-07,1.8035516191616807e-08,1
4,0.05,12,134,1,2.7226663918244594,4.699834388200173,6
4,0.05,12,134,2,1.6413034414261123,2.7364408344027975,6
4,0.05,12,134,3,0.7100322550217388,1.2534288910975508,6
4,0.05,12,134,4,0.13631199316207265,0.08710478560431589,4
4,0.05,12,134,5,0.032183050721394935,0.02057141744663582,4
4,0.05,12,134,6,0.00851463039559519,0.0016856991698039892,4
4,0.05,12,134,7,0.0008051458686377799,9.532772483389351e-05,3
4,0.05,12,134,8,4.601553969862948e-05,2.1866811739101877e-06,3
4,0.05,12,134,9,3.552713678800501e-15,1.7763568394002505e-15,1
4,0.05,12,134,10,-1.7763568394002505e-15,0.0,1
4,0.05,12,135,1,1.7738658001340717,2.907214772459646,8
4,0.05,12,135,2,0.8891619262668868,1.4236690041786275,6
4,0.05,12,135,3,0.335324564672586,0.5433221083528288,6
4,0.05,12,135,4,0.0609108475407627,0.0829636268835241,5
4,0.05,12,135,5,0.014515559414238766,0.006839069255772934,6
4,0.05,12,135,6,0.0024560496916699037,0.0008289378126473679,5
4,0.05,12,135,7,0.0003902368928603295,5.278140632203332e-05,4
4,0.05,12,135,8,6.661231256188671e-05,3.792246879186223e-06,3
4,0.05,12,135,9,1.4271406374888329e-05,5.124253821264801e-07,2
4,0.05,12,135,10,1.091654930007735e-06,3.2075901046368926e-08,1
4,0.05,12,136,1,1.8527417730175184,2.9251175113999235,10
4,0.05,12,136,2,0.9645037641666683,1.6801924897763545,7
4,0.05,12,136,3,0.47920476286565616,0.8877966346988533,7
4,0.05,12,136,4,0.12300783732324128,0.15794978312531693,7
4,0.05,12,136,5,0.018742766486893103,0.04327546147509942,5
4,0.05,12,136,6,0.005999458574303063,0.006095367319528755,5
4,0.05,12,136,7,0.0005525136426580701,0.00010512197318846006,2
4,0.05,12,136,8,0.00022985770880090683,3.291385634796029e-05,1
4,0.05,12,136,9,5.6374159600025564e-05,1.6375296416626384e-05,1
4,0.05,12,136,10,1.6633935056020732e-05,2.2747374579523694e-06,1
4,0.05,12,137,1,1.966061008974327,3.3349729507800188,8
4,0.05,12,137,2,1.1664860075514678,1.982894397289142,8
4,0.05,12,137,3,0.2874536629895559,0.42776814775596694,8
4,0.05,12,137,4,0.02817531200199319,0.019291394089807845,6
4,0.05,12,137,5,0.005561396449442313,0.0021483393259842387,6
4,0.05,12,137,6,0.0007234331669341287,0.00012362948618260816,5
4,0.05,12,137,7,0.0001763006026163083,3.1060953986639106e-05,3
4,0.05,12,137,8,4.205004556823155e-05,3.220037845252932e-06,3
4,0.05,12,137,9,2.4358395478429884e-06,6.226159161570877e-07,1
4,0.05,12,137,10,5.26072261308741e-07,6.908195082644397e-08,1
4,0.05,12,138,1,2.562895949197925,4.296465533302001,4
4,0.05,12,138,2,1.5071301545078892,2.591431612005893,3
4,0.05,12,138,3,0.6417803223278806,1.1146356143176384,2
4,0.05,12,138,4,0.11206827406267017,0.23414424834669578,1
4,0.05,12,138,5,0.029102135738153123,0.025463514745671212,1
4,0.05,12,138,6,0.006403991689911237,0.0029745609733886624,4
4,0.05,12,138,7,0.0014894990457801072,0.0003426619628381644,4
4,0.05,12,138,8,0.0003079987268996831,6.905576593929652e-05,1
4,0.05,12,138,9,8.413393680761772e-05,1.0081427284092115e-05,1
4,0.05,12,138,10,1.891422066080395e-05,1.263934802153699e-06,1
4,0.05,12,139,1,1.308180504205252,2.2534122254579696,4
4,0.05,12,139,2,0.6894435270675956,1.1814421947493,4
4,0.05,12,139,3,0.23070771023304992,0.36691245092497304,4
4,0.05,12,139,4,0.021348450098059857,0.008436988021926162,3
4,0.05,12,139,5,0.000660669534928715,0.00022295415381723416,3
4,0.05,12,139,6,1.7763568394002505e-15,-8.881784197001252e-16,2
4,0.05,12,139,7,1.7763568394002505e-15,-1.7763568394002505e-15,2
4,0.05,12,139,8,-1.7763568394002505e-15,-1.7763568394002505e-15,1
4,0.05,12,139,9,-1.7763568394002505e-15,-1.7763568394002505e-15,1
4,0.05,12,139,10,1.7763568394002505e-15,-1.7763568394002505e-15,1
4,0.05,12,140,1,2.021251314815146,3.308767306604299,5
4,0.05,12,140,2,1.196437433294399,1.9702921561875364,4
4,0.05,12,140,3,0.2636248244352082,0.4135815433596566,4
4,0.05,12,140,4,0.052557231678814986,0.04031088547932882,5
4,0.05,12,140,5,0.0061992366492553685,0.003286379054616262,4
4,0.05,12,140,6,0.0009527748443449724,8.997259934773183e-05,5
4,0.05,12,140,7,0.00012186115856849256,6.712145816933912e-06,4
4,0.05,12,140,8,1.6397821934077683e-05,3.78211902685166e-07,3
4,0.05,12,140,9,1.7887058767485087e-06,5.742555586607523e-08,1
4,0.05,12,140,10,2.938810599317776e-07,2.145601030179023e-09,1
4,0.05,12,141,1,1.9549764848499116,3.063559075080885,9
4,0.05,12,141,2,1.4034688690737838,2.223074656220625,8
4,0.05,12,141,3,0.6941750302097187,1.063046362492317,8
4,0.05,12,141,4,0.06719537698442934,0.05121737289915451,6
4,0.05,12,141,5,0.010387830111817209,0.003789525583975717,5
4,0.05,12,141,6,0.0011335447452207603,0.00033986866460722354,5
4,0.05,12,141,7,0.0002608179431149438,9.008511750607795e-05,3
4,0.05,12,141,8,5.2332303155822046e-05,5.761160547734789e-06,2
4,0.05,12,141,9,6.81359238718926e-06,6.333237134725778e-07,1
4,0.05,12,141,10,7.801026011833301e-07,5.895162580316082e-08,1
4,0.05,12,142,1,2.213606223631025,3.7269910363906256,5
4,0.05,12,142,2,1.4172477779520989,2.29614905701262,5
4,0.05,12,142,3,0.408207926434514,0.6463708647268405,5
4,0.05,12,142,4,0.08329644550260795,0.05879881615330085,5
4,0.05,12,142,5,0.012213838959581835,0.004115296381529632,4
4,0.05,12,142,6,0.001463649623548946,0.0003863974667321912,5
4,0.05,12,142,7,0.0001948174938171121,2.5479879050216425e-05,4
4,0.05,12,142,8,9.893730295473802e-06,5.552257977825548e-07,3
4,0.05,12,142,9,0.0,-1.7763568394002505e-15,2
4,0.05,12,142,10,1.7763568394002505e-15,0.0,1
4,0.05,12,143,1,2.399140311808429,4.039797509918598,5
4,0.05,12,143,2,1.4674107910405123,2.5546340657750726,3
4,0.05,12,143,3,0.643273606589398,1.1140199889220703,5
4,0.05,12,143,4,0.09257335983893711,0.18039571220946637,5
4,0.05,12,143,5,0.029179039626844983,0.019952461778585118,5
4,0.05,12,143,6,0.008317284828487814,0.0022602698590228343,4
4,0.05,12,143,7,0.0014578625015513325,0.0003163941527706271,3
4,0.05,12,143,8,0.00040271853334417074,3.023364563858877e-05,2
4,0.05,12,143,9,5.514196855926912e-05,2.965635223617369e-06,2
4,0.05,12,143,10,4.549614633475585e-06,1.496526849109614e-07,1
4,0.05,12,144,1,1.9949825602638462,3.454880636935755,5
4,0.05,12,144,2,1.381447916369961,2.3290218297188225,4
4,0.05,12,144,3,0.4439746798644588,0.6091111610868438,4
4,0.05,12,144,4,0.09441152181285695,0.08170846409552635,3
4,0.05,12,144,5,0.009954428970123885,0.003459871603839204,2
4,0.05,12,144,6,0.0010428105242770158,0.0001690372626521608,2
4,0.05,12,144,7,6.550460120458013e-05,4.282896267859826e-06,1
4,0.05,12,144,8,3.552713678800501e-15,-1.7763568394002505e-15,3
4,0.05,12,144,9,1.7763568394002505e-15,0.0,2
4,0.05,12,144,10,-1.7763568394002505e-15,0.0,1
4,0.05,12,145,1,2.3196815902259686,3.8492004264262984,3
4,0.05,12,145,2,1.4340937612859221,2.332573770659071,3
4,0.05,12,145,3,0.6117117480373153,1.01824312241554,3
4,0.05,12,145,4,0.10512559220967432,0.13998882005537716,3
4,0.05,12,145,5,0.03509359241078869,0.05878360106100722,5
4,0.05,12,145,6,0.008402311260191198,0.003320329434777669,3
4,0.05,12,145,7,0.002261052999143587,0.0009230739182886083,3
4,0.05,12,145,8,0.00017848866967185018,4.527230043471775e-05,2
4,0.05,12,145,9,1.167027711979074e-05,1.1856497881268524e-06,2
4,0.05,12,145,10,4.4661095977005516e-07,9.781469856307012e-09,1
4,0.05,12,146,1,2.5264205077893997,4.1870071221502805,3
4,0.05,12,146,2,1.5070771793549813,2.503068015966784,6
4,0.05,12,146,3,0.9900548943270291,1.6055760969422543,6
4,0.05,12,146,4,0.10295819635605596,0.13418065488126008,2
4,0.05,12,146,5,0.05368956188676144,0.09476670439124302,6
4,0.05,12,146,6,0.005758939204113744,0.0028253350960287804,2
4,0.05,12,146,7,0.001339804075914941,0.0005192308548327418,3
4,0.05,12,146,8,0.00037373687573172276,9.492184240755819e-05,3
4,0.05,12,146,9,6.177015391095608e-05,6.849900151095767e-06,2
4,0.05,12,146,10,7.251092265292414e-06,8.970479505876483e-07,1
4,0.05,12,147,1,2.0190231782097054,3.3813338674413522,8
4,0.05,12,147,2,0.9816843600812089,1.6945098129294465,8
4,0.05,12,147,3,0.5626997178903448,0.9381040949981267,6
4,0.05,12,147,4,0.1268338871585275,0.17779897575032955,5
4,0.05,12,147,5,0.025009268788666716,0.016799412805304392,5
4,0.05,12,147,6,0.005557102918569257,0.0015978535881906453,3
4,0.05,12,147,7,0.001242958675888417,0.0002858412079458361,1
4,0.05,12,147,8,0.0005247979246654211,6.645920294623409e-05,1
4,0.05,12,147,9,6.065848955039144e-05,4.538010820454019e-06,1
4,0.05,12,147,10,1.1168423554863693e-05,2.414103921211108e-07,1
4,0.05,12,148,1,2.5701609977355186,4.27888737885031,5
4,0.05,12,148,2,1.1855432110818551,1.987259780777734,6
4,0.05,12,148,3,0.4813719999367443,0.8348697538378245,7
4,0.05,12,148,4,0.1717034874665515,0.2657770810211053,6
4,0.05,12,148,5,0.02844326285311638,0.01768077334932805,5
4,0.05,12,148,6,0.0043649640306462345,0.001464103761616542,2
4,0.05,12,148,7,0.0009373826921184047,0.00011478394749708798,2
4,0.05,12,148,8,0.0006047733213687678,4.6633432601694835e-05,2
4,0.05,12,148,9,2.7880038123484496e-05,9.509650507055767e-07,1
4,0.05,12,148,10,1.0012674547255074e-06,1.6267748037535057e-08,1
4,0.05,12,149,1,2.006062213260357,3.281034404398307,2
4,0.05,12,149,2,1.433049383793449,2.539173303209637,3
4,0.05,12,149,3,0.6100274652051318,1.102579431844683,2
4,0.05,12,149,4,0.10600943670441865,0.11618051989442257,4
4,0.05,12,149,5,0.020583974492929258,0.012101186785945295,3
4,0.05,12,149,6,0.007304889431054562,0.0020404992658740184,2
4,0.05,12,149,7,0.0014481184718491136,0.00023893977161737467,1
4,0.05,12,149,8,9.839872568306873e-06,7.171155420593323e-07,1
4,0.05,12,149,9,2.285685502201318e-06,9.592876892838831e-08,2
4,0.05,12,149,10,4.5370719270465543e-07,1.2917158898062553e-08,1
4,0.05,12,150,1,2.0818486089186283,3.5715515750516396,3
4,0.05,12,150,2,1.2772733554310616,2.193856469691653,3
4,0.05,12,150,3,0.515426735479048,0.9529862057198137,5
4,0.05,12,150,4,0.09905061981490171,0.09787661213057053,2
4,0.05,12,150,5,0.03434643916584079,0.07128366158424182,3
4,0.05,12,150,6,0.011133606851066347,0.010849681114715182,2
4,0.05,12,150,7,0.002142600675686168,0.0006223598759405036,3
4,0.05,12,150,8,0.0004985831992723178,5.832849131337525e-05,2
4,0.05,12,150,9,3.600417958438129e-05,2.377753576254804e-06,2
4,0.05,12,150,10,4.998780198661734e-07,1.5067149305991734e-08,1
4,0.05,12,151,1,2.4266238388764183,4.082899770548696,3
4,0.05,12,151,2,1.7170100383303915,2.8183996076317435,3
4,0.05,12,151,3,0.789195163315906,1.2137541875927607,3
4,0.05,12,151,4,0.16063345280584151,0.15185050859699167,1
4,0.05,12,151,5,0.02333458039113978,0.009928794538570429,1
4,0.05,12,151,6,0.005379072804364782,0.0013644682602791391,1
4,0.05,12,151,7,0.0005313625047218551,0.0001688671237261019,3
4,0.05,12,151,8,0.00011956863463602474,1.1316993896670624e-05,3
4,0.05,12,151,9,3.812951896442485e-05,3.621964161482083e-06,1
4,0.05,12,151,10,1.020751133573583e-05,2.5224671951207256e-07,1
4,0.05,12,152,1,2.1507790673364404,3.579125625824016,2
4,0.05,12,152,2,1.4521547002725583,2.3683326620408884,2
4,0.05,12,152,3,0.777682628554599,1.2531178772421487,2
4,0.05,12,152,4,0.10639399817201323,0.12137206676758261,2
4,0.05,12,152,5,0.047255119306548465,0.03406741399852464,2
4,0.05,12,152,6,0.005537565024615887,0.0017409281682283506,2
4,0.05,12,152,7,0.0010210516173039252,0.00026898251481100033,2
4,0.05,12,152,8,0.00010600255758319577,1.3847569098501822e-05,1
4,0.05,12,152,9,1.1626783470219948e-05,8.613213786645701e-07,2
4,0.05,12,152,10,1.2443855563759598e-06,4.612556914196375e-08,1
4,0.05,12,153,1,1.7123381548419871,2.7583145084096685,2
4,0.05,12,153,2,1.0099428242405395,1.7057646337990207,8
4,0.05,12,153,3,0.4942143342531029,0.8501428268178843,8
4,0.05,12,153,4,0.04835569614178681,0.07756816689402335,7
4,0.05,12,153,5,0.012525066352802483,0.00793504077103968,6
4,0.05,12,153,6,0.00609879197287988,0.002348781641726916,5
4,0.05,12,153,7,0.0003672718787584017,7.591297589737422e-05,4
4,0.05,12,153,8,8.68837409733203e-05,1.3693445307438878e-05,2
4,0.05,12,153,9,3.74704949130944e-05,4.323343025802728e-06,2
4,0.05,12,153,10,6.901691529392906e-06,3.451751844352202e-07,1
4,0.05,12,154,1,1.6850483538174679,2.7217509173236927,2
4,0.05,12,154,2,0.5567707689803125,0.967219684638807,9
4,0.05,12,154,3,0.12950365422534382,0.1343354461067543,6
4,0.05,12,154,4,0.06243723164971371,0.06452141150500346,7
4,0.05,12,154,5,0.009880636573573298,0.003004683457042745,6
4,0.05,12,154,6,0.0013619580794141939,0.0003839926188886622,5
4,0.05,12,154,7,0.0001970742257029201,4.446272886049485e-05,2
4,0.05,12,154,8,2.0175919095422046e-05,3.0613868950979395e-06,3
4,0.05,12,154,9,1.1351831064487783e-05,1.0221524000542104e-06,2
4,0.05,12,154,10,6.27217225712684e-07,1.7238072302916407e-08,1
4,0.05,12,155,1,1.6518194316325676,2.770815620735414,7
4,0.05,12,155,2,1.0910213487731646,1.7751200959710758,9
4,0.05,12,155,3,0.6010360124705727,0.9910436526712676,8
4,0.05,12,155,4,0.08140162304336229,0.086515395264815,7
4,0.05,12,155,5,0.015609976636341116,0.011156475373896413,4
4,0.05,12,155,6,0.002653011056821697,0.0005241858660189891,3
4,0.05,12,155,7,0.0007770524069208307,0.00021579188044018593,4
4,0.05,12,155,8,0.00015574751701308287,1.0185802176820857e-05,3
4,0.05,12,155,9,7.105427357601002e-15,0.0,1
4,0.05,12,155,10,3.552713678800501e-15,0.0,1
4,0.05,12,156,1,1.8372773750808253,2.95980347989717,3
4,0.05,12,156,2,1.1968073800216086,2.0706228482928335,8
4,0.05,12,156,3,0.658084046762653,0.9915084015592512,7
4,0.05,12,156,4,0.10689868970441907,0.11676960481309706,7
4,0.05,12,156,5,0.01023718112466554,0.007135886253292867,1
4,0.05,12,156,6,0.0024814281061029675,0.0006048383091474818,5
4,0.05,12,156,7,0.0004105633747020221,0.00014350179551847475,4
4,0.05,12,156,8,4.7679297439984225e-05,6.121666970670958e-06,3
4,0.05,12,156,9,1.957366568916541e-05,4.3466431662864125e-06,1
4,0.05,12,156,10,7.866794074828931e-06,7.499976764080429e-07,1
4,0.05,12,157,1,2.0160340059211954,3.4895510282619284,5
4,0.05,12,157,2,1.4130999124706705,2.4765410008637456,4
4,0.05,12,157,3,0.6337694246055072,1.0712602170253849,3
4,0.05,12,157,4,0.12174725969320477,0.13524598186976,3
4,0.05,12,157,5,0.03467532532036621,0.03129643646693481,2
4,0.05,12,157,6,0.011114185159367906,0.0035713894798368173,1
4,0.05,12,157,7,0.0011011946635495207,0.00019672828748618088,1
4,0.05,12,157,8,0.0003096266328892483,3.935075303296287e-05,3
4,0.05,12,157,9,6.509284128419779e-05,6.465221732199211e-06,2
4,0.05,12,157,10,1.6621881169243125e-05,5.570617140904233e-07,1
4,0.05,12,158,1,2.6996475706805363,4.687231036350685,4
4,0.05,12,158,2,1.5725057286987862,2.6071752118793743,5
4,0.05,12,158,3,0.7541002787231044,1.2877324973705555,2
4,0.05,12,158,4,0.148708721500471,0.26641138618373184,3
4,0.05,12,158,5,0.06927065978659286,0.16533043790176016,5
4,0.05,12,158,6,0.03275951449807657,0.030508210606855712,5
4,0.05,12,158,7,0.00565710209864001,0.004844786849604432,3
4,0.05,12,158,8,0.0012585438682677363,0.0003024913285134545,3
4,0.05,12,158,9,0.00021801719284120225,2.0407769657282415e-05,2
4,0.05,12,158,10,5.0051088111402464e-05,1.4916103214801524e-06,1
4,0.05,12,159,1,2.702399103592553,4.655605750117246,3
4,0.05,12,159,2,1.572661892052631,2.665808844466426,4
4,0.05,12,159,3,1.0515065339782836,1.76352536425828,3
4,0.05,12,159,4,0.24947996264389083,0.2985836430642035,6
4,0.05,12,159,5,0.03882212254667827,0.022789867972242916,6
4,0.05,12,159,6,0.009812261590363747,0.004093105877164049,4
4,0.05,12,159,7,0.0012447402207005354,0.0003777795250421434,3
4,0.05,12,159,8,0.00011146041700804687,1.4162905619841126e-05,3
4,0.05,12,159,9,2.7770681183980628e-05,1.5416115211053238e-06,1
4,0.05,12,159,10,2.5284120148683087e-06,5.7883021042925975e-08,1
4,0.05,12,160,1,1.87603664910284,3.1550466444284044,9
4,0.05,12,160,2,0.9545670947770688,1.6659513957658838,8
4,0.05,12,160,3,0.452461407541465,0.8357608599407254,5
4,0.05,12,160,4,0.11011223449478713,0.17163279738540993,5
4,0.05,12,160,5,0.018121520883624953,0.014613268309187966,5
4,0.05,12,160,6,0.006822076370353258,0.0022784273079157202,5
4,0.05,12,160,7,0.00024027283373762032,0.00010245025959321197,3
4,0.05,12,160,8,7.510771390073501e-05,1.1021136836930623e-05,3
4,0.05,12,160,9,1.0276414361243269e-05,4.5753933441972094e-07,2
4,0.05,12,160,10,2.6653754794381257e-06,6.938661201161267e-08,1
4,0.05,12,161,1,2.1553382573290953,3.4795857292512142,7
4,0.05,12,161,2,1.2490319815703508,2.059097225835645,6
4,0.05,12,161,3,0.348490975945527,0.5059298022099838,5
4,0.05,12,161,4,0.08412524495319751,0.12099284819333089,4
4,0.05,12,161,5,0.028647599885687214,0.015048565770740652,4
4,0.05,12,161,6,0.0035272422138792336,0.0011867370238451969,2
4,0.05,12,161,7,0.0009755156652548891,0.00010286109690937906,2
4,0.05,12,161,8,8.592372561366801e-05,2.8090896577737112e-06,1
4,0.05,12,161,9,5.3929138221775474e-06,2.2821131651085125e-07,2
4,0.05,12,161,10,5.057568799315959e-07,6.5224927681128975e-09,1
4,0.05,12,162,1,1.9489894233676583,3.327234985764111,4
4,0.05,12,162,2,1.2495046260126568,2.040821254522717,5
4,0.05,12,162,3,0.31424725586698266,0.36827515753198714,6
4,0.05,12,162,4,0.12131244535047792,0.08696468476640895,5
4,0.05,12,162,5,0.02369067205124864,0.015340850691101693,4
4,0.05,12,162,6,0.005437479131243705,0.0017707034376108766,3
4,0.05,12,162,7,0.00047046455707011603,6.340170900642761e-05,2
4,0.05,12,162,8,0.0002151041951989896,2.1480848003463393e-05,1
4,0.05,12,162,9,5.329070518200751e-15,0.0,1
4,0.05,12,162,10,-1.2434497875801753e-14,-1.7763568394002505e-15,1
4,0.05,12,163,1,2.3038558571856615,3.974775056286745,5
4,0.05,12,163,2,1.632945523590509,2.7196063824743604,5
4,0.05,12,163,3,1.0537732351474194,1.8518172042584045,5
4,0.05,12,163,4,0.1816538955306406,0.34210088024101104,5
4,0.05,12,163,5,0.06184889314298836,0.0817642847526816,5
4,0.05,12,163,6,0.022851890234075967,0.010055116951312115,5
4,0.05,12,163,7,0.003097296338244959,0.0027717238972115865,3
4,0.05,12,163,8,0.0011366229225586721,0.00025884152220712053,3
4,0.05,12,163,9,-1.7763568394002505e-15,0.0,1
4,0.05,12,163,10,-5.329070518200751e-15,0.0,1
4,0.05,12,164,1,2.7419800142606423,4.698971826178541,8
4,0.05,12,164,2,1.9876723041214905,3.3977036210485867,7
4,0.05,12,164,3,1.071838360508595,1.8625814987706715,6
4,0.05,12,164,4,0.3206425690710635,0.5558583816579556,5
4,0.05,12,164,5,0.06616562617491262,0.09369399030099146,4
4,0.05,12,164,6,0.028913198907824622,0.011466445550567528,5
4,0.05,12,164,7,0.0035029362369680683,0.0010325483737112506,4
4,0.05,12,164,8,0.0013628281831969957,0.0005023883953558794,1
4,0.05,12,164,9,0.00017751758108452975,3.910954867691885e-05,1
4,0.05,12,164,10,8.736207323600809e-05,8.46418586775144e-06,1
4,0.05,12,165,1,2.1671731927865086,3.4448161926225875,2
4,0.05,12,165,2,1.3484889258120294,2.156827226862397,4
4,0.05,12,165,3,0.4176814525431336,0.8271743420979307,8
4,0.05,12,165,4,0.09657951573126233,0.07462684129369279,2
4,0.05,12,165,5,0.011530139955155505,0.00953535853442844,1
4,0.05,12,165,6,0.0022950499205016683,0.000641761805940888,2
4,0.05,12,165,7,0.000279794445335213,7.72920334455307e-05,1
4,0.05,12,165,8,3.032173448147546e-05,5.0487795419940085e-06,3
4,0.05,12,165,9,7.444963346259215e-06,5.699757572585895e-07,2
4,0.05,12,165,10,1.001101457731579e-06,7.583565242441637e-08,1
4,0.05,12,166,1,2.395187523953094,4.086459822774355,5
4,0.05,12,166,2,1.4701844935460038,2.598082778702743,5
4,0.05,12,166,3,1.0405006117631768,1.7624176594559255,5
4,0.05,12,166,4,0.19965066412953725,0.34773945128050876,5
4,0.05,12,166,5,0.03438337657462753,0.02997624421344458,5
4,0.05,12,166,6,0.020808502408328877,0.010435920137984667,5
4,0.05,12,166,7,0.001764958516673687,0.0004514715397014868,3
4,0.05,12,166,8,0.0006832413711830299,8.735500415291142e-05,3
4,0.05,12,166,9,3.552713678800501e-15,0.0,1
4,0.05,12,166,10,3.552713678800501e-15,1.7763568394002505e-15,1
4,0.05,12,167,1,2.2527719045951393,3.944228705245923,3
4,0.05,12,167,2,1.193398587330794,2.1034831771422553,6
4,0.05,12,167,3,0.6318477146298349,1.1148506509770186,4
4,0.05,12,167,4,0.13951730113244665,0.20250398238984157,4
4,0.05,12,167,5,0.06133272204640505,0.08469489108091288,3
4,0.05,12,167,6,0.022452756170679322,0.04758150896440938,2
4,0.05,12,167,7,0.0026645653232773014,0.0014593410495198356,1
4,0.05,12,167,8,0.00013666923589639168,1.5266898602206425e-05,3
4,0.05,12,167,9,4.709624164966897e-05,5.320628275740091e-06,2
4,0.05,12,167,10,6.191876250838391e-06,2.236960963131196e-07,1
4,0.05,12,168,1,2.5268858610327722,4.140556943004189,7
4,0.05,12,168,2,1.6812371299761235,2.6690724944041833,6
4,0.05,12,168,3,0.7631891897164476,1.2391459978303576,5
4,0.05,12,168,4,0.27763157755424217,0.3912117140794562,4
4,0.05,12,168,5,0.033995105077062604,0.027623968376703445,3
4,0.05,12,168,6,0.009848804348878915,0.0050016319362509165,2
4,0.05,12,168,7,0.0023142854058342266,0.001163417816890444,1
4,0.05,12,168,8,0.00013902425997969203,2.7926510293596607e-05,3
4,0.05,12,168,9,2.4165883043991698e-05,1.2017882031756244e-06,1
4,0.05,12,168,10,5.729779882557295e-06,3.7016327247840763e-07,1
4,0.05,12,169,1,1.8698195325029126,3.2052798185900286,4
4,0.05,12,169,2,1.0738958433669517,1.795122799533468,8
4,0.05,12,169,3,0.24516001755071315,0.45697633041444163,8
4,0.05,12,169,4,0.05147492152157085,0.048080232719900806,6
4,0.05,12,169,5,0.012672663614814894,0.009123528672495773,5
4,0.05,12,169,6,0.0029429249995054363,0.0011871986129836642,4
4,0.05,12,169,7,0.0006018526252802303,0.00014411660192870102,4
4,0.05,12,169,8,8.29866808285118e-05,7.782012300339147e-06,2
4,0.05,12,169,9,1.2392423563767352e-05,7.447164769303072e-07,2
4,0.05,12,169,10,4.615952029496384e-07,1.8604689344670078e-08,1
4,0.05,12,170,1,1.7359102185957784,2.8262212220038094,6
4,0.05,12,170,2,0.9745217498659517,1.6867170794445112,7
4,0.05,12,170,3,0.3384716753889343,0.45442773672718584,6
4,0.05,12,170,4,0.02339956212707328,0.019958036344113417,7
4,0.05,12,170,5,0.009052587065022877,0.009093113239343253,2
4,0.05,12,170,6,0.0021895292195903693,0.0007878716536104946,2
4,0.05,12,170,7,0.0005902628366545315,0.0003269936292555897,2
4,0.05,12,170,8,6.63584152587049e-05,3.347245176499314e-05,1
4,0.05,12,170,9,1.2702192588420758e-05,1.5041948113747594e-06,2
4,0.05,12,170,10,1.4783467428003405e-06,1.572149752604446e-07,1
4,0.05,12,171,1,2.2058692569850464,3.6117781141809413,5
4,0.05,12,171,2,1.082534046085751,1.881019626761546,5
4,0.05,12,171,3,0.5726360504644834,0.9990178909398004,7
4,0.05,12,171,4,0.1309889619183977,0.12936571054184043,2
4,0.05,12,171,5,0.027649221385804168,0.020053235732312658,5
4,0.05,12,171,6,0.006959611930176024,0.007176490275092817,4
4,0.05,12,171,7,0.0015905358961596505,0.000923842620782267,4
4,0.05,12,171,8,0.00037298989194134435,4.954648882460333e-05,2
4,0.05,12,171,9,7.138492562042131e-05,7.850084667637702e-06,2
4,0.05,12,171,10,9.761163619614877e-06,7.688428720342699e-07,1
4,0.05,12,172,1,1.946278546691115,3.2881399668752387,2
4,0.05,12,172,2,0.9727223478127591,1.495463265624597,2
4,0.05,12,172,3,0.15652204568555916,0.2009696469605302,8
4,0.05,12,172,4,0.013327824829591606,0.00954693506584281,3
4,0.05,12,172,5,0.010263516479460222,0.006138204460361507,3
4,0.05,12,172,6,0.0017811233933393567,0.0006406766323117097,2
4,0.05,12,172,7,8.119222665747827e-05,1.5557560718804098e-05,1
4,0.05,12,172,8,3.552713678800501e-15,-3.552713678800501e-15,1
4,0.05,12,172,9,3.552713678800501e-15,0.0,2
4,0.05,12,172,10,3.552713678800501e-15,0.0,1
4,0.05,12,173,1,2.264640420532171,3.7935402417721757,7
4,0.05,12,173,2,1.2705573586931855,2.160670968499236,7
4,0.05,12,173,3,0.5433176815057621,0.8923624014520923,4
4,0.05,12,173,4,0.1147880464075044,0.15753843861713257,4
4,0.05,12,173,5,0.026833943450743192,0.012952238571575236,4
4,0.05,12,173,6,0.006064029256659609,0.0010584316288690943,4
4,0.05,12,173,7,0.0005587556695978435,8.690069935113343e-05,3
4,0.05,12,173,8,0.00010199212215411535,5.425844110007461e-06,2
4,0.05,12,173,9,2.3407617879556142e-05,8.562827442659682e-07,1
4,0.05,12,173,10,1.9443674972308145e-06,4.34571756358082e-08,1
4,0.05,12,174,1,1.5622396128865308,2.7264519333753103,4
4,0.05,12,174,2,0.6984106506320966,1.2167011452466543,3
4,0.05,12,174,3,0.580611545360437,0.9178824687318832,2
4,0.05,12,174,4,0.07667708330695255,0.07448294955954005,2
4,0.05,12,174,5,0.008623828589074733,0.0025085972343745766,2
4,0.05,12,174,6,0.0022236914342510516,0.0003713725295524384,2
4,0.05,12,174,7,0.00018940717886550829,1.4890648592391642e-05,1
4,0.05,12,174,8,6.065505500885138e-05,6.604644163132889e-06,2
4,0.05,12,174,9,5.464928506171418e-06,2.8992620570988947e-07,1
4,0.05,12,174,10,5.01693859789043e-07,1.0758707702507309e-08,1
4,0.05,12,175,1,1.8668681078953426,3.174429595359099,3
4,0.05,12,175,2,0.7114913448205868,1.1806776003845396,3
4,0.05,12,175,3,0.16867396771179166,0.3314336543736136,8
4,0.05,12,175,4,0.04017162019679077,0.03584605558823917,7
4,0.05,12,175,5,0.005204961331870095,0.00232649551619879,6
4,0.05,12,175,6,1.7763568394002505e-15,-2.6645352591003757e-15,1
4,0.05,12,175,7,1.7763568394002505e-15,-2.6645352591003757e-15,1
4,0.05,12,175,8,0.0,-1.7763568394002505e-15,3
4,0.05,12,175,9,0.0,-1.7763568394002505e-15,1
4,0.05,12,175,10,-3.552713678800501e-15,-3.552713678800501e-15,1
4,0.05,12,176,1,2.7528099860477884,4.701667443858854,5
4,0.05,12,176,2,1.7037491687070254,2.8830616982723765,5
4,0.05,12,176,3,0.755045503724249,1.2894802053751597,5
4,0.05,12,176,4,0.17549276996695085,0.29174925138025287,3
4,0.05,12,176,5,0.05354696757156674,0.09881338916690297,2
4,0.05,12,176,6,0.009735436161708577,0.003649201986447359,1
4,0.05,12,176,7,0.0017844391640355894,0.0006762565716496027,2
4,0.05,12,176,8,0.00032423925750357796,7.833079409635957e-05,2
4,0.05,12,176,9,5.474787456094532e-05,2.7600784573422743e-06,1
4,0.05,12,176,10,4.192808262359904e-06,1.1161296242789831e-07,1
4,0.05,12,177,1,2.8641044863128133,4.7121373400554685,8
4,0.05,12,177,2,2.0580504999485445,3.363580235545127,8
4,0.05,12,177,3,0.8426300890769571,1.3349235575332425,8
4,0.05,12,177,4,0.12000313384223738,0.1632902260149791,6
4,0.05,12,177,5,0.024917318715758086,0.014335011153931099,5
4,0.05,12,177,6,0.005464425370949044,0.002902683553429597,2
4,0.05,12,177,7,0.0008508273902361196,0.0004450042344750216,3
4,0.05,12,177,8,0.0004404233139219116,9.689902133303008e-05,2
4,0.05,12,177,9,2.3303556821119287e-05,3.472501187928856e-06,1
4,0.05,12,177,10,1.1802414121575566e-06,8.54811652573062e-08,1
4,0.05,12,178,1,1.8706975526292862,3.2140706364916785,9
4,0.05,12,178,2,0.9681991865151343,1.7361071974975282,6
4,0.05,12,178,3,0.6101737403854521,1.0472564707682306,6
4,0.05,12,178,4,0.11778571052365372,0.10720530897850367,5
4,0.05,12,178,5,0.021974582947549948,0.012771444437907675,1
4,0.05,12,178,6,0.003120865426797792,0.0005525723418973172,1
4,0.05,12,178,7,0.001396594032881282,0.0002868107286175814,2
4,0.05,12,178,8,0.00051222970055953,3.979248030816507e-05,1
4,0.05,12,178,9,4.242101044305002e-05,1.8634418399443575e-06,1
4,0.05,12,178,10,1.1428078547481846e-05,2.3482401445562573e-07,1
4,0.05,12,179,1,2.483425031675571,3.964380961239261,2
4,0.05,12,179,2,1.476881282880674,2.5285916944219995,3
4,0.05,12,179,3,0.6263930776971289,1.1041421309705566,3
4,0.05,12,179,4,0.09608672459840228,0.06866968161798148,2
4,0.05,12,179,5,0.020526100484914878,0.019030694431481088,3
4,0.05,12,179,6,0.005025216345368122,0.0010647506611496382,2
4,0.05,12,179,7,0.0002831344630234156,8.157214612225516e-05,1
4,0.05,12,179,8,5.329070518200751e-15,1.7763568394002505e-15,1
4,0.05,12,179,9,3.552713678800501e-15,3.552713678800501e-15,2
4,0.05,12,179,10,5.329070518200751e-15,1.7763568394002505e-15,1
4,0.05,12,180,1,2.0088615971271544,3.3846522321485075,6
4,0.05,12,180,2,1.2800401550002292,2.0901191011448734,5
4,0.05,12,180,3,0.482727200446913,0.7319312083171106,5
4,0.05,12,180,4,0.1544043419805341,0.12234379914198534,5
4,0.05,12,180,5,0.021028123468848747,0.007730252489411171,4
4,0.05,12,180,6,0.002431421340697071,0.00036197813659111233,3
4,0.05,12,180,7,0.00021175420379826448,3.7368845278606955e-05,1
4,0.05,12,180,8,7.704311116363272e-05,5.089955209314212e-06,1
4,0.05,12,180,9,4.095700072426212e-06,1.156108080380136e-07,1
4,0.05,12,180,10,3.968083550631718e-07,6.785244366369625e-09,1
4,0.05,12,181,1,2.023651977230992,3.4104930959763315,3
4,0.05,12,181,2,1.0649655597354357,1.546002900973015,1
4,0.05,12,181,3,0.3995668055554855,0.4990824411206356,1
4,0.05,12,181,4,0.08322159779166327,0.11698509859131612,3
4,0.05,12,181,5,0.012382162558546739,0.009212336372657504,3
4,0.05,12,181,6,0.003523253826532624,0.0010647592350299107,1
4,0.05,12,181,7,0.0006114992636963024,0.00012282256605189446,1
4,0.05,12,181,8,2.369016041825489e-05,2.3392750101436377e-06,3
4,0.05,12,181,9,7.707028000680793e-06,2.252968585025883e-07,1
4,0.05,12,181,10,1.1167798916744687e-06,2.4836124268290405e-08,1
4,0.05,12,182,1,2.135337545096151,3.400445220842915,5
4,0.05,12,182,2,1.280125587761761,2.1074283903883515,8
4,0.05,12,182,3,0.5706035432021022,0.9778387119759344,7
4,0.05,12,182,4,0.10931300702558033,0.15860279979553837,2
4,0.05,12,182,5,0.03060183097189828,0.018568758280490094,5
4,0.05,12,182,6,0.013122055318874004,0.0074753280951682655,2
4,0.05,12,182,7,0.0010335194780370927,0.00024369968832615996,1
4,0.05,12,182,8,0.00041251208103609827,7.938146969266313e-05,2
4,0.05,12,182,9,3.5258941210258854e-05,2.3470166361505562e-06,1
4,0.05,12,182,10,7.321600090648417e-07,1.175935970820774e-08,1
4,0.05,12,183,1,2.214975117587951,3.937493775909342,4
4,0.05,12,183,2,1.1339727345906851,2.0033090600795376,3
4,0.05,12,183,3,0.4377531439711131,0.8357579418349266,1
4,0.05,12,183,4,0.059962302762277986,0.13225388486963308,1
4,0.05,12,183,5,0.027524074325791403,0.014411346451286278,1
4,0.05,12,183,6,0.002805629254773123,0.0009879047973742061,2
4,0.05,12,183,7,0.00038796350932734924,5.533889112374624e-05,2
4,0.05,12,183,8,0.00012722176182577982,1.4559634145427935e-05,2
4,0.05,12,183,9,1.943627873579601e-05,1.7920456016895514e-06,1
4,0.05,12,183,10,1.0658141036401503e-14,0.0,1
4,0.05,12,184,1,2.132837971611238,3.552302235723751,4
4,0.05,12,184,2,1.2641107573529737,2.1231516194670537,7
4,0.05,12,184,3,0.7102067177495659,1.0597347921184532,7
4,0.05,12,184,4,0.10865183595793404,0.19499639985579797,5
4,0.05,12,184,5,0.030204377012868378,0.035000197442572656,4
4,0.05,12,184,6,0.01282940108393582,0.007215215597822677,3
4,0.05,12,184,7,0.001758014179092271,0.000664505372483859,2
4,0.05,12,184,8,0.0003960788817920502,4.366627888963137e-05,3
4,0.05,12,184,9,8.257455604798736e-05,6.256973607676741e-06,2
4,0.05,12,184,10,1.6870290870940607e-05,4.829249480309272e-07,1
4,0.05,12,185,1,2.5469627103364516,4.193968314129586,3
4,0.05,12,185,2,1.521452531759948,2.5475779482536414,3
4,0.05,12,185,3,0.7322617482402816,1.1322687691865205,7
4,0.05,12,185,4,0.14480880693141174,0.1521072561911163,6
4,0.05,12,185,5,0.043332643486454714,0.03394094760468214,5
4,0.05,12,185,6,0.013946690282953256,0.011401629340008768,2
4,0.05,12,185,7,0.0039452828042954025,0.0010935681688284404,3
4,0.05,12,185,8,0.0015691460432982751,0.0003710923317896686,2
4,0.05,12,185,9,0.00015479582905264522,2.117792784872563e-05,2
4,0.05,12,185,10,8.571029606940783e-06,3.0530312677967686e-07,1
4,0.05,12,186,1,1.7880054084177388,3.1789729097646564,3
4,0.05,12,186,2,1.1872525213748961,1.9704728889877288,2
4,0.05,12,186,3,0.6356672505213208,1.0337153707837974,1
4,0.05,12,186,4,0.07012601708352761,0.0655474053517251,2
4,0.05,12,186,5,0.017210528193102093,0.009680000559509239,1
4,0.05,12,186,6,0.007692419051501531,0.004184580149708239,4
4,0.05,12,186,7,0.0008755073070503272,0.0003074166956009705,3
4,0.05,12,186,8,0.00012459348408100368,8.087258940747688e-06,2
4,0.05,12,186,9,3.0430391031899262e-05,1.4028995547477052e-06,1
4,0.05,12,186,10,3.812825053017832e-06,7.713255101293726e-08,1
4,0.05,12,187,1,2.086071443429967,3.5785791117833643,8
4,0.05,12,187,2,1.267085614778134,2.0734746758771436,4
4,0.05,12,187,3,0.530618529629761,0.9156115539380068,6
4,0.05,12,187,4,0.06026391740777193,0.11402691128978226,2
4,0.05,12,187,5,0.023938811264542892,0.04972792487447908,3
4,0.05,12,187,6,0.008682799254769336,0.006101115355518161,3
4,0.05,12,187,7,0.001433240357998855,0.000489240965780624,1
4,0.05,12,187,8,0.0004668918440007275,6.568040566712341e-05,1
4,0.05,12,187,9,6.47887716755946e-05,4.837397554524614e-06,1
4,0.05,12,187,10,1.1358086686286128e-05,2.3301394591612734e-07,1
4,0.05,12,188,1,1.1994270395658368,1.8929384662927173,10
4,0.05,12,188,2,0.5737410100706288,1.0473748903298326,5
4,0.05,12,188,3,0.4241015143235849,0.8095117319433163,5
4,0.05,12,188,4,0.040425856184473474,0.08742327893583557,5
4,0.05,12,188,5,0.019057235570706155,0.04294957032868041,5
4,0.05,12,188,6,0.004532368166847434,0.002030311666258555,5
4,0.05,12,188,7,0.0004953199520603135,0.00010359136029869376,4
4,0.05,12,188,8,8.206066165072912e-05,2.730671203821089e-06,3
4,0.05,12,188,9,0.0,1.7763568394002505e-15,1
4,0.05,12,188,10,-7.105427357601002e-15,1.7763568394002505e-15,1
4,0.05,12,189,1,2.020419940770889,3.3069392415010874,7
4,0.05,12,189,2,1.1999305271513876,1.9714070413435643,7
4,0.05,12,189,3,0.3440953063357597,0.5394372331449446,7
4,0.05,12,189,4,0.06843237392556745,0.03838683672166887,2
4,0.05,12,189,5,0.016349631281235233,0.007513491917948478,2
4,0.05,12,189,6,0.003537283502263122,0.0014314253465439464,1
4,0.05,12,189,7,0.0006072231370115588,0.00012327459885597136,1
4,0.05,12,189,8,8.788619227750871e-05,7.919294567670931e-06,1
4,0.05,12,189,9,1.9890212119122452e-05,5.199806132338836e-07,2
4,0.05,12,189,10,4.28798683849152e-06,9.809047973874385e-08,1
4,0.05,12,190,1,2.137942699734456,3.5937177139566394,6
4,0.05,12,190,2,1.2378766503753518,1.9336527527129785,7
4,0.05,12,190,3,0.45776869463474057,0.652574609495284,6
4,0.05,12,190,4,0.08095746229192713,0.04600992277210736,5
4,0.05,12,190,5,0.018803296160822214,0.01963098046907419,1
4,0.05,12,190,6,0.0068706611906854675,0.0032261334517764695,1
4,0.05,12,190,7,0.0010263773878484983,0.00022166459038697184,2
4,0.05,12,190,8,0.0004525633328817946,6.118707644553467e-05,1
4,0.05,12,190,9,1.4600447508783532e-05,7.895410369940237e-07,1
4,0.05,12,190,10,5.872117679217581e-06,1.7686635445102183e-07,1
4,0.05,12,191,1,2.667631841470463,4.104144086668629,7
4,0.05,12,191,2,1.5341922421522618,2.4155790303441442,6
4,0.05,12,191,3,0.827987689838416,1.2461380907130764,8
4,0.05,12,191,4,0.06555968895182396,0.05704833857756331,3
4,0.05,12,191,5,0.026800974641041364,0.055879124251799084,5
4,0.05,12,191,6,0.02257670390337907,0.02736604990051994,5
4,0.05,12,191,7,0.0016828589522219772,0.0008203629013330271,4
4,0.05,12,191,8,0.0007696832624564109,0.0002543420199234703,3
4,0.05,12,191,9,0.00013693252300583936,3.6630807013438016e-05,2
4,0.05,12,191,10,2.771478653684767e-06,1.6925376300491735e-07,1
4,0.05,12,192,1,2.1996911657790204,3.6648685329057074,7
4,0.05,12,192,2,1.1520976894040036,1.991546385521195,8
4,0.05,12,192,3,0.8680725252233312,1.4312244255193178,7
4,0.05,12,192,4,0.11443913124839078,0.13772791074300805,6
4,0.05,12,192,5,0.0271219814717103,0.018189369969737967,5
4,0.05,12,192,6,0.0027448957725564327,0.0009993687291203202,4
4,0.05,12,192,7,0.001587054863936288,0.0003117604533802165,3
4,0.05,12,192,8,4.8162848822030924e-05,4.04097645301249e-06,3
4,0.05,12,192,9,0.0,0.0,1
4,0.05,12,192,10,0.0,0.0,1
4,0.05,12,193,1,2.7646719255599823,4.701353571595249,4
4,0.05,12,193,2,1.9348183409372783,3.3415810537296675,2
4,0.05,12,193,3,1.026114397480777,1.815760503047187,2
4,0.05,12,193,4,0.2110414406949257,0.31379033270505285,4
4,0.05,12,193,5,0.06107851694878086,0.08754512075360665,2
4,0.05,12,193,6,0.024693528345380855,0.013996805651386168,4
4,0.05,12,193,7,0.0028929809539324225,0.000950907671203538,1
4,0.05,12,193,8,0.0012379768663901558,0.00027618012888019905,2
4,0.05,12,193,9,0.0002021285400264361,3.0281813144128478e-05,1
4,0.05,12,193,10,1.4444073569208626e-05,1.2365604291630916e-06,1
4,0.05,12,194,1,2.743588819017173,4.583256079326878,2
4,0.05,12,194,2,1.4558013934679046,2.558294885640189,2
4,0.05,12,194,3,1.0237152964800966,1.7265579998046814,2
4,0.05,12,194,4,0.16183238230877883,0.3079967330538569,2
4,0.05,12,194,5,0.030561497679649108,0.02524256026008409,3
4,0.05,12,194,6,0.014544695497214377,0.0066388101361614105,2
4,0.05,12,194,7,0.0014645492510485525,0.0001957308611100217,1
4,0.05,12,194,8,0.0,0.0,1
4,0.05,12,194,9,-3.552713678800501e-15,3.552713678800501e-15,2
4,0.05,12,194,10,-1.7763568394002505e-15,0.0,1
4,0.05,12,195,1,1.5357177577609722,2.402911464757114,1
4,0.05,12,195,2,1.0899781847797598,1.8051504034569703,4
4,0.05,12,195,3,0.26528081220830835,0.3680811477784305,4
4,0.05,12,195,4,0.03659942758387302,0.024175097771536258,4
4,0.05,12,195,5,0.00517191629375624,0.0029358124610201486,1
4,0.05,12,195,6,0.0012633466985523256,0.000383793103945429,4
4,0.05,12,195,7,0.00021329534667735572,4.729444199824684e-05,4
4,0.05,12,195,8,1.2961282802592677e-05,1.2285972950110136e-06,3
4,0.05,12,195,9,5.958485182588902e-06,2.916869075164641e-07,1
4,0.05,12,195,10,9.746077989092328e-07,3.6458644103731785e-08,1
4,0.05,12,196,1,2.149855490588095,3.563134674796835,2
4,0.05,12,196,2,1.182969828962106,1.8980584648548877,1
4,0.05,12,196,3,0.5715109402249876,0.9715601673245997,7
4,0.05,12,196,4,0.04178175097776915,0.028044273534220565,7
4,0.05,12,196,5,0.01694051031057242,0.0051324626845570265,5
4,0.05,12,196,6,0.003733668727329942,0.0018915046622964837,2
4,0.05,12,196,7,0.0016548060788323937,0.0005775190791084128,3
4,0.05,12,196,8,0.0003893110532082744,6.268100952766531e-05,2
4,0.05,12,196,9,7.509466319888247e-05,4.694339176936069e-06,1
4,0.05,12,196,10,6.239770740990025e-06,1.3881142635341348e-07,1
4,0.05,12,197,1,2.865802694486762,4.661889524886652,3
4,0.05,12,197,2,1.742808079016152,2.7840916858466738,3
4,0.05,12,197,3,0.5216229361919602,0.902683417158066,7
4,0.05,12,197,4,0.13535713992312637,0.1619644304161456,7
4,0.05,12,197,5,0.02149179845492455,0.022530566138902586,2
4,0.05,12,197,6,0.007194620728427026,0.004308654885566199,1
4,0.05,12,197,7,0.0008339040051339452,0.0003000845914105099,4
4,0.05,12,197,8,0.0002758892100871435,5.281508854082517e-05,3
4,0.05,12,197,9,3.983221675873949e-05,4.904292561391799e-06,2
4,0.05,12,197,10,1.34245552736445e-05,9.34061414881171e-07,1
4,0.05,12,198,1,2.144626478072656,3.5650167372178174,4
4,0.05,12,198,2,0.8991624222279668,1.6826468236331404,3
4,0.05,12,198,3,0.41198610674085856,0.8334849514686278,3
4,0.05,12,198,4,0.021135823002206067,0.026183247170138202,5
4,0.05,12,198,5,0.01090899860765937,0.006757598958503586,5
4,0.05,12,198,6,0.0022535850272884517,0.0008086644645217689,4
4,0.05,12,198,7,0.0003878972835433814,0.0001227821212221869,4
4,0.05,12,198,8,4.552090762999228e-05,1.2847826937445461e-05,3
4,0.05,12,198,9,6.771643043634867e-06,2.7164701421611426e-07,1
4,0.05,12,198,10,1.0808781656379551e-06,4.8842036193263993e-08,1
4,0.05,12,199,1,2.509911568920703,4.224877033723857,8
4,0.05,12,199,2,1.6193575015673076,2.7561629433316366,2
4,0.05,12,199,3,1.037499622113133,1.7655749297116703,2
4,0.05,12,199,4,0.19231814931243107,0.2141608479926349,1
4,0.05,12,199,5,0.02902942179737167,0.02033093068021863,4
4,0.05,12,199,6,0.003902428480918374,0.0013217776680338744,1
4,0.05,12,199,7,0.001996509993325901,0.0006634965025380524,2
4,0.05,12,199,8,0.0005973704666004664,7.115853200190259e-05,1
4,0.05,12,199,9,5.200705298946673e-05,3.803778382049927e-06,1
4,0.05,12,199,10,9.182900388537973e-06,2.1557809937178263e-07,1
