depth,p,n,real,b,ivn_max,ir2_max,a_at_max
6,0.02,12,0,1,4.594816716747854,6.423392198507557,5
6,0.02,12,0,2,3.3896767620177464,4.698208994642885,4
6,0.02,12,0,3,1.8975321251849842,2.4316642822798418,3
6,0.02,12,0,4,0.8456416044626813,1.1311581933369297,6
6,0.02,12,0,5,0.2173117788058967,0.048393600539055726,3
6,0.02,12,0,6,0.07251075642474802,0.004770641168996725,2
6,0.02,12,0,7,0.01895850428272894,0.0008646539813277343,3
6,0.02,12,0,8,0.005987621125154163,6.107672340327497e-05,2
6,0.02,12,0,9,0.0015672067775334142,2.7921266561037328e-06,2
6,0.02,12,0,10,0.0002754648011862315,1.6100583444256245e-07,1
6,0.02,12,1,1,4.577452520866705,6.4452415183253144,4
6,0.02,12,1,2,3.4174112255625015,4.628476431337781,5
6,0.02,12,1,3,2.096860203826102,2.835303471838042,5
6,0.02,12,1,4,1.4326115471964265,1.8991774330692568,5
6,0.02,12,1,5,0.16250559629171057,0.11249813708055889,4
6,0.02,12,1,6,0.060583778406533284,0.010601280240371658,1
6,0.02,12,1,7,0.018651736581901446,0.0023271929620154452,2
6,0.02,12,1,8,0.006106399398518647,0.0001945988178757574,1
6,0.02,12,1,9,0.0007256381029954184,8.293717771223896e-06,1
6,0.02,12,1,10,0.00011876031267732401,8.202776236032605e-08,1
6,0.02,12,2,1,4.234839706411378,5.805743974122535,5
6,0.02,12,2,2,2.376179430360729,3.252664578480834,2
6,0.02,12,2,3,1.6789016120350446,2.304393254098807,2
6,0.02,12,2,4,0.7873193472861146,0.8418942410452779,2
6,0.02,12,2,5,0.2207180447320276,0.08270929544052485,2
6,0.02,12,2,6,0.03804899197751155,0.0017658677434022607,2
6,0.02,12,2,7,0.006631517127896558,0.0003879844555072509,3
6,0.02,12,2,8,0.006008638941583655,0.00027800704096136997,2
6,0.02,12,2,9,0.001952071568181779,2.4950594990968966e-05,2
6,0.02,12,2,10,0.00026435526519286157,5.417209791858113e-07,1
6,0.02,12,3,1,5.024522600515661,7.216606748733964,5
6,0.02,12,3,2,3.8476796123322803,5.463088099673074,6
6,0.02,12,3,3,2.6079573086615344,3.7365580401891556,6
6,0.02,12,3,4,1.4556606063268394,1.7835897365070803,6
6,0.02,12,3,5,0.3750481413919253,0.21874781166543933,6
6,0.02,12,3,6,0.14110874175287869,0.07743209296058495,3
6,0.02,12,3,7,0.046049879981477915,0.005049664029526113,3
6,0.02,12,3,8,0.01103753417578801,0.00019614729545835985,3
6,0.02,12,3,9,0.003374684594868782,3.175626092755124e-05,1
6,0.02,12,3,10,0.0008952727787434611,2.0434356784448937e-06,1
6,0.02,12,4,1,3.1897142889401007,4.477002418856735,2
6,0.02,12,4,2,1.6782168800736024,2.179775150616809,2
6,0.02,12,4,3,0.8480796582495689,1.0313109901565678,7
6,0.02,12,4,4,0.20226038941776814,0.11754584185425809,6
6,0.02,12,4,5,0.03515190324650952,0.006993222548127065,2
6,0.02,12,4,6,0.011010092522685255,0.001410812152541574,3
6,0.02,12,4,7,0.008065178291417396,0.00044735713577903624,3
6,0.02,12,4,8,0.004395999194318989,0.00010877260682917722,2
6,0.02,12,4,9,0.00030598895910216584,1.7010902677583317e-06,2
6,0.02,12,4,10,1.703970733402116e-05,1.9219390523517177e-08,1
6,0.02,12,5,1,5.702340857979115,8.237522700501758,3
6,0.02,12,5,2,4.3251705875360305,6.052477201365431,3
6,0.02,12,5,3,2.7742370614904157,3.886612480375163,4
6,0.02,12,5,4,1.446089119741524,1.8028342317111488,3
6,0.02,12,5,5,0.32474652999498943,0.18719888762244885,2
6,0.02,12,5,6,0.13192073020733197,0.07175163065569734,3
6,0.02,12,5,7,0.036988445678828086,0.0054058884784513594,3
6,0.02,12,5,8,0.01019168251644409,0.00023674457310640662,2
6,0.02,12,5,9,0.002653422229407454,1.392722112392164e-05,1
6,0.02,12,5,10,0.00021620390247711896,5.277044685669807e-07,1
6,0.02,12,6,1,4.580022325831084,6.458007608038784,5
6,0.02,12,6,2,3.325825234696584,4.72010559685067,4
6,0.02,12,6,3,2.7625394719155274,3.839017677636237,3
6,0.02,12,6,4,0.8855591012961455,1.1353517583677943,3
6,0.02,12,6,5,0.1980395807233215,0.11306174487232568,3
6,0.02,12,6,6,0.05729485152328806,0.010122102191989057,3
6,0.02,12,6,7,0.013838090101417677,0.0013868717596494662,4
6,0.02,12,6,8,0.006078061635683696,0.00013969739510777401,3
6,0.02,12,6,9,0.0009441644464462939,2.7270127684886347e-06,2
6,0.02,12,6,10,0.00018024471803812503,2.5544901482987825e-07,1
6,0.02,12,7,1,3.6302051855135975,5.259985338955179,4
6,0.02,12,7,2,2.606395089111949,3.7168102350506853,4
6,0.02,12,7,3,1.6495872621654595,2.2528885305857145,5
6,0.02,12,7,4,0.9745563241479083,1.2114533514127537,4
6,0.02,12,7,5,0.2740316977996624,0.1923506245735327,3
6,0.02,12,7,6,0.06237165316601434,0.009676900946626432,2
6,0.02,12,7,7,0.0045140099172069625,0.00011247664900881915,1
6,0.02,12,7,8,0.0010316491909687642,5.512281276764952e-06,2
6,0.02,12,7,9,7.933619089151023e-05,1.2320202280591275e-07,2
6,0.02,12,7,10,4.863866571724884e-06,8.858194178174017e-10,1
6,0.02,12,8,1,3.9430959192451613,5.6128607097778325,2
6,0.02,12,8,2,2.3680281670034553,3.235336633314054,2
6,0.02,12,8,3,1.2121234397881508,1.5483758853768474,2
6,0.02,12,8,4,0.6785565936264479,0.9384960644034166,7
6,0.02,12,8,5,0.05590778741063218,0.03873756794468086,2
6,0.02,12,8,6,0.016640170069093685,0.002803714664469048,5
6,0.02,12,8,7,0.002023760905911942,0.00014333696634949433,2
6,0.02,12,8,8,0.0007014736318442516,4.853249118319525e-05,2
6,0.02,12,8,9,0.00021947045038217539,3.936661872927516e-06,2
6,0.02,12,8,10,3.055189137057823e-05,1.511246985330672e-07,1
6,0.02,12,9,1,3.457146179117297,4.866359217425451,9
6,0.02,12,9,2,2.6294906276767627,3.438078654939602,8
6,0.02,12,9,3,1.2932251883758283,1.56768494499714,7
6,0.02,12,9,4,0.6361248093639738,0.9209262394437392,5
6,0.02,12,9,5,0.3087454657835096,0.33002499688709186,5
6,0.02,12,9,6,0.06464846986976625,0.007448414139174631,5
6,0.02,12,9,7,0.00741223680866554,0.0009507588931061406,3
6,0.02,12,9,8,0.0019604917304718583,3.8338674400506534e-05,3
6,0.02,12,9,9,0.0004672350166714523,1.4290479985135107e-05,1
6,0.02,12,9,10,0.00010814132952319255,3.3065543725285806e-07,1
6,0.02,12,10,1,4.480924430398808,6.472347207029623,7
6,0.02,12,10,2,3.291812301744198,4.7057957400507355,6
6,0.02,12,10,3,2.203282125964691,3.0182253947230553,5
6,0.02,12,10,4,0.9577743063315403,1.0953329512272703,6
6,0.02,12,10,5,0.7201158669565597,0.9561773904708133,3
6,0.02,12,10,6,0.07035849089932,0.014719170858173314,2
6,0.02,12,10,7,0.048130127795221966,0.003351836137209574,3
6,0.02,12,10,8,0.011142729984632282,0.0001692255385705721,3
6,0.02,12,10,9,0.0018161817192439145,3.594635796133616e-06,2
6,0.02,12,10,10,0.00031432214440485495,1.9472231294059839e-07,1
6,0.02,12,11,1,4.475218249228554,6.374211325455615,8
6,0.02,12,11,2,3.4249722380327903,4.84758474779235,6
6,0.02,12,11,3,2.6454971242490277,3.7565689990855224,5
6,0.02,12,11,4,1.1548888923787342,1.4144616454058676,5
6,0.02,12,11,5,0.49638155842113996,0.5120091296872342,3
6,0.02,12,11,6,0.16143091349620953,0.059282756500062206,3
6,0.02,12,11,7,0.04545384569814814,0.004073175558335862,3
6,0.02,12,11,8,0.011370850272978572,0.00035035428341956276,3
6,0.02,12,11,9,0.002035199618230621,2.3928833016384488e-05,1
6,0.02,12,11,10,0.0003989017650276594,2.0929597539520728e-06,1
6,0.02,12,12,1,3.707556524033979,5.355921250470402,6
6,0.02,12,12,2,2.622215399151317,3.7088033386121833,5
6,0.02,12,12,3,1.397150626770502,1.9655102597899674,5
6,0.02,12,12,4,0.6374451482210066,0.928454271189743,4
6,0.02,12,12,5,0.09188421552888038,0.05273209024627867,5
6,0.02,12,12,6,0.024042258990487397,0.02271073175926297,2
6,0.02,12,12,7,0.005228939644391417,0.0005916523757933945,1
6,0.02,12,12,8,0.0007840607846905101,4.644656316621365e-05,2
6,0.02,12,12,9,0.00016389955189488603,1.266946194178331e-06,1
6,0.02,12,12,10,3.394754523355914e-05,6.148968623165274e-08,1
6,0.02,12,13,1,4.478837824036555,6.429206984314458,4
6,0.02,12,13,2,3.5321793539204673,4.880766553424014,4
6,0.02,12,13,3,2.027841390497576,2.574050273012883,3
6,0.02,12,13,4,1.3171880558868452,1.521186809453292,2
6,0.02,12,13,5,0.25889694410809305,0.18864858878557023,2
6,0.02,12,13,6,0.08944898275924729,0.057700290247273855,4
6,0.02,12,13,7,0.02421743193234782,0.004427320142818658,3
6,0.02,12,13,8,0.014121150090849355,0.0026600060558070737,2
6,0.02,12,13,9,0.0017234847614240323,1.9630872108322706e-05,1
6,0.02,12,13,10,4.646287000653615e-05,8.329279843621862e-08,1
6,0.02,12,14,1,4.159986493775614,5.8240832559169196,2
6,0.02,12,14,2,3.0086080657931884,4.146101896693455,2
6,0.02,12,14,3,1.3228761113478402,1.7142970144806569,2
6,0.02,12,14,4,0.5034242749196469,0.5115668920659884,2
6,0.02,12,14,5,0.21523317677478104,0.14186970473147742,1
6,0.02,12,14,6,0.04835314175794103,0.010432125433926132,4
6,0.02,12,14,7,0.011249221228464279,0.0007833141062754123,4
6,0.02,12,14,8,0.0038026448510617428,0.00013468285009032854,2
6,0.02,12,14,9,0.0008559340882943189,9.159577512463102e-06,2
6,0.02,12,14,10,0.00010910385769768993,4.1251359661487186e-07,1
6,0.02,12,15,1,3.267013070900223,4.666079191007341,2
6,0.02,12,15,2,2.11818595841447,2.854651994440694,1
6,0.02,12,15,3,0.9283953208688391,1.0978740081812477,1
6,0.02,12,15,4,0.22930656718967057,0.13097004463602868,1
6,0.02,12,15,5,0.09027678065569766,0.06481683606463307,3
6,0.02,12,15,6,0.03795483129769828,0.006955130577031454,2
6,0.02,12,15,7,0.01804830501414756,0.0009088360343127988,1
6,0.02,12,15,8,0.003457903891629144,0.0006470325275564903,3
6,0.02,12,15,9,0.00111365525788365,5.3138233603533536e-05,2
6,0.02,12,15,10,0.0003250871603075467,1.4264485397319504e-06,1
6,0.02,12,16,1,3.799872707077615,5.479259308178209,9
6,0.02,12,16,2,2.191665804040536,3.0112983951618606,3
6,0.02,12,16,3,0.97348480752078,1.3130880859309997,7
6,0.02,12,16,4,0.3056776244660835,0.26832040724372863,5
6,0.02,12,16,5,0.09791614524624848,0.05216326127181503,4
6,0.02,12,16,6,0.04665776069586691,0.025861766573827438,3
6,0.02,12,16,7,0.016254136876263203,0.0030591263568719995,3
6,0.02,12,16,8,0.0062169695160569916,0.0006325632622079524,3
6,0.02,12,16,9,0.0009575227739162528,1.6539500991896716e-05,2
6,0.02,12,16,10,0.0002444426653553933,1.3188670333619257e-06,1
6,0.02,12,17,1,4.475042504332874,6.389012755894921,2
6,0.02,12,17,2,2.689483708940285,3.5455851391098765,2
6,0.02,12,17,3,1.2479733314620862,1.4954196584558828,2
6,0.02,12,17,4,0.6365182487310825,0.9067141090220412,3
6,0.02,12,17,5,0.1389189327528726,0.14369348582009778,3
6,0.02,12,17,6,0.03164471699790106,0.008085907988283125,2
6,0.02,12,17,7,0.00990180371649707,0.0007173975092982232,3
6,0.02,12,17,8,0.004402513989008483,0.0001441294092181522,3
6,0.02,12,17,9,0.0007776256891816047,7.5408736268656185e-06,2
6,0.02,12,17,10,0.00017991702581277025,2.790575326372391e-07,1
6,0.02,12,18,1,4.027957618565974,5.519006403030717,5
6,0.02,12,18,2,2.7079379006253212,3.6926292735331536,5
6,0.02,12,18,3,1.5671182767453544,2.1229714887002764,3
6,0.02,12,18,4,0.8332482779834542,1.078334324560025,2
6,0.02,12,18,5,0.14859606575316953,0.06006010682689933,4
6,0.02,12,18,6,0.057275762249574314,0.009562096871810866,3
6,0.02,12,18,7,0.02599594629063695,0.0022918529815214583,2
6,0.02,12,18,8,0.0037100505502021264,0.00013807048684633116,2
6,0.02,12,18,9,0.0007650984602598498,5.0545183558625695e-06,2
6,0.02,12,18,10,3.817136889061601e-05,7.81405251615297e-08,1
6,0.02,12,19,1,4.4850983166564955,6.35864559755014,3
6,0.02,12,19,2,3.245102852462894,4.615762587292243,2
6,0.02,12,19,3,1.6939380391656886,2.2466075697421477,4
6,0.02,12,19,4,1.0927738889328307,1.3716084822118049,4
6,0.02,12,19,5,0.2847476054230267,0.16980640794626112,3
6,0.02,12,19,6,0.05830208279041749,0.009117596534711225,2
6,0.02,12,19,7,0.023276383703091597,0.0007616080638008782,1
6,0.02,12,19,8,0.005192040046418711,5.104484023732425e-05,1
6,0.02,12,19,9,0.0012234709821647982,3.83871236309119e-06,1
6,0.02,12,19,10,0.00037723210582107924,3.2141288919262934e-07,1
6,0.02,12,20,1,3.719689879112611,5.301249277005214,9
6,0.02,12,20,2,2.081328472601104,2.7325101602072,2
6,0.02,12,20,3,1.0481685789809916,1.2704407197911491,7
6,0.02,12,20,4,0.3938912218138526,0.21535575558717657,7
6,0.02,12,20,5,0.10422801200918386,0.06069089807704664,2
6,0.02,12,20,6,0.04525988232941991,0.015560043424166281,3
6,0.02,12,20,7,0.018271433615714372,0.003185803003352916,2
6,0.02,12,20,8,0.005034710987764868,0.00029257259926218637,2
6,0.02,12,20,9,0.0012828765470551673,1.0372789667201232e-05,2
6,0.02,12,20,10,0.00024265018349467482,2.3510196278664353e-07,1
6,0.02,12,21,1,3.4126440103978055,4.674610504896499,7
6,0.02,12,21,2,2.214429212584344,3.0327384830528494,6
6,0.02,12,21,3,1.029210401893014,1.2611506693120056,5
6,0.02,12,21,4,0.6404698331798606,0.9225760010084887,6
6,0.02,12,21,5,0.07198888797790559,0.04651828201458752,5
6,0.02,12,21,6,0.02055306503242349,0.0024343806342566054,2
6,0.02,12,21,7,0.006995671408244419,0.00020106187058210878,1
6,0.02,12,21,8,0.0018607828186372188,3.116795270585726e-05,2
6,0.02,12,21,9,0.0005345595806502956,1.8552209741784509e-06,1
6,0.02,12,21,10,4.0550265884675696e-05,1.3510238261460472e-08,1
6,0.02,12,22,1,3.7591825379474617,5.356338667623188,5
6,0.02,12,22,2,2.6624744714417066,3.768234302586535,5
6,0.02,12,22,3,1.1317790795689895,1.249615599476554,1
6,0.02,12,22,4,0.9599770738346791,1.119115245206805,1
6,0.02,12,22,5,0.0700904766554995,0.048302653668606865,1
6,0.02,12,22,6,0.03365830655452662,0.0061812573176300845,1
6,0.02,12,22,7,0.004381814645357807,0.0001227777371557437,3
6,0.02,12,22,8,0.0010401536571702508,1.9617233608215656e-05,2
6,0.02,12,22,9,0.0006588498537016818,4.875278344584899e-06,1
6,0.02,12,22,10,0.00014698857904527074,2.563355074869378e-07,1
6,0.02,12,23,1,4.600264870798032,6.502783479430754,6
6,0.02,12,23,2,3.3006843740224276,4.640922616871837,5
6,0.02,12,23,3,1.8673531157759022,2.4484173928435133,4
6,0.02,12,23,4,0.4459632063727206,0.3454289088744913,6
6,0.02,12,23,5,0.22755844323618923,0.16708555152225202,6
6,0.02,12,23,6,0.05357673552553699,0.0044898933019172915,2
6,0.02,12,23,7,0.015006024704209864,0.0007697916588851328,4
6,0.02,12,23,8,0.0032941715037608787,0.00016933054482315413,3
6,0.02,12,23,9,0.0009045525624369333,1.10258350964898e-05,2
6,0.02,12,23,10,0.0001806265711827848,2.4926283490600554e-06,1
6,0.02,12,24,1,4.036233491404477,5.747642172319141,3
6,0.02,12,24,2,2.9563711273581887,4.084219165562381,3
6,0.02,12,24,3,1.875062601384112,2.498558358075215,3
6,0.02,12,24,4,0.7467448073583185,0.978238558266642,3
6,0.02,12,24,5,0.16438190196696567,0.12177030216945806,6
6,0.02,12,24,6,0.06934596124875725,0.02607831580267117,3
6,0.02,12,24,7,0.030920215284721664,0.019811481340314963,3
6,0.02,12,24,8,0.010485508453777825,0.001991392748985632,3
6,0.02,12,24,9,0.0029883069315168598,5.9840137936362225e-05,2
6,0.02,12,24,10,0.0004501498114581892,1.970697830699919e-06,1
6,0.02,12,25,1,4.537461986531191,6.281320583135168,6
6,0.02,12,25,2,3.2638080771230342,4.662448447095597,4
6,0.02,12,25,3,1.9914451456192452,2.746927951298872,6
6,0.02,12,25,4,0.7587814731217559,0.9908211245093224,4
6,0.02,12,25,5,0.16136454718618687,0.14391849442629123,4
6,0.02,12,25,6,0.051097156783947995,0.02638312143318622,4
6,0.02,12,25,7,0.023414876028141407,0.0025264077780384753,4
6,0.02,12,25,8,0.0027143333422472438,5.183813328812903e-05,1
6,0.02,12,25,9,0.0005641995945993017,3.500099177600191e-06,1
6,0.02,12,25,10,0.0002134795218786678,3.61138731364008e-07,1
6,0.02,12,26,1,4.453144181794578,6.434891357077941,7
6,0.02,12,26,2,3.542186861401504,4.982927426606523,7
6,0.02,12,26,3,1.921883964661724,2.499005807933873,7
6,0.02,12,26,4,0.9361883485240892,1.1518815349976341,5
6,0.02,12,26,5,0.33775934990215895,0.18653502473988226,5
6,0.02,12,26,6,0.08752265205911769,0.024443638029929105,3
6,0.02,12,26,7,0.034032391793475725,0.0023591173373063157,3
6,0.02,12,26,8,0.013213838654305476,0.0004995417286988157,2
6,0.02,12,26,9,0.0018717899175868524,9.01730273383805e-06,1
6,0.02,12,26,10,9.676245653444937e-05,3.440350049288554e-08,1
6,0.02,12,27,1,3.623688193902682,4.959784080201782,9
6,0.02,12,27,2,2.8118774000944757,3.9419694220252524,5
6,0.02,12,27,3,1.530472708606597,2.177306244486223,2
6,0.02,12,27,4,0.7870754620939859,1.0074372325965157,3
6,0.02,12,27,5,0.7096861374989274,0.9501372294087096,2
6,0.02,12,27,6,0.12102697489600978,0.06861814690056711,2
6,0.02,12,27,7,0.05169829067299325,0.009650050680805933,2
6,0.02,12,27,8,0.01572184024458778,0.0009627484264704833,2
6,0.02,12,27,9,0.0035216463702933964,2.9010417536667887e-05,1
6,0.02,12,27,10,0.00036628428406793034,4.1218783053409425e-07,1
6,0.02,12,28,1,4.678977617697479,6.476950599512248,6
6,0.02,12,28,2,3.2237166288282086,4.572531644233912,4
6,0.02,12,28,3,2.3389682378182552,3.1494575058360965,3
6,0.02,12,28,4,1.3418414248191048,1.9311742351744217,6
6,0.02,12,28,5,0.7334282035279678,1.0003886524665564,4
6,0.02,12,28,6,0.14619912781157218,0.11739767742030693,3
6,0.02,12,28,7,0.07818210924362923,0.03831808249823254,2
6,0.02,12,28,8,0.041903103000953124,0.005553679155147151,1
6,0.02,12,28,9,0.010027480785611331,0.001183119985086023,1
6,0.02,12,28,10,0.0021319875404657296,1.9439516984576244e-05,1
6,0.02,12,29,1,3.7589472760499874,5.314250066394184,5
6,0.02,12,29,2,2.3226902442048356,3.044806764447161,3
6,0.02,12,29,3,1.4212964341774335,1.6729320478953946,4
6,0.02,12,29,4,0.47939759750772026,0.38388310678408644,3
6,0.02,12,29,5,0.06718208546815774,0.014469667291630017,4
6,0.02,12,29,6,0.011601754310429868,0.0009901095791828851,1
6,0.02,12,29,7,0.0016278562603684321,3.981977979261586e-05,2
6,0.02,12,29,8,0.0005332313194443827,3.85606688624307e-06,1
6,0.02,12,29,9,3.8559219330380756e-05,1.982830610813835e-07,1
6,0.02,12,29,10,2.587472714310479e-06,1.364657720159812e-09,1
6,0.02,12,30,1,4.315193252221075,6.248651722065841,8
6,0.02,12,30,2,2.6652169670933006,3.8167005366528297,8
6,0.02,12,30,3,1.6895231459191962,2.2698455082935673,2
6,0.02,12,30,4,1.000362153572489,1.3344726197602341,5
6,0.02,12,30,5,0.36238591738449877,0.32973162508490184,5
6,0.02,12,30,6,0.09791327274882988,0.0221936850244564,3
6,0.02,12,30,7,0.06183448139555203,0.00842846602999714,2
6,0.02,12,30,8,0.018909361770170108,0.001151531201085021,2
6,0.02,12,30,9,0.004066290327667588,3.2685590488412686e-05,1
6,0.02,12,30,10,0.0006364023173990319,5.156492033364657e-07,1
6,0.02,12,31,1,4.701732208701337,6.659430628957459,3
6,0.02,12,31,2,2.923296502548741,4.039913777214032,3
6,0.02,12,31,3,1.532797744562739,2.165278084338027,3
6,0.02,12,31,4,0.5907499455664453,0.8873955078125011,5
6,0.02,12,31,5,0.5615213078533934,0.8802240873347902,5
6,0.02,12,31,6,0.046760703099332446,0.025993455304277546,3
6,0.02,12,31,7,0.026087860498384075,0.022507294862027294,3
6,0.02,12,31,8,0.008764864804483352,0.0013137800748559414,2
6,0.02,12,31,9,0.0019907360129067797,4.412330307879131e-05,1
6,0.02,12,31,10,0.00010477999134295146,2.1847300679667114e-07,1
6,0.02,12,32,1,3.3439034890965473,4.669957615288425,9
6,0.02,12,32,2,2.1305622324262625,2.924317234615348,8
6,0.02,12,32,3,0.9687977489977531,1.2948106355323468,2
6,0.02,12,32,4,0.4132014172264089,0.4802403870705163,2
6,0.02,12,32,5,0.17907505309131544,0.09715526681529951,1
6,0.02,12,32,6,0.03842518194254296,0.025788477963290646,2
6,0.02,12,32,7,0.011735796129650922,0.0029288031349317123,2
6,0.02,12,32,8,0.00545020518498518,0.0009223049258331173,2
6,0.02,12,32,9,0.0012332219115869236,2.3372223154183303e-05,1
6,0.02,12,32,10,0.00020905969127760216,4.718916635226833e-07,1
6,0.02,12,33,1,4.561302849691634,6.4861188749972065,4
6,0.02,12,33,2,3.0752373936933832,4.178050157872175,4
6,0.02,12,33,3,2.0740650857142438,2.8866182869441026,5
6,0.02,12,33,4,1.2453210374282104,1.5285940956484438,5
6,0.02,12,33,5,0.25718371079979896,0.14968982284879218,4
6,0.02,12,33,6,0.08930908715526975,0.011740201412564488,3
6,0.02,12,33,7,0.036552726517895096,0.003678654724012631,2
6,0.02,12,33,8,0.004883013768949951,0.00010609983649167987,1
6,0.02,12,33,9,0.0012061047184044327,3.774704643078053e-06,2
6,0.02,12,33,10,0.00017834830512875044,1.2351071809746372e-07,1
6,0.02,12,34,1,5.021409710555204,7.154016088231618,5
6,0.02,12,34,2,3.46140077733531,4.7888530399043105,5
6,0.02,12,34,3,2.414965833442274,3.290164174865591,2
6,0.02,12,34,4,1.449119417494554,1.7432695570293806,2
6,0.02,12,34,5,0.8827159392754638,1.0166916990701171,2
6,0.02,12,34,6,0.17697425325968652,0.027277853915048667,2
6,0.02,12,34,7,0.039276530388370645,0.0012516709726551056,1
6,0.02,12,34,8,0.006217588662169149,0.00010513563784719793,3
6,0.02,12,34,9,0.003540298906228756,2.3009592904799092e-05,2
6,0.02,12,34,10,0.0006549354837162014,1.2024529656429195e-06,1
6,0.02,12,35,1,4.371981019558405,6.26352625918458,9
6,0.02,12,35,2,3.5496388149056166,4.979274318285434,7
6,0.02,12,35,3,2.443292598694274,3.268298954403977,7
6,0.02,12,35,4,0.9383010711858795,0.8515674839432457,7
6,0.02,12,35,5,0.4527911726909153,0.2227223622769312,6
6,0.02,12,35,6,0.08516018096709743,0.010115746721258034,5
6,0.02,12,35,7,0.016465938556978088,0.0018366346488960517,2
6,0.02,12,35,8,0.006939750139359546,0.00023670237639095149,2
6,0.02,12,35,9,0.002688083016673559,2.8341276474108668e-05,2
6,0.02,12,35,10,0.0006742606825902442,3.9616716840384925e-06,1
6,0.02,12,36,1,4.432535930736652,6.34646946231422,6
6,0.02,12,36,2,3.3301895030390742,4.740733161242124,7
6,0.02,12,36,3,2.7973191837902913,3.86548320929589,7
6,0.02,12,36,4,1.1950180598989295,1.3993051229699223,6
6,0.02,12,36,5,0.3484450378233106,0.262754569049771,4
6,0.02,12,36,6,0.14947196880625668,0.031423600707464416,4
6,0.02,12,36,7,0.028422720930720402,0.0014982147470004037,3
6,0.02,12,36,8,0.009139609267450055,0.0003520962067558031,2
6,0.02,12,36,9,0.0018180644187815176,1.75317939614672e-05,1
6,0.02,12,36,10,0.0002210573058043508,2.2386414322284054e-07,1
6,0.02,12,37,1,4.182719580423539,5.717448009342899,7
6,0.02,12,37,2,2.9129185215740225,3.9363987985872093,6
6,0.02,12,37,3,1.6623482892326198,2.2333169061605425,7
6,0.02,12,37,4,0.8122521996035132,1.0589288730158897,6
6,0.02,12,37,5,0.26845599299036493,0.16950822979565672,6
6,0.02,12,37,6,0.04904780034044087,0.014319959486136291,5
6,0.02,12,37,7,0.012236561756724385,0.001822172555304924,4
6,0.02,12,37,8,0.004622203578943385,0.00056487805190919,2
6,0.02,12,37,9,0.0016922969111821118,6.855703612984598e-05,2
6,0.02,12,37,10,0.000546687370222898,4.340073653352761e-06,1
6,0.02,12,38,1,4.51630107300886,6.449934979953014,6
6,0.02,12,38,2,3.2612497219379275,4.64721305625862,5
6,0.02,12,38,3,1.7083613863124238,2.2468049664920215,3
6,0.02,12,38,4,1.058670765562601,1.3415155362388838,3
6,0.02,12,38,5,0.25030463604780806,0.11916471107002913,3
6,0.02,12,38,6,0.08818933864120382,0.012851419677652132,2
6,0.02,12,38,7,0.02518023987938811,0.0010512436115082124,1
6,0.02,12,38,8,0.008223141927601318,8.348357713039434e-05,3
6,0.02,12,38,9,0.002683863857800617,9.284332435299802e-06,2
6,0.02,12,38,10,0.000764355283310536,6.894472566187915e-07,1
6,0.02,12,39,1,4.922232615622896,7.111424230864943,8
6,0.02,12,39,2,3.730439814912067,5.110077182941065,8
6,0.02,12,39,3,2.3051554743577753,2.869456000661202,7
6,0.02,12,39,4,1.197468633799641,1.352910682138707,6
6,0.02,12,39,5,0.6995115621420531,0.9345831569813345,4
6,0.02,12,39,6,0.1639367175671964,0.07609561044590052,2
6,0.02,12,39,7,0.09600603607708535,0.031671288468702485,2
6,0.02,12,39,8,0.030933064178789493,0.0019180962035694193,2
6,0.02,12,39,9,0.00963602418899967,0.00010573850111050831,1
6,0.02,12,39,10,0.0026194706613882346,4.471972765429655e-06,1
6,0.02,12,40,1,3.913599722616919,5.482022168883077,9
6,0.02,12,40,2,2.758946783866385,3.8921280057054517,7
6,0.02,12,40,3,1.7343939717395962,2.2909428470649047,6
6,0.02,12,40,4,0.47394994869029716,0.32491039250364206,6
6,0.02,12,40,5,0.09013646810427645,0.01775817143735381,6
6,0.02,12,40,6,0.029983312837659426,0.021562723217085633,3
6,0.02,12,40,7,0.01343767586764777,0.0021071673816379644,2
6,0.02,12,40,8,0.0023838026883709063,7.150876438011267e-05,2
6,0.02,12,40,9,0.0003982416828343105,1.6171888717053662e-06,2
6,0.02,12,40,10,4.751711534289882e-05,5.244186240815907e-08,1
6,0.02,12,41,1,3.852950393666518,5.428594103704361,5
6,0.02,12,41,2,2.5813434756697227,3.361729318346537,2
6,0.02,12,41,3,1.765344991873942,2.374400016075235,2
6,0.02,12,41,4,1.0516318932280697,1.2565736066411386,2
6,0.02,12,41,5,0.24768749367788345,0.11546594246250841,2
6,0.02,12,41,6,0.0685549782928252,0.013875809839515085,2
6,0.02,12,41,7,0.01541106447574947,0.001206090164471263,2
6,0.02,12,41,8,0.0027798734100787925,2.82847129575714e-05,1
6,0.02,12,41,9,0.0013503192336017378,1.0871226539421741e-05,2
6,0.02,12,41,10,0.00022405151015014724,2.653947390740541e-07,1
6,0.02,12,42,1,4.620817381159977,6.518137346917785,5
6,0.02,12,42,2,3.17148680727626,4.635638722593162,3
6,0.02,12,42,3,2.2732283350313907,3.125655404224852,3
6,0.02,12,42,4,1.1158011906024399,1.4135948803746832,4
6,0.02,12,42,5,0.7684371296047576,0.9984282374130835,4
6,0.02,12,42,6,0.1888656735065215,0.0721607394837136,4
6,0.02,12,42,7,0.05152445225498603,0.009937795543962125,3
6,0.02,12,42,8,0.01773148026878424,0.0017982688558824123,2
6,0.02,12,42,9,0.005802597076364435,0.00033117908494695314,2
6,0.02,12,42,10,0.0010594563731451956,7.498718792575687e-06,1
6,0.02,12,43,1,4.195823500669887,5.886329978453233,9
6,0.02,12,43,2,2.6559384109372512,3.502159197187815,8
6,0.02,12,43,3,1.4302391874796907,1.706583087484626,7
6,0.02,12,43,4,0.6668942489118237,0.6367619580675417,6
6,0.02,12,43,5,0.10477678507952781,0.011754904581141368,6
6,0.02,12,43,6,0.01589269142776928,0.0006310765821053721,4
6,0.02,12,43,7,0.004471390534481756,0.00021474070207538887,2
6,0.02,12,43,8,0.0024665469604769896,4.7584074566842105e-05,2
6,0.02,12,43,9,0.0005099387862532723,2.1108930692292915e-06,1
6,0.02,12,43,10,0.00010061904433911195,3.6757171528734034e-08,1
6,0.02,12,44,1,3.3688050075904545,4.667142891839795,4
6,0.02,12,44,2,2.257815888808496,3.090900865032582,5
6,0.02,12,44,3,1.0478987048028205,1.351109278987419,5
6,0.02,12,44,4,0.23812538939733585,0.10113271352563835,5
6,0.02,12,44,5,0.14483513368342749,0.03399907013896808,5
6,0.02,12,44,6,0.02647629110908234,0.0014569717158288142,4
6,0.02,12,44,7,0.007374477813627323,0.0001864609550885632,3
6,0.02,12,44,8,0.0027714296984164832,1.7256994860659347e-05,2
6,0.02,12,44,9,0.0004688193553068487,1.0529589342667123e-06,1
6,0.02,12,44,10,5.255740514975571e-05,3.15015000751373e-08,1
6,0.02,12,45,1,4.056851060813022,5.620879159890096,8
6,0.02,12,45,2,2.800099434332237,3.8546941933352983,7
6,0.02,12,45,3,1.8146775120320005,2.4281940420302988,6
6,0.02,12,45,4,0.8206871691500286,1.02458680581268,7
6,0.02,12,45,5,0.6643744535774498,0.9366413788949917,3
6,0.02,12,45,6,0.11804522388132277,0.057871290717244506,3
6,0.02,12,45,7,0.016484381122408465,0.0047454095575902855,1
6,0.02,12,45,8,0.005678505811856027,0.00023253785101040592,1
6,0.02,12,45,9,0.0007194740999487692,5.228419839298226e-06,1
6,0.02,12,45,10,0.00023158433746850449,5.98515114802467e-07,1
6,0.02,12,46,1,3.5143507245002006,4.9171200318051085,9
6,0.02,12,46,2,2.7894599883860227,3.8352083686784173,8
6,0.02,12,46,3,2.055262147610561,2.889425242896289,7
6,0.02,12,46,4,0.5868699749638058,0.9044493204482045,2
6,0.02,12,46,5,0.5481645696674704,0.8960700779645894,1
6,0.02,12,46,6,0.051525796550759395,0.058655015934022,1
6,0.02,12,46,7,0.018161732685072707,0.035139800552711264,1
6,0.02,12,46,8,0.0031156774583109836,0.0003753395388415015,2
6,0.02,12,46,9,0.0021320874370793774,0.0002868936460078686,1
6,0.02,12,46,10,0.0006386551760027004,1.6446183650487e-05,1
6,0.02,12,47,1,4.009476629335612,5.66472246672163,2
6,0.02,12,47,2,2.898299807706934,4.051402660258745,2
6,0.02,12,47,3,1.457787208817166,1.7814960063567753,2
6,0.02,12,47,4,0.8734977462392504,1.1643188779524447,4
6,0.02,12,47,5,0.30008246068682354,0.16448714558836475,1
6,0.02,12,47,6,0.12182139252472624,0.05098792408448283,2
6,0.02,12,47,7,0.048425388214852205,0.008406291305600888,1
6,0.02,12,47,8,0.010411024280614356,0.00037049348062900833,1
6,0.02,12,47,9,0.002746922422389275,4.390272918541882e-05,1
6,0.02,12,47,10,0.000917198134242625,2.0907349806975617e-06,1
6,0.02,12,48,1,2.7718690918589743,3.7480275865297905,5
6,0.02,12,48,2,1.9704084612117523,2.7390960378447353,4
6,0.02,12,48,3,1.2761611259378984,1.847470661884259,4
6,0.02,12,48,4,0.5706980693440542,0.8825486900345973,3
6,0.02,12,48,5,0.10823121993176699,0.09574381544709443,2
6,0.02,12,48,6,0.016496943059717495,0.002228108238587545,3
6,0.02,12,48,7,0.005215330640490734,0.0003035711090841886,4
6,0.02,12,48,8,0.0014742183746445647,5.931917771384576e-05,3
6,0.02,12,48,9,0.000376891996024753,5.024245187001952e-06,2
6,0.02,12,48,10,5.2140750421258986e-05,1.6830576576865042e-07,1
6,0.02,12,49,1,5.386946207495344,7.695051272319825,3
6,0.02,12,49,2,3.720808198400116,5.142640322969475,3
6,0.02,12,49,3,2.713988021230433,3.5624480870237036,3
6,0.02,12,49,4,1.342514240493708,1.7145926617608254,3
6,0.02,12,49,5,0.7304936715348482,0.9445946938987655,6
6,0.02,12,49,6,0.10420965952526551,0.016063129637522877,2
6,0.02,12,49,7,0.039389076424503955,0.014666661350837273,3
6,0.02,12,49,8,0.010384303407610318,0.0018841399578075624,3
6,0.02,12,49,9,0.0029688295899354955,0.00010115174173286334,2
6,0.02,12,49,10,0.0004125156381924455,2.2750017105721554e-06,1
6,0.02,12,50,1,4.549984971248092,6.395892615731276,8
6,0.02,12,50,2,2.5722626775120023,3.715027052573772,8
6,0.02,12,50,3,1.09058933192909,1.3999765293047268,8
6,0.02,12,50,4,0.7087777067260088,0.9508056278048773,6
6,0.02,12,50,5,0.06981931989888501,0.07343963965608324,5
6,0.02,12,50,6,0.03476226030054086,0.03823253889712852,4
6,0.02,12,50,7,0.009618934347040309,0.002765228053336344,3
6,0.02,12,50,8,0.004028174042810306,0.0005152629338649461,2
6,0.02,12,50,9,0.0007386912633791098,2.677105545778602e-05,1
6,0.02,12,50,10,5.191867997567101e-05,4.058003515439168e-07,1
6,0.02,12,51,1,4.031941981652944,5.680762184083697,4
6,0.02,12,51,2,3.141890829127492,4.256281189514233,4
6,0.02,12,51,3,1.6948577047190607,2.1589984213006215,4
6,0.02,12,51,4,0.7604616681656609,1.0031184266753836,4
6,0.02,12,51,5,0.16895801805065602,0.029448151234999997,2
6,0.02,12,51,6,0.10564172592962251,0.02045938189951535,4
6,0.02,12,51,7,0.025549186433606152,0.0017316755834837494,3
6,0.02,12,51,8,0.008531006939167085,9.708204594005565e-05,2
6,0.02,12,51,9,0.002026379127055833,1.2097181935288859e-05,2
6,0.02,12,51,10,0.00017478874793219745,2.2959854817372616e-07,1
6,0.02,12,52,1,3.682619907130375,5.3357876371760575,7
6,0.02,12,52,2,2.8099745633796633,4.041975730938358,5
6,0.02,12,52,3,1.707120752844821,2.3642225757146136,5
6,0.02,12,52,4,0.9039829928973422,1.1191600670425874,3
6,0.02,12,52,5,0.21120561950500338,0.12169103340428222,3
6,0.02,12,52,6,0.03142421521181582,0.0026653023708567147,2
6,0.02,12,52,7,0.012546580832404786,0.000542666578335016,3
6,0.02,12,52,8,0.0032719607927216288,5.932143626097286e-05,3
6,0.02,12,52,9,0.0004864029467572806,1.173494437622935e-06,2
6,0.02,12,52,10,0.00011110357513288704,8.9847638662377e-08,1
6,0.02,12,53,1,3.807035288003208,5.374858680977042,9
6,0.02,12,53,2,2.317754115365309,3.0502762322155954,9
6,0.02,12,53,3,0.7658400059814578,1.0186971352307435,6
6,0.02,12,53,4,0.35465443419953324,0.30944223799784965,5
6,0.02,12,53,5,0.06786918335216718,0.014068314953163075,4
6,0.02,12,53,6,0.03274324421380115,0.005455182998228558,3
6,0.02,12,53,7,0.0038424471876954414,0.0001237323292322401,2
6,0.02,12,53,8,0.0007293600176438986,2.996577251224153e-06,1
6,0.02,12,53,9,6.900207636562072e-05,2.0669055089683752e-07,2
6,0.02,12,53,10,1.3268432226709592e-05,4.4366377238702626e-09,1
6,0.02,12,54,1,2.8425515257917215,4.008683349727434,2
6,0.02,12,54,2,1.7395366518539692,2.35461936726702,2
6,0.02,12,54,3,0.5555316262438676,0.5674397521149253,3
6,0.02,12,54,4,0.15438808697282447,0.06651182598796002,2
6,0.02,12,54,5,0.03392455832918273,0.002847269580942502,1
6,0.02,12,54,6,0.008276757641221266,0.0014534200811695541,3
6,0.02,12,54,7,0.0029142173432017415,0.0001707090140126155,2
6,0.02,12,54,8,0.0006555181213379058,6.928504376446654e-06,1
6,0.02,12,54,9,0.0001334702636324181,6.900550868493838e-07,2
6,0.02,12,54,10,2.769201235963692e-05,2.5900863676042718e-08,1
6,0.02,12,55,1,5.375846295353435,7.895669048129967,8
6,0.02,12,55,2,3.9149714504617084,5.605545167103362,8
6,0.02,12,55,3,2.345573943188704,3.02081509444948,8
6,0.02,12,55,4,0.8188269388186811,0.6584516837326966,7
6,0.02,12,55,5,0.2768035613877178,0.30930953258953764,3
6,0.02,12,55,6,0.07716793491481155,0.029927054542083553,2
6,0.02,12,55,7,0.029172840347399642,0.0030213537853960304,1
6,0.02,12,55,8,0.007433182921142034,0.0001016525645347599,3
6,0.02,12,55,9,0.002826797141306514,1.9823292030096695e-05,1
6,0.02,12,55,10,0.0007561918770875309,8.449228428020206e-07,1
6,0.02,12,56,1,3.978788942950212,5.600949004745443,8
6,0.02,12,56,2,2.9046061032661026,4.022315558185657,4
6,0.02,12,56,3,1.7303902225190892,2.2822695910094026,6
6,0.02,12,56,4,1.3788820456464173,1.8703921589114838,3
6,0.02,12,56,5,0.4676917376724177,0.42274172653918285,3
6,0.02,12,56,6,0.17165683407037768,0.053260039680818494,3
6,0.02,12,56,7,0.03968108798173198,0.0017664439106717111,2
6,0.02,12,56,8,0.008207810430963747,0.00015296623471172666,2
6,0.02,12,56,9,0.0021730568457485333,8.002661225248175e-06,2
6,0.02,12,56,10,0.0004035974176233026,1.843774359855388e-07,1
6,0.02,12,57,1,3.7908238037501487,5.4242626625765435,4
6,0.02,12,57,2,2.2901638940584057,3.1512890002550353,4
6,0.02,12,57,3,1.4529158982146502,2.0152131609414257,5
6,0.02,12,57,4,0.8779275255909873,1.2194056430262723,6
6,0.02,12,57,5,0.35002661881055275,0.38088613931043547,5
6,0.02,12,57,6,0.07831215533543201,0.04345913850816352,4
6,0.02,12,57,7,0.02095795796537203,0.0031682446627456784,3
6,0.02,12,57,8,0.003719397991488904,0.00016767908470605164,3
6,0.02,12,57,9,0.0005127327973326601,2.8054897036611237e-06,2
6,0.02,12,57,10,6.542264511466556e-05,1.0918363635425976e-07,1
6,0.02,12,58,1,3.8167745550092,5.439182110936473,3
6,0.02,12,58,2,2.2872271755605986,3.070334227772946,2
6,0.02,12,58,3,1.0162930846445768,1.20733191103883,2
6,0.02,12,58,4,0.20489900778148673,0.07807582397323998,7
6,0.02,12,58,5,0.09669410465059514,0.07598350392895625,5
6,0.02,12,58,6,0.03724804723027475,0.008880235221360167,4
6,0.02,12,58,7,0.013252949209395126,0.0012446935008103566,3
6,0.02,12,58,8,0.0049925789371272344,0.00015074040105744757,2
6,0.02,12,58,9,0.0011970580506677209,6.143473310515901e-06,2
6,0.02,12,58,10,0.00015994198288282746,1.361209491790305e-07,1
6,0.02,12,59,1,3.78827953058404,5.368775112679579,4
6,0.02,12,59,2,2.891753544468836,3.9503763701326413,2
6,0.02,12,59,3,1.6400355378592106,2.2115591855823276,2
6,0.02,12,59,4,0.58862470771472,0.6723734083541721,2
6,0.02,12,59,5,0.1605013499489445,0.07809503446895683,2
6,0.02,12,59,6,0.04165113229213446,0.01326549010503797,1
6,0.02,12,59,7,0.005194644418233807,0.00027991088014100995,1
6,0.02,12,59,8,0.0018782790272648953,7.563759545448079e-05,2
6,0.02,12,59,9,0.0005556332299487821,2.8267305740570237e-06,2
6,0.02,12,59,10,0.00014974669966427712,3.865328679353297e-07,1
6,0.02,12,60,1,5.085102900978059,7.325979723699287,7
6,0.02,12,60,2,3.6545708229910066,5.102284166569039,6
6,0.02,12,60,3,2.4756284174348924,3.3749211271425708,5
6,0.02,12,60,4,1.2942042699586356,1.6336481566288832,4
6,0.02,12,60,5,0.7741269093298726,0.9673319356629078,6
6,0.02,12,60,6,0.1721894779414601,0.0776545280576384,5
6,0.02,12,60,7,0.04641540011220435,0.004245269694846954,4
6,0.02,12,60,8,0.013726651611316143,0.0007362257926324389,1
6,0.02,12,60,9,0.003950495574285284,8.765526589371575e-05,1
6,0.02,12,60,10,0.0012700600874335777,6.543863397823202e-06,1
6,0.02,12,61,1,4.419184277508174,6.3053760542750155,3
6,0.02,12,61,2,3.3282549451113237,4.674063944920288,3
6,0.02,12,61,3,1.7287891176036805,2.2938725609761015,2
6,0.02,12,61,4,0.9868947574781863,1.2773141093634655,5
6,0.02,12,61,5,0.7181101129780227,0.9723151808710178,4
6,0.02,12,61,6,0.10350276569788797,0.06362989868429025,3
6,0.02,12,61,7,0.04536971068678497,0.022837655365888665,2
6,0.02,12,61,8,0.01749356303781724,0.01809332256772045,1
6,0.02,12,61,9,0.001225833328218684,5.098354851362785e-05,1
6,0.02,12,61,10,0.00026306997836123003,3.453451610013758e-06,1
6,0.02,12,62,1,3.96419439543366,5.450308899315745,8
6,0.02,12,62,2,2.5786061504521953,3.615228506170661,8
6,0.02,12,62,3,1.2613028403042872,1.489980152086976,8
6,0.02,12,62,4,0.2634428660200765,0.14329438323260746,5
6,0.02,12,62,5,0.09649380497129556,0.03320972099723818,2
6,0.02,12,62,6,0.04241214456735243,0.00926033162069917,3
6,0.02,12,62,7,0.021537601733230716,0.0023232405171516035,2
6,0.02,12,62,8,0.004384574977290612,0.0002004808248265988,1
6,0.02,12,62,9,8.774665817412597e-05,3.442376517170942e-07,2
6,0.02,12,62,10,1.69980182818108e-05,2.1662255988985635e-08,1
6,0.02,12,63,1,4.889942353164855,7.109207016435754,8
6,0.02,12,63,2,3.660542333505468,5.355342179095864,8
6,0.02,12,63,3,2.4434967913412713,3.3180907951957597,6
6,0.02,12,63,4,1.52492522733945,2.0485474509277752,6
6,0.02,12,63,5,0.7921022526421808,0.974259130228873,5
6,0.02,12,63,6,0.11614134092447692,0.027117759863296342,3
6,0.02,12,63,7,0.04246046610739285,0.0056852178683044485,3
6,0.02,12,63,8,0.007892899677838017,0.00018882396354946707,1
6,0.02,12,63,9,0.002902624869054904,2.538400261009599e-05,1
6,0.02,12,63,10,0.00047254201770208226,4.4172274904497044e-07,1
6,0.02,12,64,1,3.905771203468184,5.47992093666868,7
6,0.02,12,64,2,2.8654455761617506,3.963960650043049,6
6,0.02,12,64,3,1.1078940165764273,1.4040343839622036,5
6,0.02,12,64,4,0.4422131394566833,0.4321897121284817,3
6,0.02,12,64,5,0.20542285485488065,0.09240133424292019,3
6,0.02,12,64,6,0.06344758130205008,0.0068919026439386855,1
6,0.02,12,64,7,0.020673678998365475,0.0005720221943157355,1
6,0.02,12,64,8,0.005219502020947786,4.2196572323405235e-05,1
6,0.02,12,64,9,0.0009259690255483122,4.174672572077043e-06,1
6,0.02,12,64,10,0.0002880704176551063,2.2532863575008832e-07,1
6,0.02,12,65,1,5.307953452248986,7.457432974495797,8
6,0.02,12,65,2,3.4995234992605884,4.9221742773339585,7
6,0.02,12,65,3,2.430662663954239,3.3451277969978364,6
6,0.02,12,65,4,0.9476001792826647,0.9315364171408671,5
6,0.02,12,65,5,0.2623269022410337,0.08918945637809639,5
6,0.02,12,65,6,0.0787507835751402,0.005899878642985357,5
6,0.02,12,65,7,0.022501462597881883,0.0034585596712126687,2
6,0.02,12,65,8,0.008728943884078078,0.0005386497299362247,1
6,0.02,12,65,9,0.0010776038313888847,9.542765640802031e-06,1
6,0.02,12,65,10,0.000335807504248109,8.626946712553263e-07,1
6,0.02,12,66,1,5.560415351509874,8.004159599582946,7
6,0.02,12,66,2,3.925224410507351,5.555454766566317,6
6,0.02,12,66,3,2.125768610701815,2.988355607363186,5
6,0.02,12,66,4,1.5356857910521668,2.128061705520219,4
6,0.02,12,66,5,0.812153942893092,1.016372257511735,3
6,0.02,12,66,6,0.13902381413824116,0.05293434861931523,4
6,0.02,12,66,7,0.027624920595167524,0.0023910818852037607,3
6,0.02,12,66,8,0.005166211980316859,6.093208282820228e-05,2
6,0.02,12,66,9,0.0015716886287506782,1.5492288271801158e-05,1
6,0.02,12,66,10,0.00019933060611521114,3.2249238479664655e-07,1
6,0.02,12,67,1,4.250351959589624,6.085553556496674,2
6,0.02,12,67,2,2.3629382447029297,3.1896907972208375,6
6,0.02,12,67,3,1.4254910578295448,2.0189992733958206,3
6,0.02,12,67,4,0.8674115078834408,1.1274208955472877,3
6,0.02,12,67,5,0.6812180998552684,0.9472522035957365,3
6,0.02,12,67,6,0.18609069538831946,0.15185350662735253,3
6,0.02,12,67,7,0.036395622022471485,0.011409544369199054,2
6,0.02,12,67,8,0.013352041110335833,0.00029569357049652467,3
6,0.02,12,67,9,0.0037718489461493476,4.935818873086362e-05,2
6,0.02,12,67,10,0.0008229090362821267,1.8239971364408802e-06,1
6,0.02,12,68,1,4.240401881512831,5.862382704900597,6
6,0.02,12,68,2,2.450214641236247,3.215119582233095,4
6,0.02,12,68,3,1.480798649627534,1.7168168192404032,4
6,0.02,12,68,4,0.38766137245975685,0.24659503294093632,4
6,0.02,12,68,5,0.10765340086016018,0.033748983367200225,3
6,0.02,12,68,6,0.02798451739529284,0.0028233241711488333,4
6,0.02,12,68,7,0.010167839538416601,0.0002729069700313502,4
6,0.02,12,68,8,0.002469963349948756,3.441634180134656e-05,3
6,0.02,12,68,9,0.0004917405247013562,2.4357374215355776e-06,2
6,0.02,12,68,10,0.00013680511266045414,2.2483395056838162e-07,1
6,0.02,12,69,1,3.997191298346669,5.5667593780257185,6
6,0.02,12,69,2,2.81574624094778,3.955575535497813,7
6,0.02,12,69,3,1.6899552090674543,2.280522490521637,6
6,0.02,12,69,4,0.704340600979771,0.9576225499525766,2
6,0.02,12,69,5,0.15125290202752772,0.0617289801466665,6
6,0.02,12,69,6,0.025900577340715714,0.0030401576152270238,5
6,0.02,12,69,7,0.009723523078132956,0.0011260547003306698,2
6,0.02,12,69,8,0.0037409946924817916,0.0004220057451611581,2
6,0.02,12,69,9,0.0011694743164607502,1.806458925202037e-05,2
6,0.02,12,69,10,0.00019170472690532847,5.549424724193841e-07,1
6,0.02,12,70,1,3.8487629527166245,5.53167559347072,7
6,0.02,12,70,2,2.8790651574679433,3.974775174705872,5
6,0.02,12,70,3,1.7844623214268953,2.360989180048808,5
6,0.02,12,70,4,0.7169601707794602,0.7186407573862894,5
6,0.02,12,70,5,0.17907670667562847,0.10667764153768644,3
6,0.02,12,70,6,0.0807355207461935,0.02673513841026942,5
6,0.02,12,70,7,0.012176722240079485,0.00021902524525874156,4
6,0.02,12,70,8,0.00502641597020137,8.226083050821842e-05,3
6,0.02,12,70,9,0.0006556939407005302,3.3972980482133153e-06,2
6,0.02,12,70,10,0.00032781550113547553,7.67581047611543e-07,1
6,0.02,12,71,1,3.496460872929104,4.737866965490911,5
6,0.02,12,71,2,1.9203631986529146,2.419432302665518,4
6,0.02,12,71,3,1.1061245607882189,1.4379549810266,2
6,0.02,12,71,4,0.5199093926125897,0.4779605853734221,2
6,0.02,12,71,5,0.09897771326442495,0.04022846076765063,2
6,0.02,12,71,6,0.03800569080273242,0.023519314484119924,3
6,0.02,12,71,7,0.027042677280491034,0.008831166761048337,2
6,0.02,12,71,8,0.008375287663817232,0.000633734244038564,2
6,0.02,12,71,9,0.003994154557096508,0.00014053848116724055,2
6,0.02,12,71,10,0.0002249734517736357,1.3883079095222683e-06,1
6,0.02,12,72,1,3.898791345097905,5.673090607360761,7
6,0.02,12,72,2,2.326563738715908,3.188382347861058,8
6,0.02,12,72,3,1.747977007291471,2.3447716902885993,7
6,0.02,12,72,4,0.7026772347216959,0.9795794221375855,4
6,0.02,12,72,5,0.0653580245181633,0.01079851041181179,6
6,0.02,12,72,6,0.026853803020511435,0.00842659436239046,4
6,0.02,12,72,7,0.006460289912057604,0.0004372829611121176,4
6,0.02,12,72,8,0.0011020586448644565,5.106163333046254e-05,2
6,0.02,12,72,9,0.0003061248965430252,3.7872182243603447e-06,1
6,0.02,12,72,10,7.334334077491178e-05,1.599522470030479e-07,1
6,0.02,12,73,1,3.0225421972564597,4.1037046204065195,2
6,0.02,12,73,2,1.928708819607925,2.775665282012711,5
6,0.02,12,73,3,1.1676707950463854,1.78366114021917,4
6,0.02,12,73,4,0.6332177146768228,0.9416296437738465,3
6,0.02,12,73,5,0.12970788771315434,0.09926047164277918,2
6,0.02,12,73,6,0.06509572139093756,0.026113337906537026,1
6,0.02,12,73,7,0.015055651194019859,0.0008835579647685776,2
6,0.02,12,73,8,0.00474158641514677,9.090565868419276e-05,1
6,0.02,12,73,9,0.00058148398088953,3.985098722125713e-06,1
6,0.02,12,73,10,0.00014465136184682592,2.7441680572337646e-07,1
6,0.02,12,74,1,2.757187308187566,3.750727924536612,6
6,0.02,12,74,2,1.7742486169708123,2.2316899848030864,2
6,0.02,12,74,3,0.9441301215276052,1.2153130356641952,4
6,0.02,12,74,4,0.24984087496713236,0.11678291649012884,2
6,0.02,12,74,5,0.12177506238630542,0.044210422946401096,2
6,0.02,12,74,6,0.01906847647296317,0.018376799182832748,1
6,0.02,12,74,7,0.00405733137019304,0.00021912297051152052,2
6,0.02,12,74,8,0.0016299939550155074,3.283707085799392e-05,2
6,0.02,12,74,9,0.00028196622270648675,1.5408876910427693e-05,1
6,0.02,12,74,10,3.0374856022419294e-05,4.0501840459228333e-07,1
6,0.02,12,75,1,4.2598150225493185,5.7926247708587315,2
6,0.02,12,75,2,2.6496913732274443,3.4554806024299243,2
6,0.02,12,75,3,1.275501601194879,1.620660061193913,2
6,0.02,12,75,4,0.9131518577583879,1.0819594653127487,2
6,0.02,12,75,5,0.2960193507181508,0.19280327886127324,2
6,0.02,12,75,6,0.07392522560245496,0.012691434481505226,2
6,0.02,12,75,7,0.026673422759872167,0.002484407380201503,2
6,0.02,12,75,8,0.008037395491808041,0.0002338703543660614,2
6,0.02,12,75,9,0.002841725675283513,1.5579553432232274e-05,2
6,0.02,12,75,10,0.000335358910156458,2.880959719675502e-07,1
6,0.02,12,76,1,2.9872866012146186,4.058864732910074,7
6,0.02,12,76,2,1.672274906363647,2.238011928530028,6
6,0.02,12,76,3,0.573395933717741,0.629377264238796,7
6,0.02,12,76,4,0.20913680067632612,0.1754214169169801,6
6,0.02,12,76,5,0.07727671469413444,0.011241823100633042,5
6,0.02,12,76,6,0.017299754490219144,0.0007287235267963155,5
6,0.02,12,76,7,0.0036704835787304546,9.076071952129894e-05,4
6,0.02,12,76,8,0.0007969533892193681,6.539823878881634e-06,3
6,0.02,12,76,9,0.0001434622239102623,6.102451699518952e-07,2
6,0.02,12,76,10,3.015940255934879e-05,1.908930080674054e-08,1
6,0.02,12,77,1,4.461509920118935,6.2470942556251945,2
6,0.02,12,77,2,3.8482325691839065,5.4353005289251115,3
6,0.02,12,77,3,2.2590197737753073,3.075040894287623,2
6,0.02,12,77,4,1.2743766820698106,1.5481069574181276,3
6,0.02,12,77,5,0.29044771258951485,0.1632323716924633,1
6,0.02,12,77,6,0.11653689472237083,0.018409997903482633,1
6,0.02,12,77,7,0.03127782633439935,0.0021073149456078966,3
6,0.02,12,77,8,0.012419882141202265,0.00036097774076004896,1
6,0.02,12,77,9,0.0038365194706031502,3.0425497556052505e-05,1
6,0.02,12,77,10,0.001185339472709046,1.5078812847235668e-06,1
6,0.02,12,78,1,3.49455292503208,4.8098189463963745,3
6,0.02,12,78,2,1.77419385916836,2.3438799038580385,2
6,0.02,12,78,3,0.9196365429352351,1.1065093921271538,3
6,0.02,12,78,4,0.16284068361940562,0.07118236771517772,2
6,0.02,12,78,5,0.07988202404873057,0.024413314357095928,1
6,0.02,12,78,6,0.01539823096678461,0.0008765991886443558,1
6,0.02,12,78,7,0.0026476636664263253,0.00015371764150895473,3
6,0.02,12,78,8,0.0005393229307397718,8.182273305124e-06,2
6,0.02,12,78,9,0.0002632724737416936,1.180574535908363e-06,1
6,0.02,12,78,10,4.823964182598672e-05,8.479121760274211e-08,1
6,0.02,12,79,1,3.7526953493353403,5.42538928390317,2
6,0.02,12,79,2,2.2113756382398275,3.122971031183699,2
6,0.02,12,79,3,1.3133841712710588,1.852005487663913,3
6,0.02,12,79,4,0.3071243968086943,0.3285698209351864,3
6,0.02,12,79,5,0.10782434845367739,0.04733396106984422,1
6,0.02,12,79,6,0.029856730461402137,0.003481941689629231,1
6,0.02,12,79,7,0.006289131102141354,0.0006904223567474332,3
6,0.02,12,79,8,0.0014161416031495122,3.482696857659562e-05,2
6,0.02,12,79,9,0.0004917301189717449,3.3396936149898693e-06,1
6,0.02,12,79,10,7.502587718910547e-05,7.339170515763271e-08,1
6,0.02,12,80,1,4.183979737237777,5.813883804422572,2
6,0.02,12,80,2,2.942631149584468,4.080982084675659,2
6,0.02,12,80,3,1.684823616271391,2.326897585967785,2
6,0.02,12,80,4,0.8064607008058857,1.0111199059537688,1
6,0.02,12,80,5,0.20958312458401807,0.06252581753074704,1
6,0.02,12,80,6,0.04622046786122169,0.004017349133255799,1
6,0.02,12,80,7,0.007876980998140937,0.0009046998998734068,2
6,0.02,12,80,8,0.0041315321224431045,0.0001560495842660714,2
6,0.02,12,80,9,0.0011224597334980047,1.3192719396926122e-05,1
6,0.02,12,80,10,0.00015176410247619287,4.898698300337401e-07,1
6,0.02,12,81,1,3.9825290447003727,5.591146549975484,8
6,0.02,12,81,2,2.786258450316799,3.8535631308830833,8
6,0.02,12,81,3,1.7981907640439854,2.2617060140886815,5
6,0.02,12,81,4,0.8432571624464824,1.0154261938008586,6
6,0.02,12,81,5,0.3829244386207993,0.34708608307093236,3
6,0.02,12,81,6,0.13580166359640344,0.046907136155789786,3
6,0.02,12,81,7,0.04990238585343043,0.020543004841547585,1
6,0.02,12,81,8,0.016610770724289736,0.0007305281326122071,1
6,0.02,12,81,9,0.006264400355666666,0.00011039949188251796,1
6,0.02,12,81,10,0.0012346946957624283,8.371647185256847e-06,1
6,0.02,12,82,1,3.927592525401714,5.52808423371259,7
6,0.02,12,82,2,2.5395045291995686,3.363146679498268,7
6,0.02,12,82,3,1.6156445962756312,2.0387401137926098,8
6,0.02,12,82,4,1.0719500140518292,1.1547512122880104,7
6,0.02,12,82,5,0.1203569486152638,0.021545481283705925,6
6,0.02,12,82,6,0.015382223979772292,0.00036730502317716685,5
6,0.02,12,82,7,0.002100971382688499,8.23502190003822e-05,4
6,0.02,12,82,8,0.0009973999996191196,2.2672658884559382e-05,3
6,0.02,12,82,9,0.00043109636164118115,6.4686133480762464e-06,1
6,0.02,12,82,10,0.0002594795009152051,2.3562064601634347e-06,1
6,0.02,12,83,1,3.3077042486531063,4.725453688875712,8
6,0.02,12,83,2,2.185400367277312,3.0342432969431687,8
6,0.02,12,83,3,1.2128208905675084,1.4212319791021208,8
6,0.02,12,83,4,0.6987075785698149,0.9433127150326595,2
6,0.02,12,83,5,0.1415245691298157,0.022118037400114865,6
6,0.02,12,83,6,0.035057009292204455,0.0026649878663329574,5
6,0.02,12,83,7,0.011542401138164848,0.0018441339309980265,2
6,0.02,12,83,8,0.004974998051263668,0.00019057646954045993,2
6,0.02,12,83,9,0.0016046368512387943,1.0650450786187093e-05,2
6,0.02,12,83,10,0.0003497302584918316,5.626855514861973e-07,1
6,0.02,12,84,1,3.92411757738566,5.579805173209898,4
6,0.02,12,84,2,2.3781613877182384,3.205296673449485,3
6,0.02,12,84,3,1.0560656236251074,1.3821369165496797,2
6,0.02,12,84,4,0.28388798364659174,0.22279265654441893,4
6,0.02,12,84,5,0.08870425306758278,0.01637079253279694,3
6,0.02,12,84,6,0.01818518846271644,0.0018280297010431212,2
6,0.02,12,84,7,0.004458942258498411,0.0001410829686623316,1
6,0.02,12,84,8,0.0009716176496805673,8.659388436527138e-06,1
6,0.02,12,84,9,0.00019114416316590166,5.569661585269614e-07,2
6,0.02,12,84,10,4.538217409866263e-05,5.82085668554555e-08,1
6,0.02,12,85,1,4.74500463634735,6.649139700277676,4
6,0.02,12,85,2,3.8953662297313514,5.56470940806005,5
6,0.02,12,85,3,2.5945265621414073,3.4564876874163133,4
6,0.02,12,85,4,1.1006849018736453,1.0964537749906569,4
6,0.02,12,85,5,0.34877218404929167,0.16898764130241517,3
6,0.02,12,85,6,0.15032386810050014,0.021418414646234396,2
6,0.02,12,85,7,0.032290023334054396,0.0014484762818618435,1
6,0.02,12,85,8,0.006841305580632451,0.00014966026562746038,2
6,0.02,12,85,9,0.0027262175541000744,1.065221023388574e-05,2
6,0.02,12,85,10,0.0007243495915680853,1.3398367038064407e-06,1
6,0.02,12,86,1,4.261816155999586,5.932894546571871,3
6,0.02,12,86,2,2.674481719881843,3.4686864612813917,2
6,0.02,12,86,3,1.5269187978212422,1.782890819986834,3
6,0.02,12,86,4,0.6837043921422765,0.6242422004231898,3
6,0.02,12,86,5,0.35192238070841597,0.15022650754279177,2
6,0.02,12,86,6,0.0890915316928158,0.02734890221756281,3
6,0.02,12,86,7,0.026909936320826944,0.002330300331509605,2
6,0.02,12,86,8,0.00826377945781509,0.00016695396662669282,3
6,0.02,12,86,9,0.0024110891915558597,1.0256598207192269e-05,2
6,0.02,12,86,10,0.0006269548227066934,9.84900815126366e-07,1
6,0.02,12,87,1,4.639804504121699,6.548449079187286,8
6,0.02,12,87,2,2.7234126881715,3.8742358484020425,7
6,0.02,12,87,3,1.7007524314977687,2.301724879292518,6
6,0.02,12,87,4,0.3601382485418796,0.306463773288999,6
6,0.02,12,87,5,0.1474160887871232,0.07384569873734037,4
6,0.02,12,87,6,0.04963608638406036,0.016670659672104904,3
6,0.02,12,87,7,0.01905773804435995,0.0025907442916768275,2
6,0.02,12,87,8,0.005180269144224425,8.903453110598036e-05,1
6,0.02,12,87,9,0.001422946276459669,7.973313200793086e-06,2
6,0.02,12,87,10,0.0003705226040686682,2.7669304891730917e-07,1
6,0.02,12,88,1,4.144939689362129,5.861155125893379,6
6,0.02,12,88,2,3.0621930916068045,4.1849918845725025,6
6,0.02,12,88,3,1.765076389107655,2.3990020759382453,6
6,0.02,12,88,4,0.9496470084108815,1.152951328822601,5
6,0.02,12,88,5,0.21972084186740126,0.16113324798780937,2
6,0.02,12,88,6,0.10504438231520119,0.03472922036781689,2
6,0.02,12,88,7,0.06365747811504185,0.022993055584763056,2
6,0.02,12,88,8,0.015352101165486687,0.0009734872613886836,2
6,0.02,12,88,9,0.003531074326287964,3.07870288835943e-05,2
6,0.02,12,88,10,0.00048303211231726095,5.508023104283666e-07,1
6,0.02,12,89,1,3.7743035774954663,5.077158561910879,7
6,0.02,12,89,2,3.0105166181949574,4.094378039359407,7
6,0.02,12,89,3,1.4381198627189011,1.7102738528971049,6
6,0.02,12,89,4,0.8662205219343768,1.010125569288336,4
6,0.02,12,89,5,0.10243356263386616,0.027345046736863665,4
6,0.02,12,89,6,0.023372573156420273,0.001341350701429711,4
6,0.02,12,89,7,0.005171293619463668,0.00045725069046920197,1
6,0.02,12,89,8,0.0013199211733674332,2.2642087101232278e-05,1
6,0.02,12,89,9,0.00031772682788400175,1.10979638456854e-06,1
6,0.02,12,89,10,5.874179837839222e-05,9.841176229485882e-08,1
6,0.02,12,90,1,4.7753485235123545,6.688638416740449,8
6,0.02,12,90,2,3.7220433741078676,5.065100689233802,7
6,0.02,12,90,3,2.188854892321986,3.085313879605902,4
6,0.02,12,90,4,1.75400534258414,2.1456812314913183,5
6,0.02,12,90,5,1.0214008581057392,1.1996663285255558,4
6,0.02,12,90,6,0.40204026822924277,0.2992451298518066,3
6,0.02,12,90,7,0.08659391857055176,0.03590475550186589,2
6,0.02,12,90,8,0.02378464633548205,0.0009332639489514349,3
6,0.02,12,90,9,0.005724022394092643,0.00019671306032087443,2
6,0.02,12,90,10,0.001146713055119264,4.3257508099969755e-06,1
6,0.02,12,91,1,5.296157453577168,7.514614054087094,6
6,0.02,12,91,2,3.8375532830183925,5.210513682919958,6
6,0.02,12,91,3,2.4020381613097204,3.330504263005883,6
6,0.02,12,91,4,1.518510174068508,1.9202339937772113,6
6,0.02,12,91,5,0.6641194852137531,0.5501195203650973,6
6,0.02,12,91,6,0.15808568031307146,0.044891795729663286,5
6,0.02,12,91,7,0.06855670449017026,0.013339682876146952,3
6,0.02,12,91,8,0.02290651617949102,0.0011355364834120252,3
6,0.02,12,91,9,0.005625268632263314,5.5719366079287624e-05,2
6,0.02,12,91,10,0.0009798514228105404,2.461709046386318e-06,1
6,0.02,12,92,1,3.164427554354928,4.561877382702022,2
6,0.02,12,92,2,2.1024307372931563,2.8522183573284074,3
6,0.02,12,92,3,0.8307036849868439,1.107396292405297,5
6,0.02,12,92,4,0.29368449476129044,0.15587985797116222,1
6,0.02,12,92,5,0.17863081622124355,0.20442903701664417,3
6,0.02,12,92,6,0.038809218551937974,0.009697390934084282,2
6,0.02,12,92,7,0.018118632231303167,0.0013321410844211456,1
6,0.02,12,92,8,0.0014325219593089855,4.1502296451056964e-05,1
6,0.02,12,92,9,0.0003760828411092376,7.388622353943219e-06,1
6,0.02,12,92,10,9.254604776565145e-05,5.727910732389319e-07,1
6,0.02,12,93,1,4.1397002891889905,5.6977317013616595,2
6,0.02,12,93,2,2.667195357695711,3.7282189591217083,3
6,0.02,12,93,3,1.7542236191204168,2.6494363044058407,5
6,0.02,12,93,4,1.1595326645227004,1.7856346268249812,5
6,0.02,12,93,5,0.4171819742790124,0.4794062467436042,5
6,0.02,12,93,6,0.06911569123138861,0.034096920036001066,2
6,0.02,12,93,7,0.031315014905633376,0.004418582965190154,3
6,0.02,12,93,8,0.012761838614746779,0.0008397995987472484,2
6,0.02,12,93,9,0.0021138221627072795,1.8589149071601696e-05,1
6,0.02,12,93,10,0.0002886372707138207,7.036345692768009e-07,1
6,0.02,12,94,1,4.191886631476569,5.926061111903543,2
6,0.02,12,94,2,2.0188369095082503,2.8492712075134285,6
6,0.02,12,94,3,1.8089062625661096,2.698119968897444,3
6,0.02,12,94,4,0.9920281791799663,1.390790154107151,2
6,0.02,12,94,5,0.21868902941591095,0.16903979166825067,1
6,0.02,12,94,6,0.052707844000487114,0.010083130248521144,2
6,0.02,12,94,7,0.022433062956432437,0.001889471746782334,3
6,0.02,12,94,8,0.004626495952715359,0.00015355901906488612,2
6,0.02,12,94,9,0.001203388909212677,1.0903569284792525e-05,1
6,0.02,12,94,10,0.0001782693848948469,3.9974031018630285e-07,1
6,0.02,12,95,1,3.9546905216300097,5.492604075452562,7
6,0.02,12,95,2,2.249579917495094,3.082587932584307,6
6,0.02,12,95,3,1.454368794049305,1.9998790496005991,6
6,0.02,12,95,4,0.4461301611072308,0.38389709241364756,6
6,0.02,12,95,5,0.09899727243475454,0.05037622837323141,3
6,0.02,12,95,6,0.03608067706703366,0.006112424794959992,2
6,0.02,12,95,7,0.014032208082012332,0.0011040831058757306,2
6,0.02,12,95,8,0.004114182947517975,0.00010384448290956527,1
6,0.02,12,95,9,0.0009358698692825129,6.284172506809682e-06,1
6,0.02,12,95,10,9.413531368096528e-05,1.1712157110821408e-07,1
6,0.02,12,96,1,4.296180178130532,6.177108190434613,5
6,0.02,12,96,2,2.8744794338047495,3.921220454520139,5
6,0.02,12,96,3,2.00063692163247,2.782032631334171,5
6,0.02,12,96,4,0.9708243770667693,1.1280789837414558,4
6,0.02,12,96,5,0.7938545843998135,0.9582089013207149,3
6,0.02,12,96,6,0.08197154868266843,0.03251460167472775,3
6,0.02,12,96,7,0.012223024460142895,0.0025559828731998024,3
6,0.02,12,96,8,0.0045228234955771995,0.0004339408946218981,3
6,0.02,12,96,9,0.00027539665591369555,3.401563283489395e-06,2
6,0.02,12,96,10,2.1681119791949754e-05,1.3766714701546334e-07,1
6,0.02,12,97,1,3.9278463096687,5.619942974183715,3
6,0.02,12,97,2,2.444106690389022,3.276136001550256,3
6,0.02,12,97,3,1.2602612646177693,1.6131204314194036,1
6,0.02,12,97,4,0.6737749223707219,0.9121689347441535,2
6,0.02,12,97,5,0.24155168013802886,0.17537867122298945,1
6,0.02,12,97,6,0.050133010849052084,0.00703452304883001,4
6,0.02,12,97,7,0.01501522356027074,0.0009475869420114691,3
6,0.02,12,97,8,0.001968496128116115,3.290622902518692e-05,1
6,0.02,12,97,9,0.0010621409728202025,6.024277782401555e-06,1
6,0.02,12,97,10,8.774290196100765e-05,8.706372511824156e-08,1
6,0.02,12,98,1,4.423392110301778,6.25220727987141,9
6,0.02,12,98,2,3.291385365025553,4.7137975587197545,7
6,0.02,12,98,3,1.6629945690534367,2.259070378399114,7
6,0.02,12,98,4,0.41718486536796284,0.2748173785380166,6
6,0.02,12,98,5,0.13653646933281927,0.02500723780223435,6
6,0.02,12,98,6,0.04229461543199342,0.010233867606340041,3
6,0.02,12,98,7,0.010440295924306398,0.0006477159144893108,3
6,0.02,12,98,8,0.003588575320177867,4.602944277110055e-05,3
6,0.02,12,98,9,0.0006146082999496372,2.3380661922089985e-06,2
6,0.02,12,98,10,0.00018580322286076978,2.3333425325233748e-07,1
6,0.02,12,99,1,4.128533828678012,5.7364031176465495,9
6,0.02,12,99,2,2.9023764183721994,4.001783770553164,8
6,0.02,12,99,3,1.6805880603014138,2.319650886625311,5
6,0.02,12,99,4,0.9549935625402242,1.281005052527938,5
6,0.02,12,99,5,0.32947982575074697,0.3726190911677385,5
6,0.02,12,99,6,0.09653356282201386,0.04326662901807321,1
6,0.02,12,99,7,0.03445700219109682,0.0033559441228909748,2
6,0.02,12,99,8,0.015718159858048253,0.0006350036776332502,1
6,0.02,12,99,9,0.0037227373689852072,8.306298031435233e-05,1
6,0.02,12,99,10,0.0007442514897189056,2.0517623049443046e-06,1
6,0.02,12,100,1,4.542416181248074,6.319166908476518,9
6,0.02,12,100,2,2.92343058892593,3.8847697924088607,6
6,0.02,12,100,3,2.3642928446078475,3.059095740330367,6
6,0.02,12,100,4,1.5950513354119646,2.0318016843956688,5
6,0.02,12,100,5,1.0868242507870836,1.2677790015764216,5
6,0.02,12,100,6,0.13125612250850693,0.061300732978688544,3
6,0.02,12,100,7,0.03422900954740449,0.004738826130385121,3
6,0.02,12,100,8,0.012157112350701382,0.0006283930115014158,3
6,0.02,12,100,9,0.0020814984081116705,1.208657922013856e-05,1
6,0.02,12,100,10,0.0006628980406571117,1.4912517301013395e-06,1
6,0.02,12,101,1,4.635751745416552,6.477376205236192,5
6,0.02,12,101,2,3.192930858481322,4.570884375391298,5
6,0.02,12,101,3,2.0450002800244427,2.901005366452379,2
6,0.02,12,101,4,1.144795915531219,1.3718540424290566,2
6,0.02,12,101,5,0.35544486599491343,0.2814637987237134,4
6,0.02,12,101,6,0.07453465468472409,0.01295047263006488,4
6,0.02,12,101,7,0.03297277918305497,0.0050407589007566145,2
6,0.02,12,101,8,0.009063110244623473,0.0012720183802557017,1
6,0.02,12,101,9,0.002587195234164952,2.6225223242803963e-05,2
6,0.02,12,101,10,0.0005997715052981079,2.621346112618994e-06,1
6,0.02,12,102,1,4.190151747697119,5.8687118906485765,3
6,0.02,12,102,2,3.075537051403259,4.165575958139826,3
6,0.02,12,102,3,2.277949031641082,3.1024855482764666,7
6,0.02,12,102,4,1.1955301683894284,1.420298412623242,6
6,0.02,12,102,5,0.4186680794630213,0.2801016769450513,2
6,0.02,12,102,6,0.15425464257907606,0.08565348611029222,4
6,0.02,12,102,7,0.07556186467151704,0.010894057258859391,3
6,0.02,12,102,8,0.020396223564969063,0.0007091745828411433,2
6,0.02,12,102,9,0.0027185398262901117,1.5829714673287754e-05,1
6,0.02,12,102,10,0.00035070187365526806,1.9902316417130805e-07,1
6,0.02,12,103,1,3.9008129830606357,5.490157875231176,7
6,0.02,12,103,2,2.677407293906576,3.7478809931420862,7
6,0.02,12,103,3,1.319616542831458,1.5795598872057646,5
6,0.02,12,103,4,0.5127305513985512,0.5434058941849154,2
6,0.02,12,103,5,0.23891820709652123,0.14588540559627106,2
6,0.02,12,103,6,0.0913520043216689,0.019056202230625985,2
6,0.02,12,103,7,0.026734516336832215,0.0021279937147440364,2
6,0.02,12,103,8,0.009623707141590998,0.00042158852095219856,2
6,0.02,12,103,9,0.003564720993281867,5.806281104625555e-05,2
6,0.02,12,103,10,0.0009762468105414257,3.8743933394869146e-06,1
6,0.02,12,104,1,3.1822775028366284,4.551741464763321,5
6,0.02,12,104,2,2.150071703607585,2.919139065712212,6
6,0.02,12,104,3,1.3701653499451556,1.8975072894967546,3
6,0.02,12,104,4,0.26495033269227086,0.27852345917711574,2
6,0.02,12,104,5,0.09891037436060124,0.05160531119749123,1
6,0.02,12,104,6,0.02153839107943334,0.0032286025414309805,5
6,0.02,12,104,7,0.005140776893515664,0.0004486183263976429,4
6,0.02,12,104,8,0.0006963590518918039,1.7387751837460996e-05,1
6,0.02,12,104,9,0.00021541295831717377,1.5929719410223697e-06,2
6,0.02,12,104,10,7.817250529562614e-05,3.2187008613959733e-07,1
6,0.02,12,105,1,4.32961797320673,5.976880692435323,5
6,0.02,12,105,2,3.1569852130401266,4.285740328457358,4
6,0.02,12,105,3,1.8522498912038081,2.401498342183361,5
6,0.02,12,105,4,1.3488319655875713,1.835901406094413,6
6,0.02,12,105,5,0.7786818873919206,0.996917837188473,5
6,0.02,12,105,6,0.10128431442167951,0.05364988546725691,4
6,0.02,12,105,7,0.03385583282462257,0.004412832750752216,3
6,0.02,12,105,8,0.006371570901519519,0.0001596925141758021,2
6,0.02,12,105,9,0.0019622405717392155,1.2962900427737623e-05,1
6,0.02,12,105,10,0.00035028729497454947,5.394434587913111e-07,1
6,0.02,12,106,1,3.8429140782902405,5.498200310998431,3
6,0.02,12,106,2,2.6728038334453483,3.781091362180991,2
6,0.02,12,106,3,1.3719695919429569,1.8915885866571074,3
6,0.02,12,106,4,0.9051600067991394,1.105916749256144,3
6,0.02,12,106,5,0.25340121083655376,0.164600599992049,3
6,0.02,12,106,6,0.05055467019223592,0.008318291315232429,2
6,0.02,12,106,7,0.01633180902610576,0.002197794932389918,1
6,0.02,12,106,8,0.0019090383657385246,8.107094485865218e-05,2
6,0.02,12,106,9,0.00058326632261263,1.870756282684738e-05,1
6,0.02,12,106,10,5.4511463295270346e-05,8.486652305350617e-07,1
6,0.02,12,107,1,3.88560909836632,5.497265164154278,7
6,0.02,12,107,2,2.717379071806663,3.829834500880743,7
6,0.02,12,107,3,1.296885933119201,1.5716923196695198,6
6,0.02,12,107,4,0.42525065353130387,0.29615674388477853,5
6,0.02,12,107,5,0.13248235118203588,0.0179141576006554,5
6,0.02,12,107,6,0.0287074695689693,0.000846811600069941,5
6,0.02,12,107,7,0.0075881598691704966,0.0003405054580998268,2
6,0.02,12,107,8,0.0023493286869769037,1.7583618717509353e-05,2
6,0.02,12,107,9,0.000613574630889957,1.1409511113669168e-06,2
6,0.02,12,107,10,9.865615455062482e-05,5.621665266630771e-08,1
6,0.02,12,108,1,3.817732895625726,5.496500779474616,4
6,0.02,12,108,2,2.453312508275241,3.3077302186350543,3
6,0.02,12,108,3,1.4077204095772498,1.693510645511033,7
6,0.02,12,108,4,0.8169025445794045,1.0446921668012674,4
6,0.02,12,108,5,0.3123734714283195,0.26817898057899114,5
6,0.02,12,108,6,0.1447241605076588,0.08782832662469708,4
6,0.02,12,108,7,0.03621561818584773,0.021207030032635465,4
6,0.02,12,108,8,0.005979992835419168,7.53907026815881e-05,2
6,0.02,12,108,9,0.0014294764392381865,9.440298327945129e-06,1
6,0.02,12,108,10,0.0002297913474738067,9.358379706725373e-07,1
6,0.02,12,109,1,5.705197324863844,8.12298391566852,6
6,0.02,12,109,2,4.380371079011352,6.327658253145977,3
6,0.02,12,109,3,3.238695401133091,4.659950551257136,3
6,0.02,12,109,4,2.584745801734405,3.7636285048027283,3
6,0.02,12,109,5,1.1301065042006222,1.3392852992810091,2
6,0.02,12,109,6,0.2611986877916479,0.17456917491683477,3
6,0.02,12,109,7,0.09236274787076759,0.01251057666582156,2
6,0.02,12,109,8,0.035149006195759114,0.006397281858358639,3
6,0.02,12,109,9,0.012596868398791372,0.0007823766598438198,2
6,0.02,12,109,10,0.0021235162175550215,1.5346719436593048e-05,1
6,0.02,12,110,1,3.9164112458594094,5.5453826741274845,8
6,0.02,12,110,2,2.997352824303519,4.14130749205612,7
6,0.02,12,110,3,1.7529100282110122,2.355447439745836,6
6,0.02,12,110,4,0.7877931880634197,0.996692433682445,6
6,0.02,12,110,5,0.13279124273329046,0.029770308123015177,6
6,0.02,12,110,6,0.004569617554171401,0.0002898019004167196,1
6,0.02,12,110,7,0.0005450690569546168,1.4015346868845313e-05,4
6,0.02,12,110,8,9.963435029902712e-05,1.2352503269141835e-06,1
6,0.02,12,110,9,3.088176438303947e-05,1.5530931563034756e-07,1
6,0.02,12,110,10,7.73223355565733e-06,1.2542670901893871e-08,1
6,0.02,12,111,1,3.761902236280628,5.154676914504556,4
6,0.02,12,111,2,2.410181913697942,3.2847338430943314,3
6,0.02,12,111,3,1.5425304872510797,2.0475951600858684,6
6,0.02,12,111,4,0.8934154640130583,1.1381743517364091,5
6,0.02,12,111,5,0.21005061330476238,0.10089705388591064,5
6,0.02,12,111,6,0.10725282528824387,0.03631219650652362,3
6,0.02,12,111,7,0.041932496853130274,0.005858589584274654,2
6,0.02,12,111,8,0.009346957664309485,0.00028381586114356594,2
6,0.02,12,111,9,0.0015624482893557001,1.6402348320454507e-05,1
6,0.02,12,111,10,1.9887102384430477e-05,1.8820443870026793e-08,1
6,0.02,12,112,1,3.374363655842032,4.819014662066905,8
6,0.02,12,112,2,2.710204705083772,3.8293399076698478,3
6,0.02,12,112,3,1.5453547034185107,2.106121479169527,2
6,0.02,12,112,4,0.9542158332004931,1.174706888935174,2
6,0.02,12,112,5,0.4018543934553094,0.2462953246089974,2
6,0.02,12,112,6,0.07315197872418722,0.01691671602413969,3
6,0.02,12,112,7,0.025987848048012907,0.0017443740014106979,4
6,0.02,12,112,8,0.008639291071201427,0.00020097248698291992,3
6,0.02,12,112,9,0.002800541593185102,3.353683852225231e-05,2
6,0.02,12,112,10,0.0005082712922668264,9.26352523578089e-07,1
6,0.02,12,113,1,3.5936051283654358,4.992168604680693,2
6,0.02,12,113,2,2.265407903517195,3.1032756600266715,7
6,0.02,12,113,3,1.3157129202461224,1.8843311394534528,3
6,0.02,12,113,4,0.7018226412708906,0.9885959160480713,3
6,0.02,12,113,5,0.21140503806461908,0.14430704726002475,2
6,0.02,12,113,6,0.06907114550902982,0.016243630760053307,3
6,0.02,12,113,7,0.025148273529252307,0.001474428853512677,3
6,0.02,12,113,8,0.00834183231352803,0.0001354012338730115,2
6,0.02,12,113,9,0.002202577811866391,8.167051793961377e-06,1
6,0.02,12,113,10,0.0005060905327152199,5.737721124887685e-07,1
6,0.02,12,114,1,2.9237408414515667,3.994223170811699,7
6,0.02,12,114,2,1.746102556040615,2.236309415168323,4
6,0.02,12,114,3,1.0215769610420065,1.301390799625116,3
6,0.02,12,114,4,0.35432294723816504,0.24956003321906461,4
6,0.02,12,114,5,0.21802458603580632,0.17197590549530872,3
6,0.02,12,114,6,0.039883228930904124,0.0031433879559887856,2
6,0.02,12,114,7,0.011420996702979025,0.0006612509686556578,1
6,0.02,12,114,8,0.00171710699006411,6.5776394198024946e-06,2
6,0.02,12,114,9,0.00032968490520879357,5.674787537657267e-07,1
6,0.02,12,114,10,2.8241403656537045e-05,3.345148691380473e-08,1
6,0.02,12,115,1,4.071702060458005,5.735026030531831,5
6,0.02,12,115,2,3.2162890252228262,4.609592083703619,3
6,0.02,12,115,3,2.1254334783058777,2.9733410249034966,3
6,0.02,12,115,4,0.8186769091204251,1.0963837027051495,6
6,0.02,12,115,5,0.30471909568458244,0.20326137216022389,5
6,0.02,12,115,6,0.09640308854784507,0.043072365886233754,4
6,0.02,12,115,7,0.06047157279854787,0.024448726046895075,3
6,0.02,12,115,8,0.013889158509559962,0.005935846214798701,2
6,0.02,12,115,9,0.0038326581842511587,0.0004624259867043179,1
6,0.02,12,115,10,0.00022293026994191223,1.7586291498616902e-06,1
6,0.02,12,116,1,4.310781289340552,5.815115590736301,7
6,0.02,12,116,2,3.123515501886816,4.094502286428764,7
6,0.02,12,116,3,1.481448152958647,1.925765306794144,7
6,0.02,12,116,4,0.9250935051718532,1.0758575622057958,6
6,0.02,12,116,5,0.09074734742303292,0.055943491064677886,3
6,0.02,12,116,6,0.027020787270339852,0.009029967407988337,2
6,0.02,12,116,7,0.006371420662180327,0.00027567388884364163,1
6,0.02,12,116,8,0.0014922037890094941,0.00011793991632025325,2
6,0.02,12,116,9,0.00043954772452359236,1.268385591401966e-05,2
6,0.02,12,116,10,9.897621114163258e-05,3.833537682851329e-07,1
6,0.02,12,117,1,4.989739415227357,7.208110048600432,5
6,0.02,12,117,2,3.4907175005106605,4.961246919152503,4
6,0.02,12,117,3,1.8646438694582397,2.42364570858941,2
6,0.02,12,117,4,1.2089832925670017,1.4303036556727617,2
6,0.02,12,117,5,0.5438979223864315,0.43621310608985375,1
6,0.02,12,117,6,0.14975456415307242,0.019880922954202518,1
6,0.02,12,117,7,0.03161984158409936,0.0013486220711467212,1
6,0.02,12,117,8,0.011906613292891777,0.0003647103145372199,1
6,0.02,12,117,9,0.0008290661706293889,4.6121892509631834e-06,1
6,0.02,12,117,10,0.00029289311241775806,6.284933640188228e-07,1
6,0.02,12,118,1,4.955271489117186,7.134736680612917,6
6,0.02,12,118,2,3.9043030288391094,5.508024191000686,7
6,0.02,12,118,3,2.7211661819848487,3.866850123928863,6
6,0.02,12,118,4,1.51458210591794,2.049679217766668,6
6,0.02,12,118,5,0.8557516349136147,1.047785476334644,6
6,0.02,12,118,6,0.13406389699403398,0.03682262246054879,5
6,0.02,12,118,7,0.021836515257604105,0.0013998518466209475,1
6,0.02,12,118,8,0.009485964451783957,0.00034591899717995034,1
6,0.02,12,118,9,0.0033944199024240618,5.840902944953541e-05,2
6,0.02,12,118,10,0.0015500948237114898,9.733030054803748e-06,1
6,0.02,12,119,1,2.791187867112736,3.8818668291739282,2
6,0.02,12,119,2,1.6566145097695362,2.18378464254876,1
6,0.02,12,119,3,1.1721676755011536,1.7979302479070247,7
6,0.02,12,119,4,0.3203320903109379,0.31696981406256963,6
6,0.02,12,119,5,0.11077184354312841,0.05764613360194115,5
6,0.02,12,119,6,0.02157621478967542,0.0026110583379264085,5
6,0.02,12,119,7,0.007669415679274039,0.001111846308456066,3
6,0.02,12,119,8,0.003414350668045074,0.0001766629056607627,2
6,0.02,12,119,9,0.0007125102046998677,8.52731755252023e-06,2
6,0.02,12,119,10,0.00012809407491687352,3.4790886083158057e-07,1
6,0.02,12,120,1,4.780115013830475,6.991486644296,8
6,0.02,12,120,2,3.398115518592988,4.705778386471232,6
6,0.02,12,120,3,2.318067435071402,3.123031659527882,6
6,0.02,12,120,4,0.9757144474183548,1.2639343741822113,5
6,0.02,12,120,5,0.3251764849152412,0.23099720093122755,5
6,0.02,12,120,6,0.07759833438512942,0.016485392572652913,4
6,0.02,12,120,7,0.023027695695160944,0.020583849563291068,2
6,0.02,12,120,8,0.007936347245252051,0.000978602841247067,2
6,0.02,12,120,9,0.0010602540113744396,9.915375747127086e-06,1
6,0.02,12,120,10,0.00013824053420741222,1.9348100188665285e-07,1
6,0.02,12,121,1,5.182500843238289,7.284954853616876,4
6,0.02,12,121,2,3.9569541537732906,5.627647279406119,3
6,0.02,12,121,3,2.753970703613895,3.8061369006415644,3
6,0.02,12,121,4,1.6920579720487794,2.2037658751380595,3
6,0.02,12,121,5,0.7328414891451231,0.9594980566119409,3
6,0.02,12,121,6,0.13529144124429848,0.11502400680783786,3
6,0.02,12,121,7,0.06611822895740893,0.04191583357056139,3
6,0.02,12,121,8,0.022626824386566824,0.00417806005155974,2
6,0.02,12,121,9,0.007269378233203838,0.00020984671958679257,2
6,0.02,12,121,10,0.0020354313742547703,7.009304514582482e-06,1
6,0.02,12,122,1,3.970820094323221,5.615684774037021,8
6,0.02,12,122,2,2.9933261549459775,4.176538739609477,7
6,0.02,12,122,3,1.9425631498366034,2.509092208585825,6
6,0.02,12,122,4,0.8516951930330112,1.068046182466456,4
6,0.02,12,122,5,0.4442786127528784,0.3733985348091444,4
6,0.02,12,122,6,0.04581867803528894,0.012123734644046813,2
6,0.02,12,122,7,0.021890980860176157,0.0028160886544359442,2
6,0.02,12,122,8,0.003397867129802279,0.0001449518146401374,2
6,0.02,12,122,9,0.0007485404955165365,8.493844191548305e-06,2
6,0.02,12,122,10,8.877254968453485e-06,1.6343125963658167e-08,1
6,0.02,12,123,1,2.932752311127956,4.03691241866947,5
6,0.02,12,123,2,1.8036925488184998,2.373370216805112,4
6,0.02,12,123,3,0.8530482440132587,0.8906717111887517,7
6,0.02,12,123,4,0.4182743402586304,0.30179687796684007,2
6,0.02,12,123,5,0.2189671441211658,0.09431605343529004,1
6,0.02,12,123,6,0.04209369978010358,0.0025619133412311257,1
6,0.02,12,123,7,0.01125653383728853,0.00022037545655173574,1
6,0.02,12,123,8,0.004817980442025416,6.247113847734909e-05,2
6,0.02,12,123,9,0.001947066935247932,6.688285406397654e-06,1
6,0.02,12,123,10,0.0004299173287360958,3.656188969358709e-07,1
6,0.02,12,124,1,4.0314835626541985,5.678004479208624,6
6,0.02,12,124,2,2.550720297135989,3.3013614770115343,5
6,0.02,12,124,3,1.1263300984141331,1.4506490088274688,7
6,0.02,12,124,4,0.6315553226637434,0.8872126204110184,1
6,0.02,12,124,5,0.1774873304844835,0.05032727931539682,2
6,0.02,12,124,6,0.05499309515776751,0.005012722014994253,1
6,0.02,12,124,7,0.019089228426381055,0.0007774477986224326,3
6,0.02,12,124,8,0.005832838694647791,6.109638121465366e-05,2
6,0.02,12,124,9,0.0016711131891771203,5.157831745705721e-06,1
6,0.02,12,124,10,0.0004536705043793887,3.0887331980977706e-07,1
6,0.02,12,125,1,4.9996355105099735,7.1881066344977285,7
6,0.02,12,125,2,3.836278861939496,5.4846977204196286,6
6,0.02,12,125,3,2.556220916620523,3.420907157299162,5
6,0.02,12,125,4,1.2463437675102647,1.4638399146124712,4
6,0.02,12,125,5,0.23431189034286426,0.07525264875733395,4
6,0.02,12,125,6,0.06898422625443779,0.027754460464654684,2
6,0.02,12,125,7,0.021808696513589965,0.004811840325125161,1
6,0.02,12,125,8,0.004232386583643333,5.309296003730424e-05,1
6,0.02,12,125,9,0.0008799031216071285,1.5856630088961765e-06,2
6,0.02,12,125,10,0.00024007283658811218,1.4918833102228746e-07,1
6,0.02,12,126,1,5.188708585057089,7.398281541320486,7
6,0.02,12,126,2,4.105556844714183,5.7208176236948525,7
6,0.02,12,126,3,2.2635079044034008,3.0490418651667355,4
6,0.02,12,126,4,1.5499614259345709,2.0113173208764765,4
6,0.02,12,126,5,0.4668096855916648,0.33385340325084023,4
6,0.02,12,126,6,0.08863773028637922,0.015353293546029434,3
6,0.02,12,126,7,0.02855392550997493,0.0016356380507804857,1
6,0.02,12,126,8,0.011719292663036285,0.00020977345575623474,1
6,0.02,12,126,9,0.0021166477584095844,6.717503348241394e-06,1
6,0.02,12,126,10,0.0005976637039459831,4.384254754796757e-07,1
6,0.02,12,127,1,3.6762532194427546,5.066826831645372,2
6,0.02,12,127,2,2.469216608813701,3.2701117326450397,2
6,0.02,12,127,3,1.1464971122599845,1.4612370968581097,2
6,0.02,12,127,4,0.39957144999960015,0.2638204287667687,1
6,0.02,12,127,5,0.0909130955329207,0.019166721185464475,1
6,0.02,12,127,6,0.014262460293887003,0.0032442042835594265,2
6,0.02,12,127,7,0.0039047124791924404,0.0001838720367883795,1
6,0.02,12,127,8,0.0007531601958739031,1.0336856052006738e-05,1
6,0.02,12,127,9,0.00014158787353757418,5.62955912997154e-07,1
6,0.02,12,127,10,2.8119516668922984e-05,3.5105236051435895e-08,1
6,0.02,12,128,1,4.256968048470444,6.184392010036095,3
6,0.02,12,128,2,3.2069266708858883,4.680412510953969,3
6,0.02,12,128,3,1.5338181648853375,2.0123452137438944,7
6,0.02,12,128,4,0.5509734364177596,0.5920676243013077,3
6,0.02,12,128,5,0.20214919542178755,0.11164296872494361,3
6,0.02,12,128,6,0.07923255248219263,0.016780473819325792,3
6,0.02,12,128,7,0.04364864987481987,0.003654576094223927,3
6,0.02,12,128,8,0.013941206258436978,0.0004477973617262876,2
6,0.02,12,128,9,0.0021345845232776384,1.3760155759712234e-05,2
6,0.02,12,128,10,0.0003215087509182979,2.0351756724323877e-07,1
6,0.02,12,129,1,4.409177285649708,6.293542072430082,6
6,0.02,12,129,2,3.311069587519288,4.684451291094039,4
6,0.02,12,129,3,2.258642841475261,3.126823753084288,6
6,0.02,12,129,4,1.1034312977967424,1.4041822386065412,6
6,0.02,12,129,5,0.3722676961284481,0.20020657475916437,6
6,0.02,12,129,6,0.12917210770842402,0.044309468214368763,4
6,0.02,12,129,7,0.0519880494123619,0.006263931767183095,4
6,0.02,12,129,8,0.007985658878594037,0.0002081215594564867,3
6,0.02,12,129,9,0.00250100720238855,2.255693968322703e-05,2
6,0.02,12,129,10,0.0003898906602124441,9.607378927967147e-07,1
6,0.02,12,130,1,3.808215603796638,5.4143165259191655,6
6,0.02,12,130,2,2.7003088439120884,3.824418000957131,6
6,0.02,12,130,3,1.4956767861813827,2.120728187588437,7
6,0.02,12,130,4,0.9425991694179956,1.2464916010766398,6
6,0.02,12,130,5,0.19843124161148396,0.16214269769082001,5
6,0.02,12,130,6,0.08836731094212524,0.08007071204517757,4
6,0.02,12,130,7,0.021785334085175023,0.0034244942059835637,4
6,0.02,12,130,8,0.002624817651712519,0.00010469332461759961,2
6,0.02,12,130,9,0.0012423894151947223,3.049536533872299e-05,1
6,0.02,12,130,10,0.00029751023216384453,1.0294017851464332e-06,1
6,0.02,12,131,1,3.3083648115126607,4.676135773050129,8
6,0.02,12,131,2,2.374839079814862,3.239271539059546,6
6,0.02,12,131,3,1.3785016658396039,1.6451137322508345,5
6,0.02,12,131,4,0.8560586553243077,1.038833424571063,3
6,0.02,12,131,5,0.2237770230386147,0.11731237010574702,3
6,0.02,12,131,6,0.09466066825642727,0.016204190567318477,2
6,0.02,12,131,7,0.02009208208911062,0.002235568918450781,1
6,0.02,12,131,8,0.007472764761649486,9.612406674719409e-05,3
6,0.02,12,131,9,0.0028956786797493805,1.3950448538579963e-05,2
6,0.02,12,131,10,0.0006778460562202326,1.6086667216086425e-06,1
6,0.02,12,132,1,4.191957601334275,5.805309176458238,4
6,0.02,12,132,2,3.0065699836950674,4.11727474802769,2
6,0.02,12,132,3,2.010063341092321,2.550926437434793,2
6,0.02,12,132,4,0.8915283538439791,1.0832874218709225,3
6,0.02,12,132,5,0.3064764723953317,0.17293560733931201,2
6,0.02,12,132,6,0.11211911150458498,0.015971315385916895,2
6,0.02,12,132,7,0.027112176232479968,0.001267131698865498,4
6,0.02,12,132,8,0.014221667208733635,0.0003823906073190386,2
6,0.02,12,132,9,0.0030385206763607897,1.2839792098873204e-05,1
6,0.02,12,132,10,0.0005966191599533488,4.821990131631537e-07,1
6,0.02,12,133,1,3.978179523464611,5.470942280994061,3
6,0.02,12,133,2,2.2774880313638093,3.1468225294846945,4
6,0.02,12,133,3,1.5915007416106555,2.161607795303693,4
6,0.02,12,133,4,1.2261441083894304,1.5220144847217387,4
6,0.02,12,133,5,0.5518877965223652,0.4276825329574896,4
6,0.02,12,133,6,0.1289478345655013,0.04386025813162853,3
6,0.02,12,133,7,0.03232146927714474,0.0036183319391103197,3
6,0.02,12,133,8,0.010806699955114851,0.0015051946002593297,1
6,0.02,12,133,9,0.0009055199389607083,4.1997217667955056e-05,1
6,0.02,12,133,10,0.0001286148788821606,7.102407852954684e-07,1
6,0.02,12,134,1,3.8218190461541166,5.433811131177091,3
6,0.02,12,134,2,2.7794112362409873,3.8499952369374775,4
6,0.02,12,134,3,1.4757879848053914,2.072028573272018,3
6,0.02,12,134,4,0.9316057319790243,1.2047491588187071,2
6,0.02,12,134,5,0.24188586729468042,0.08647082313744114,4
6,0.02,12,134,6,0.07079301270230509,0.00843633910528574,3
6,0.02,12,134,7,0.0371379772933782,0.002961063515419582,2
6,0.02,12,134,8,0.006939607179285545,0.0001827578422304299,2
6,0.02,12,134,9,0.0025796603369983018,2.282356414262665e-05,2
6,0.02,12,134,10,0.00037870801001815835,3.4028508189010154e-07,1
6,0.02,12,135,1,4.535861173416711,6.432974526941777,9
6,0.02,12,135,2,3.4912969741012123,4.836370209705194,7
6,0.02,12,135,3,2.0587497909165773,2.640781375131496,7
6,0.02,12,135,4,0.8645307795864543,1.0354197828714948,6
6,0.02,12,135,5,0.19221651932294748,0.1465231114419936,4
6,0.02,12,135,6,0.08159321894191685,0.015122679267474126,3
6,0.02,12,135,7,0.03161212422062398,0.0020073273997702756,3
6,0.02,12,135,8,0.011605527185418296,0.0003168336387435744,1
6,0.02,12,135,9,0.004367664217538092,3.3107539314514156e-05,1
6,0.02,12,135,10,0.0005838499431387589,4.4486333194981853e-07,1
6,0.02,12,136,1,3.9041080472924214,5.6518467393599,6
6,0.02,12,136,2,2.9338377570068737,4.1576649228413345,6
6,0.02,12,136,3,1.8079308774094756,2.4520081080329668,6
6,0.02,12,136,4,0.9726250037215536,1.2105660371329714,5
6,0.02,12,136,5,0.25641999116511016,0.23651306397361793,2
6,0.02,12,136,6,0.1742548988131265,0.12540991143640667,2
6,0.02,12,136,7,0.042256010900093344,0.008887947857493472,2
6,0.02,12,136,8,0.007486288604322766,0.00028560802310906297,2
6,0.02,12,136,9,0.0012004368357132478,8.948236455808e-06,2
6,0.02,12,136,10,0.00015565432492081754,2.008111792406453e-07,1
6,0.02,12,137,1,4.433207588411593,6.399995101639719,5
6,0.02,12,137,2,3.4892017321600335,4.8645390875972385,4
6,0.02,12,137,3,2.300803347722333,3.12414976218325,3
6,0.02,12,137,4,1.1797804394033484,1.456181473442121,2
6,0.02,12,137,5,0.8540355533066268,1.0495632771429948,2
6,0.02,12,137,6,0.18097714293603495,0.08209275258256632,2
6,0.02,12,137,7,0.04791594669845978,0.005952691353821038,2
6,0.02,12,137,8,0.0120066843302844,0.00039970572755976264,2
6,0.02,12,137,9,0.004895116190388293,6.833143720896828e-05,2
6,0.02,12,137,10,0.0006152783890129854,1.7518098722746345e-06,1
6,0.02,12,138,1,4.164152184223914,5.712626901760206,4
6,0.02,12,138,2,2.9784636841652397,4.038528041742268,3
6,0.02,12,138,3,2.1725931838842296,2.979379574248666,4
6,0.02,12,138,4,1.3292886011599556,1.8907490846511088,4
6,0.02,12,138,5,0.6332675031061186,0.9303865959988364,3
6,0.02,12,138,6,0.14218417302054043,0.0767946683916989,4
6,0.02,12,138,7,0.06143150807371889,0.027633737770081268,3
6,0.02,12,138,8,0.014797404205003417,0.0011876616897517067,2
6,0.02,12,138,9,0.003247201075076589,8.867642865517666e-05,1
6,0.02,12,138,10,0.00035135024491772526,2.454910511318076e-06,1
6,0.02,12,139,1,3.901661518148531,5.5063333138108455,2
6,0.02,12,139,2,2.6316415636523125,3.7657762529483882,2
6,0.02,12,139,3,1.548891609459261,2.0676625067362835,2
6,0.02,12,139,4,0.7942336684178173,1.043702675012229,3
6,0.02,12,139,5,0.1335966811822864,0.02129954746601115,1
6,0.02,12,139,6,0.052783959767509714,0.02619167830798652,2
6,0.02,12,139,7,0.013729618037203295,0.001980837851254691,2
6,0.02,12,139,8,0.004961249723127281,0.0003929561656779157,2
6,0.02,12,139,9,0.0025403203129634733,6.716974764131578e-05,2
6,0.02,12,139,10,0.0005424826819009354,1.1738722616172481e-06,1
6,0.02,12,140,1,4.457270090630262,6.31996401844755,5
6,0.02,12,140,2,3.1332074905547085,4.521322127218857,6
6,0.02,12,140,3,2.0853716887624216,2.829737868448495,2
6,0.02,12,140,4,1.6548607114113665,2.105129103886494,2
6,0.02,12,140,5,0.6973819763788196,0.940999122301438,5
6,0.02,12,140,6,0.08094921272945932,0.03631250033489941,2
6,0.02,12,140,7,0.012664646644255484,0.0008973462871013638,3
6,0.02,12,140,8,0.006565705614171691,0.0002549676315499738,2
6,0.02,12,140,9,0.0005470826877580492,4.297572839817576e-06,1
6,0.02,12,140,10,4.401195688430448e-05,1.097611530553877e-07,1
6,0.02,12,141,1,4.220549071237233,5.621907128212673,9
6,0.02,12,141,2,2.8056301827515,3.8831803128356004,7
6,0.02,12,141,3,1.7469901780271933,2.30735431777728,6
6,0.02,12,141,4,1.0228031258875632,1.2258279368435705,6
6,0.02,12,141,5,0.16686581734769845,0.07096864559877503,6
6,0.02,12,141,6,0.036781923759185986,0.008020861685317904,5
6,0.02,12,141,7,0.012083262991051669,0.0014054642973437836,4
6,0.02,12,141,8,0.0027244941043704785,0.0001047484397354026,3
6,0.02,12,141,9,0.0008981499537057402,8.033461343259773e-06,2
6,0.02,12,141,10,0.00014652123903147185,8.050144622018252e-07,1
6,0.02,12,142,1,3.709648516149384,5.3354210996492455,5
6,0.02,12,142,2,2.625105652817922,3.7456232313187066,3
6,0.02,12,142,3,2.109533612422803,2.9379768441214393,6
6,0.02,12,142,4,0.9476126117085979,1.2486961945152464,5
6,0.02,12,142,5,0.1223275125399681,0.07015538177195246,4
6,0.02,12,142,6,0.06619289344039814,0.04256334230089287,3
6,0.02,12,142,7,0.021819629245454664,0.006634584668486099,2
6,0.02,12,142,8,0.00887631260285282,0.000825964200652507,1
6,0.02,12,142,9,0.0012900491112013412,1.3542766057028643e-05,1
6,0.02,12,142,10,0.00038734820777186485,2.9721599439369584e-06,1
6,0.02,12,143,1,3.747790875927148,5.384071045613396,5
6,0.02,12,143,2,2.9799162049708308,4.104777127356172,3
6,0.02,12,143,3,1.6349059649367987,2.2416387095526726,3
6,0.02,12,143,4,0.7112472866319202,0.9690809769312372,5
6,0.02,12,143,5,0.17945550551200107,0.09862206261113204,5
6,0.02,12,143,6,0.09647246348557559,0.03230427833083116,5
6,0.02,12,143,7,0.01741809942594763,0.0018246452734071994,3
6,0.02,12,143,8,0.009839316282768351,0.0006376006134054535,3
6,0.02,12,143,9,0.002389902640187458,2.6591212266779962e-05,2
6,0.02,12,143,10,0.0005704619300388458,1.3387781105933527e-06,1
6,0.02,12,144,1,4.1745842186096755,5.7987782713671905,7
6,0.02,12,144,2,3.0853130554854236,4.17468955724598,7
6,0.02,12,144,3,2.029426853765054,2.6368612277498755,7
6,0.02,12,144,4,0.8834877168484017,1.0512246879162142,7
6,0.02,12,144,5,0.17869396092879697,0.09375586755058851,6
6,0.02,12,144,6,0.03968323618389746,0.006551108586332788,3
6,0.02,12,144,7,0.01782881523689106,0.001954686017777263,3
6,0.02,12,144,8,0.0073994912386154965,0.0006077850467249846,3
6,0.02,12,144,9,0.001427178656253858,2.9724128804531347e-05,2
6,0.02,12,144,10,0.0002113520102309252,1.2163805571674402e-06,1
6,0.02,12,145,1,5.298755748151976,7.814059890158514,8
6,0.02,12,145,2,4.13786946587317,5.808984063257778,7
6,0.02,12,145,3,2.8595751411456227,3.967026073453418,6
6,0.02,12,145,4,1.554888204834885,2.127857856407914,5
6,0.02,12,145,5,0.6290172264099656,0.9217280457478925,4
6,0.02,12,145,6,0.15063995460098312,0.11922371846625701,4
6,0.02,12,145,7,0.053141446636903567,0.025073511147271077,2
6,0.02,12,145,8,0.014669157331868021,0.0022009236664821685,2
6,0.02,12,145,9,0.004148986647024344,0.00013787463972114722,2
6,0.02,12,145,10,0.0006399579352951434,1.5280533087747017e-06,1
6,0.02,12,146,1,4.8925252917911575,7.102551598821854,3
6,0.02,12,146,2,3.6521723602219236,5.349581027019337,3
6,0.02,12,146,3,2.585130371197179,3.7141433939303994,4
6,0.02,12,146,4,1.4964730008792149,2.063124681946288,3
6,0.02,12,146,5,0.3824570465461612,0.3478965527398614,4
6,0.02,12,146,6,0.11279819663193891,0.04350681433827397,4
6,0.02,12,146,7,0.045999304090043935,0.006217422916805049,3
6,0.02,12,146,8,0.011559037643298353,0.0003632806589148885,3
6,0.02,12,146,9,0.0021341357346056355,6.288046140667802e-06,1
6,0.02,12,146,10,0.000535961311411981,4.221165035289687e-07,1
6,0.02,12,147,1,5.034257073476526,7.142571994504847,4
6,0.02,12,147,2,3.5737491481775354,4.893785155946988,7
6,0.02,12,147,3,2.789315929654288,3.8500999738981356,5
6,0.02,12,147,4,1.6700348893988721,2.2039941129701113,5
6,0.02,12,147,5,1.4268433127889892,1.875579694405511,4
6,0.02,12,147,6,0.19962071523601566,0.09943669774026809,3
6,0.02,12,147,7,0.05769947152751875,0.010731157191637308,2
6,0.02,12,147,8,0.014811490883966272,0.0003751478498994487,1
6,0.02,12,147,9,0.0029895114989653138,1.3728821864233964e-05,1
6,0.02,12,147,10,0.000737694507535025,5.439434271892196e-07,1
6,0.02,12,148,1,4.977917940803303,7.0788934224289015,8
6,0.02,12,148,2,3.7297527659256975,5.310009195428663,8
6,0.02,12,148,3,2.247572715862871,3.087562690422061,5
6,0.02,12,148,4,1.0762768885115879,1.356915421271017,5
6,0.02,12,148,5,0.30863917282769116,0.26197931306765376,4
6,0.02,12,148,6,0.1326094460416236,0.02992988272578323,3
6,0.02,12,148,7,0.054542368594105994,0.006502363689106616,3
6,0.02,12,148,8,0.01907971347575632,0.0013621938885997054,2
6,0.02,12,148,9,0.0031019057634100733,2.7011548242583672e-05,2
6,0.02,12,148,10,0.0002759852013003439,5.297585676800054e-07,1
6,0.02,12,149,1,4.154644746514039,5.895311500607299,2
6,0.02,12,149,2,2.577342025529889,3.4490434481201913,2
6,0.02,12,149,3,1.0516700677914574,1.1328633826936816,1
6,0.02,12,149,4,0.12435214661472216,0.03257701128807433,1
6,0.02,12,149,5,0.025482923990916007,0.00504880356810844,2
6,0.02,12,149,6,0.004952441341364633,0.0005956519880712108,2
6,0.02,12,149,7,0.0022836935453671714,0.0003600110751253993,2
6,0.02,12,149,8,0.00046395321520620314,2.0125442746987687e-05,2
6,0.02,12,149,9,0.00016150332444375692,6.073662653705014e-06,2
6,0.02,12,149,10,2.904773163159291e-05,1.3111326602199824e-07,1
6,0.02,12,150,1,3.5678460711892015,4.893721614250168,5
6,0.02,12,150,2,2.228155259394077,3.082569308189427,3
6,0.02,12,150,3,1.5695905888201285,2.081752329502245,2
6,0.02,12,150,4,0.9530919760562,1.2129438808690773,5
6,0.02,12,150,5,0.192595707788918,0.09462856466337399,4
6,0.02,12,150,6,0.037650124746893,0.00284928656645711,4
6,0.02,12,150,7,0.02261260865222603,0.019473208104129114,2
6,0.02,12,150,8,0.005347056111187243,0.00020918278509185484,1
6,0.02,12,150,9,0.0008670132403985065,4.335448348768978e-06,1
6,0.02,12,150,10,0.00014291240725405885,1.9983242083299046e-07,1
6,0.02,12,151,1,5.386400818515689,7.626436604092236,6
6,0.02,12,151,2,4.076023280425762,5.646640818807372,5
6,0.02,12,151,3,2.587049943207141,3.3874888851785308,6
6,0.02,12,151,4,1.6338549713631885,2.122683278056459,3
6,0.02,12,151,5,0.35495162454642326,0.2239353112734328,5
6,0.02,12,151,6,0.11665858711099553,0.020811035805110123,3
6,0.02,12,151,7,0.036659098326438766,0.0022725655973037107,3
6,0.02,12,151,8,0.006751388135548098,5.419494982561446e-05,3
6,0.02,12,151,9,0.0009556778475765526,4.32045247400481e-06,1
6,0.02,12,151,10,0.0001728251649719681,1.0251131321581397e-07,1
6,0.02,12,152,1,3.024919868796296,4.010167564846098,6
6,0.02,12,152,2,1.7991596216397774,2.2908892139911057,5
6,0.02,12,152,3,1.0808470462173059,1.3094656889133711,4
6,0.02,12,152,4,0.3642542560898896,0.23550145095923103,3
6,0.02,12,152,5,0.10415364378875225,0.013804575813434639,2
6,0.02,12,152,6,0.029070272687700793,0.0018318801560948117,1
6,0.02,12,152,7,0.003672092922451853,0.00013295154499814998,3
6,0.02,12,152,8,0.0012729344303252788,1.365522819440912e-05,2
6,0.02,12,152,9,0.00040438553487298634,1.6306092120998983e-06,1
6,0.02,12,152,10,6.488826741168907e-05,3.89527645694443e-08,1
6,0.02,12,153,1,4.3313699812167545,6.313643278386079,3
6,0.02,12,153,2,2.626941973530835,3.7479236098713677,3
6,0.02,12,153,3,1.9675992475429513,2.852568365133468,3
6,0.02,12,153,4,0.7882449551194721,1.0265774764468256,2
6,0.02,12,153,5,0.1942826446053605,0.09741544386237422,3
6,0.02,12,153,6,0.03865395201073163,0.004336055267179617,2
6,0.02,12,153,7,0.01093166407367896,0.0003250698807697461,1
6,0.02,12,153,8,0.0013284340928496619,9.847135123308703e-06,1
6,0.02,12,153,9,0.0004086220077059721,1.2021937756401258e-06,1
6,0.02,12,153,10,3.561813729113794e-05,2.8445588995396065e-08,1
6,0.02,12,154,1,4.495318235815429,6.1562684327023565,5
6,0.02,12,154,2,3.133498823836266,4.253669668759041,4
6,0.02,12,154,3,2.3098203835665814,2.854501675458529,5
6,0.02,12,154,4,1.2980056575341479,1.482448722188325,4
6,0.02,12,154,5,0.5623031651141623,0.4203060841956514,4
6,0.02,12,154,6,0.11707354220503241,0.03413542991361318,4
6,0.02,12,154,7,0.04775422237559468,0.003117238190659677,3
6,0.02,12,154,8,0.014812020987914565,0.0004938591562737571,2
6,0.02,12,154,9,0.002501068607434931,1.7162353602273583e-05,2
6,0.02,12,154,10,0.0001366430326878998,1.1815322942254625e-07,1
6,0.02,12,155,1,3.3901317943661304,4.626504802839449,8
6,0.02,12,155,2,2.743286407876246,3.723500672752655,6
6,0.02,12,155,3,1.7241119589025775,2.1583935514500494,5
6,0.02,12,155,4,0.5018621891128383,0.29277035810644847,4
6,0.02,12,155,5,0.2772353384865376,0.1216851721975285,3
6,0.02,12,155,6,0.0681452505529947,0.007771547324236572,2
6,0.02,12,155,7,0.012333500932609098,0.00023121554003946443,1
6,0.02,12,155,8,0.0031623625808236966,4.143419905133783e-05,2
6,0.02,12,155,9,0.0006665410051240883,1.6599563217312152e-06,1
6,0.02,12,155,10,9.723442452092002e-05,4.2688975909754845e-08,1
6,0.02,12,156,1,3.8601286331674682,5.462998576551021,3
6,0.02,12,156,2,2.6922051399059246,3.8100772071688223,3
6,0.02,12,156,3,1.3301880073014605,1.643367584836298,2
6,0.02,12,156,4,0.5288417245856021,0.5827021498771447,5
6,0.02,12,156,5,0.12237362024878884,0.062185125448964484,4
6,0.02,12,156,6,0.05328393091914485,0.0069012152783543,2
6,0.02,12,156,7,0.024252235894302032,0.002596377073164291,2
6,0.02,12,156,8,0.007491004334173823,0.0004631417845626373,1
6,0.02,12,156,9,0.0011975291171086866,1.652394175799543e-05,2
6,0.02,12,156,10,0.0002838189787883749,1.4935729844012258e-06,1
6,0.02,12,157,1,3.9966052945520847,5.604581218521011,8
6,0.02,12,157,2,2.8378139138248653,3.9313650957378137,8
6,0.02,12,157,3,1.541946486162347,2.045591531318723,7
6,0.02,12,157,4,0.43000811932278715,0.21067904246041103,7
6,0.02,12,157,5,0.1858913255807142,0.077337501839434,2
6,0.02,12,157,6,0.03416641137612508,0.001115260286135289,5
6,0.02,12,157,7,0.013808375457140087,0.0011680763350696566,3
6,0.02,12,157,8,0.005077038262255584,0.0001308128407657705,2
6,0.02,12,157,9,0.0016874334309413541,4.719633686534053e-06,2
6,0.02,12,157,10,0.0002159326596373745,8.847799470856899e-08,1
6,0.02,12,158,1,4.017510268648504,5.583220312981837,9
6,0.02,12,158,2,2.4133937041379774,3.2033502641846496,8
6,0.02,12,158,3,0.9948340109747225,1.1146525420151248,8
6,0.02,12,158,4,0.6456494086673317,0.9024989499607248,6
6,0.02,12,158,5,0.054372883408387196,0.00852106954897458,3
6,0.02,12,158,6,0.009944940986970963,0.0031915291485820063,4
6,0.02,12,158,7,0.00374492062301357,0.0006347868698650672,3
6,0.02,12,158,8,0.0006912733536932336,3.21828013998271e-05,2
6,0.02,12,158,9,0.00022611457166732407,3.1360432188876075e-06,1
6,0.02,12,158,10,3.1550659878476495e-05,2.2629775386917572e-08,1
6,0.02,12,159,1,3.0281896201466143,4.160544346179801,2
6,0.02,12,159,2,2.246320790236785,3.0437569488596035,7
6,0.02,12,159,3,1.0170758148223822,1.2748889973298114,6
6,0.02,12,159,4,0.21202720213748805,0.1833353358406482,4
6,0.02,12,159,5,0.10400413345347737,0.04104526347917137,4
6,0.02,12,159,6,0.03180003467657677,0.004781447137429673,4
6,0.02,12,159,7,0.005896610640744981,0.0004531201805519913,2
6,0.02,12,159,8,0.0020642643551607165,3.56234759077978e-05,1
6,0.02,12,159,9,0.0005644775017987769,2.75879647126942e-06,1
6,0.02,12,159,10,0.00011654313530051752,1.4896476940862158e-07,1
6,0.02,12,160,1,5.042452404375393,7.322533220927461,4
6,0.02,12,160,2,3.611916883327556,4.989780268523877,4
6,0.02,12,160,3,2.5917395845844844,3.4928524163314805,4
6,0.02,12,160,4,1.4609316761146829,1.7637894854491325,4
6,0.02,12,160,5,0.36567611967742586,0.29437350728046585,5
6,0.02,12,160,6,0.15580907265274746,0.042186278136734146,4
6,0.02,12,160,7,0.062147134443032215,0.007515711170087869,3
6,0.02,12,160,8,0.020610380405962303,0.0006813443968027855,2
6,0.02,12,160,9,0.004194943794193051,2.5906993139201973e-05,1
6,0.02,12,160,10,0.00011127142707678672,9.44652533974022e-08,1
6,0.02,12,161,1,4.056999176826871,5.797190319715957,3
6,0.02,12,161,2,2.412558533450248,3.280477090478552,2
6,0.02,12,161,3,1.2299422119212693,1.5445820264096177,3
6,0.02,12,161,4,0.8128831524042113,1.007778901811955,4
6,0.02,12,161,5,0.6941381248131311,0.9277034821398527,3
6,0.02,12,161,6,0.09478212182083823,0.018299881112439742,2
6,0.02,12,161,7,0.021723686700298117,0.001184971276332547,1
6,0.02,12,161,8,0.003455216798704086,4.4057618147519406e-05,2
6,0.02,12,161,9,0.0008028805031372599,1.8463454889428021e-06,1
6,0.02,12,161,10,9.841203659632924e-05,3.801995873686792e-08,1
6,0.02,12,162,1,4.501927356975525,6.347640127725118,9
6,0.02,12,162,2,3.390814268888363,4.723266947329414,3
6,0.02,12,162,3,1.4496554549560585,1.9612101465742153,5
6,0.02,12,162,4,0.8966690302578044,1.1798649143488262,5
6,0.02,12,162,5,0.2804024319740801,0.27266323160593586,4
6,0.02,12,162,6,0.19034127022556113,0.15505894245885088,3
6,0.02,12,162,7,0.035453056777349445,0.003434758392986126,2
6,0.02,12,162,8,0.007768546256874842,0.0002654286963714725,1
6,0.02,12,162,9,0.001415376388230527,7.5262430936362534e-06,2
6,0.02,12,162,10,0.00029202968220687353,5.194580001699478e-07,1
6,0.02,12,163,1,3.628080589170912,5.009695976411223,9
6,0.02,12,163,2,2.333863372875282,3.2168916906948617,8
6,0.02,12,163,3,1.838359271789237,2.39965783253518,7
6,0.02,12,163,4,0.7660674723800991,0.9829446436825506,4
6,0.02,12,163,5,0.16568864989907794,0.09104856682499296,2
6,0.02,12,163,6,0.08202713670794992,0.016180218010763525,4
6,0.02,12,163,7,0.030348383312226446,0.0021134276319045853,1
6,0.02,12,163,8,0.011402174939648901,0.0002888732745311984,2
6,0.02,12,163,9,0.003410227415713507,1.561174751785188e-05,1
6,0.02,12,163,10,0.0009153610604712981,7.685150116287787e-07,1
6,0.02,12,164,1,3.2072284862513403,4.595799140788959,2
6,0.02,12,164,2,2.1394414182056742,3.0327646698379187,3
6,0.02,12,164,3,0.942115253777235,1.169576372233271,5
6,0.02,12,164,4,0.20331139002151666,0.18662810218568815,5
6,0.02,12,164,5,0.1044205796314639,0.04437190259629631,5
6,0.02,12,164,6,0.03569185957295673,0.004955444302590983,4
6,0.02,12,164,7,0.00873738457629969,0.0007579570412978853,3
6,0.02,12,164,8,0.002356479619813001,9.180951776954771e-05,2
6,0.02,12,164,9,0.0004512343751219561,2.780311307404304e-06,1
6,0.02,12,164,10,7.07528574697136e-05,9.878809592578364e-08,1
6,0.02,12,165,1,3.25407079372717,4.741382090744338,5
6,0.02,12,165,2,1.698592258307027,2.2534088102458742,5
6,0.02,12,165,3,0.8460305964402401,1.1495758343086742,3
6,0.02,12,165,4,0.6037109175360236,0.8858182498810461,6
6,0.02,12,165,5,0.25651137931169643,0.24052528611625057,6
6,0.02,12,165,6,0.02032543881109561,0.005300803646822061,5
6,0.02,12,165,7,0.005731832535071035,0.00024048385528274707,4
6,0.02,12,165,8,0.002460652088142723,8.820088437744289e-05,2
6,0.02,12,165,9,0.0012117082244991195,1.9145105889961656e-05,2
6,0.02,12,165,10,0.00011694527012195977,4.3345199074451557e-07,1
6,0.02,12,166,1,4.29498639626688,5.942042306581497,7
6,0.02,12,166,2,3.040221776776475,4.15018878276593,7
6,0.02,12,166,3,1.8140794331167083,2.432937124092682,7
6,0.02,12,166,4,1.0704642886340565,1.2954262886187484,6
6,0.02,12,166,5,0.3219167354892303,0.09405527417408166,6
6,0.02,12,166,6,0.07324630693206302,0.010986205268755711,3
6,0.02,12,166,7,0.02981333259713459,0.0023805926899118646,3
6,0.02,12,166,8,0.010300159285392851,0.0001586540385876134,1
6,0.02,12,166,9,0.0034027868587962473,3.0066654888472044e-05,1
6,0.02,12,166,10,0.0012210680021187414,1.7962070586463597e-06,1
6,0.02,12,167,1,3.2001858610179994,4.264910342152824,5
6,0.02,12,167,2,2.042371364856571,2.5224361416586767,5
6,0.02,12,167,3,1.0595480503484218,1.0621721296167745,2
6,0.02,12,167,4,0.37872702208734665,0.1740985131507422,2
6,0.02,12,167,5,0.1709247422945026,0.02882012654301036,2
6,0.02,12,167,6,0.03205693169061519,0.0014030872177848153,2
6,0.02,12,167,7,0.005578043372729269,5.815027262112693e-05,2
6,0.02,12,167,8,0.0007901301336588062,2.0295603562203723e-06,1
6,0.02,12,167,9,0.0,3.552713678800501e-15,2
6,0.02,12,167,10,-7.105427357601002e-15,0.0,1
6,0.02,12,168,1,4.5138677827363995,6.397782716677604,4
6,0.02,12,168,2,3.3007919189213712,4.707156732824362,2
6,0.02,12,168,3,2.226046394233835,3.027058375149114,4
6,0.02,12,168,4,1.0556529823342498,1.2558287598874838,5
6,0.02,12,168,5,0.8220044249770062,1.0410399379915845,4
6,0.02,12,168,6,0.1926191766388019,0.12646125906688788,3
6,0.02,12,168,7,0.07059001296632239,0.010556039623390134,2
6,0.02,12,168,8,0.01967792447734773,0.0004096853779316234,1
6,0.02,12,168,9,0.0035801377678392754,1.56025647317648e-05,1
6,0.02,12,168,10,0.000782151372014539,3.736389473374402e-07,1
6,0.02,12,169,1,3.649080848181047,4.991588182614844,6
6,0.02,12,169,2,2.7965817356437874,3.8402020927391334,7
6,0.02,12,169,3,1.5837800144035494,2.0565356132427004,7
6,0.02,12,169,4,0.885622061135054,1.068116378999882,6
6,0.02,12,169,5,0.7105331711665102,0.9292605237820588,5
6,0.02,12,169,6,0.07130956909643693,0.01232200574852449,3
6,0.02,12,169,7,0.04317266805464115,0.004914438267384469,3
6,0.02,12,169,8,0.011149876993634678,0.00038541424246396616,2
6,0.02,12,169,9,0.0017143890692885577,1.2929768457681234e-05,2
6,0.02,12,169,10,9.789416435168619e-05,6.789641027182824e-08,1
6,0.02,12,170,1,3.830970025658228,5.459973228031409,7
6,0.02,12,170,2,2.2685799211759843,3.1311677692452538,7
6,0.02,12,170,3,1.3485436046802235,1.8852108356214012,5
6,0.02,12,170,4,0.5170771939607963,0.3597648054179361,7
6,0.02,12,170,5,0.2172894662229794,0.14991293097387626,2
6,0.02,12,170,6,0.07703847667849928,0.025836411216872968,5
6,0.02,12,170,7,0.008437683484878278,0.00045709174065144964,2
6,0.02,12,170,8,0.004749349722324325,0.0001530294443412572,2
6,0.02,12,170,9,0.0025700444954992463,4.987872533313009e-05,2
6,0.02,12,170,10,0.0003700857265194202,1.1446149430938135e-05,1
6,0.02,12,171,1,3.990459652910612,5.623912491028431,7
6,0.02,12,171,2,2.8724766820962557,3.9705432659016715,7
6,0.02,12,171,3,1.6428128300205032,2.219582027600765,7
6,0.02,12,171,4,0.8570826734259036,1.042032717802944,6
6,0.02,12,171,5,0.14913867097852496,0.022658663320811456,6
6,0.02,12,171,6,0.009487252389023482,0.00022081620198388663,5
6,0.02,12,171,7,0.0051982668540357935,0.00015346703421670327,3
6,0.02,12,171,8,0.0015128512334232624,7.769410542479704e-06,3
6,0.02,12,171,9,3.552713678800501e-15,1.7763568394002505e-15,2
6,0.02,12,171,10,-1.7763568394002505e-15,3.552713678800501e-15,1
6,0.02,12,172,1,3.951622444497527,5.644624040671239,4
6,0.02,12,172,2,2.5860441222870243,3.429713642843719,7
6,0.02,12,172,3,1.2563429265727173,1.5859942129885276,6
6,0.02,12,172,4,0.6387754150632752,0.7113544131738649,5
6,0.02,12,172,5,0.23342699861315808,0.16808278046960723,4
6,0.02,12,172,6,0.05784035491246442,0.010487694209258436,3
6,0.02,12,172,7,0.017007298586065644,0.0007834829966464341,4
6,0.02,12,172,8,0.003957252407602141,6.576254898682521e-05,3
6,0.02,12,172,9,0.0006838474855257459,1.0502175893378762e-06,2
6,0.02,12,172,10,3.704205257015758e-05,1.6106177724850568e-08,1
6,0.02,12,173,1,4.105502883850832,5.825336008020827,3
6,0.02,12,173,2,2.9154864054920715,4.07198783869768,2
6,0.02,12,173,3,1.9838655306342936,2.5455128529787956,3
6,0.02,12,173,4,0.793849052275533,0.7921646836556508,2
6,0.02,12,173,5,0.26588731406345545,0.13228638163299777,2
6,0.02,12,173,6,0.058054419368867016,0.02622868925427646,4
6,0.02,12,173,7,0.03363386672605273,0.004542148340920704,3
6,0.02,12,173,8,0.015461668111235838,0.0008834039163740925,2
6,0.02,12,173,9,0.002353911450875046,4.1934868155735217e-05,1
6,0.02,12,173,10,0.00016882066704937415,2.729873322948606e-07,1
6,0.02,12,174,1,4.9723259129485236,7.208638554915359,5
6,0.02,12,174,2,3.949154262296638,5.584193321518775,6
6,0.02,12,174,3,2.969094547962232,4.06512047311838,5
6,0.02,12,174,4,1.7538130960506884,2.3728900721721047,5
6,0.02,12,174,5,0.4834300192705534,0.3205932833363683,5
6,0.02,12,174,6,0.16235419578810983,0.0964161270864814,3
6,0.02,12,174,7,0.05500994121281266,0.006116965989104273,3
6,0.02,12,174,8,0.015816799993560338,0.00047781808167357553,2
6,0.02,12,174,9,0.0040158389433173625,4.284818643540689e-05,2
6,0.02,12,174,10,0.00044871292420545217,9.321676515128274e-07,1
6,0.02,12,175,1,4.552754381398188,6.3858251027635795,6
6,0.02,12,175,2,3.289113929622502,4.6125864871851405,7
6,0.02,12,175,3,2.2613435500660373,3.0340297026810745,4
6,0.02,12,175,4,0.8931468340918283,1.2001296510140582,6
6,0.02,12,175,5,0.30444487570215983,0.2005853281343466,3
6,0.02,12,175,6,0.11009252078096665,0.056363457619955426,4
6,0.02,12,175,7,0.0460338487573555,0.006680883306916741,3
6,0.02,12,175,8,0.0065651161722026785,0.0001565755978401029,3
6,0.02,12,175,9,0.0018165742878046842,3.32630931065836e-05,1
6,0.02,12,175,10,0.0002403284671110839,9.396288902507877e-07,1
6,0.02,12,176,1,3.8905711990906617,5.560061933356238,8
6,0.02,12,176,2,2.949593805475317,4.0867810345812465,8
6,0.02,12,176,3,1.755912811186814,2.3463769776901557,7
6,0.02,12,176,4,0.9935405577987808,1.2096617553864197,2
6,0.02,12,176,5,0.20156665941828678,0.08460847923304016,5
6,0.02,12,176,6,0.10356559204746141,0.05217666782878183,2
6,0.02,12,176,7,0.031435342758042495,0.0020777885212481806,3
6,0.02,12,176,8,0.012680877571156657,0.00044022883379746247,2
6,0.02,12,176,9,0.003634530287165205,2.582404950501882e-05,1
6,0.02,12,176,10,0.0006645626718029263,7.093848868322539e-07,1
6,0.02,12,177,1,3.400649953062821,4.72688788045712,7
6,0.02,12,177,2,2.172518711359862,2.9734841931554037,5
6,0.02,12,177,3,1.4762835404763646,2.024891437532407,7
6,0.02,12,177,4,0.34906808933822653,0.30081288510865,3
6,0.02,12,177,5,0.11211543220334619,0.0460777409936286,5
6,0.02,12,177,6,0.028055566629397788,0.002842308668220994,4
6,0.02,12,177,7,0.010411414910226569,0.0006006215525751202,3
6,0.02,12,177,8,0.002839473692242578,2.627529813281626e-05,3
6,0.02,12,177,9,0.0009710008342516119,1.1707896840462695e-05,1
6,0.02,12,177,10,0.0002760071484804172,7.107071038348067e-07,1
6,0.02,12,178,1,4.110371448664436,5.837934924219889,5
6,0.02,12,178,2,3.098129468306306,4.260850237532054,5
6,0.02,12,178,3,1.5071688449553502,2.0083344261344447,5
6,0.02,12,178,4,0.7878384675860826,1.0549612663525973,5
6,0.02,12,178,5,0.1414919777760506,0.08520448777716538,4
6,0.02,12,178,6,0.047332348811206515,0.008285460833169722,3
6,0.02,12,178,7,0.011005659545103796,0.0005745987248735318,1
6,0.02,12,178,8,0.0021298875869053546,9.111326873245673e-05,1
6,0.02,12,178,9,0.0004049707439026662,3.5928421144859612e-06,1
6,0.02,12,178,10,6.617281943199771e-05,1.8008405788805248e-07,1
6,0.02,12,179,1,4.436085871373244,6.295270531345711,6
6,0.02,12,179,2,3.151517795566196,4.570275900267934,4
6,0.02,12,179,3,2.063108018803053,2.8924933783527784,3
6,0.02,12,179,4,0.9586784436828175,1.282062221248296,2
6,0.02,12,179,5,0.2705970319064921,0.17437225610325058,2
6,0.02,12,179,6,0.04741860446109314,0.005084704377263272,1
6,0.02,12,179,7,0.02582796667335252,0.0015994341819833835,2
6,0.02,12,179,8,0.0063740053188432455,0.00013297394625055858,2
6,0.02,12,179,9,0.0008871284987019834,1.958071827345975e-06,2
6,0.02,12,179,10,0.00013096003724477612,5.448018214337935e-08,1
6,0.02,12,180,1,4.596489116425461,6.508732727660993,6
6,0.02,12,180,2,3.982315006994929,5.647938278831294,4
6,0.02,12,180,3,2.3059525956509024,3.148344541188507,6
6,0.02,12,180,4,1.126948072653228,1.3108826537256988,6
6,0.02,12,180,5,0.31779588750124965,0.20164897352676725,6
6,0.02,12,180,6,0.13410459030967736,0.04052094401061801,4
6,0.02,12,180,7,0.05467298702756551,0.02047935770619347,3
6,0.02,12,180,8,0.02378924730451537,0.0020692081304112264,2
6,0.02,12,180,9,0.004841938245052191,2.0075044776746154e-05,2
6,0.02,12,180,10,0.0006465861460274169,6.934631660016066e-07,1
6,0.02,12,181,1,3.952452298637809,5.564613988156321,9
6,0.02,12,181,2,2.3149682258669557,3.1149936571870693,8
6,0.02,12,181,3,1.2140261075547105,1.4715697606636917,3
6,0.02,12,181,4,0.25331439445114157,0.16581087662108018,4
6,0.02,12,181,5,0.24453692989746045,0.1585799382794093,3
6,0.02,12,181,6,0.06243171944849735,0.014380797839690374,3
6,0.02,12,181,7,0.017394946277729417,0.0015168719516616136,3
6,0.02,12,181,8,0.0053426003205867545,0.00010533396097223147,3
6,0.02,12,181,9,0.00027124102185460686,1.3587775704593241e-06,2
6,0.02,12,181,10,2.1758155940077017e-05,1.2268738913689958e-08,1
6,0.02,12,182,1,3.6131527896454614,5.244524167841586,7
6,0.02,12,182,2,2.415017401290438,3.21987283006011,8
6,0.02,12,182,3,1.196045026318469,1.4844260459686822,7
6,0.02,12,182,4,0.5253798312411497,0.3646756089925045,6
6,0.02,12,182,5,0.15083180197140322,0.045035416951046514,5
6,0.02,12,182,6,0.03491917186650717,0.004479857762468065,4
6,0.02,12,182,7,0.011105915351219409,0.0004543837189316946,3
6,0.02,12,182,8,0.0031360561866176084,6.611052687510721e-05,2
6,0.02,12,182,9,0.00048807298658459786,1.8753785635539089e-06,1
6,0.02,12,182,10,6.26223999837805e-05,4.705428757745267e-08,1
6,0.02,12,183,1,3.5723879627235764,4.870643784758295,3
6,0.02,12,183,2,2.4505158888070255,3.260382338288604,4
6,0.02,12,183,3,1.22783599416519,1.4996315222098833,4
6,0.02,12,183,4,1.042337011000889,1.2151314194990768,4
6,0.02,12,183,5,0.31720630990709964,0.1740751843249857,4
6,0.02,12,183,6,0.07069395030561942,0.008504626693030204,4
6,0.02,12,183,7,0.03587377160621941,0.007480773723612444,1
6,0.02,12,183,8,0.011170009008640847,0.0010752935163811372,1
6,0.02,12,183,9,0.003305295217987947,0.00011398325006695131,1
6,0.02,12,183,10,0.0010626997300580143,1.0187634119418476e-05,1
6,0.02,12,184,1,4.4629550193949825,6.386215246700274,3
6,0.02,12,184,2,3.0972526102588134,4.514268402653499,2
6,0.02,12,184,3,1.7000187242861937,2.1925150463064638,1
6,0.02,12,184,4,0.9274758289189702,1.0166811620436924,1
6,0.02,12,184,5,0.2378639744208506,0.14510932913266572,3
6,0.02,12,184,6,0.0435221977901179,0.007068447652084586,2
6,0.02,12,184,7,0.014275542436219979,0.0006083942221657423,1
6,0.02,12,184,8,0.0022775875300951043,3.903165156593502e-05,3
6,0.02,12,184,9,0.0006462440967176519,2.208027900962861e-06,1
6,0.02,12,184,10,0.00012954224002470482,1.338574833198436e-07,1
6,0.02,12,185,1,4.223233006794251,5.862757150998959,2
6,0.02,12,185,2,2.7610457816400125,3.886960510792427,8
6,0.02,12,185,3,1.738330852827568,2.2945313933810176,7
6,0.02,12,185,4,0.6471515855980616,0.9241982373423214,4
6,0.02,12,185,5,0.11011017683387259,0.0962689446649172,3
6,0.02,12,185,6,0.04490300314076201,0.019830534107416753,2
6,0.02,12,185,7,0.01372371685609508,0.001116700620150901,1
6,0.02,12,185,8,0.0019594606635244816,0.00015562545045710863,2
6,0.02,12,185,9,0.0005731366915178171,8.81330078605913e-06,1
6,0.02,12,185,10,9.015058751238314e-05,1.7908715221892635e-07,1
6,0.02,12,186,1,3.9614553539408615,5.672969231568803,2
6,0.02,12,186,2,2.8414525478134447,4.032997450153136,2
6,0.02,12,186,3,1.8007781847836686,2.463808629213057,2
6,0.02,12,186,4,1.1035059804043161,1.364603554801592,2
6,0.02,12,186,5,0.23521024945411106,0.1561793132634115,5
6,0.02,12,186,6,0.05490739168637937,0.03013962107080559,3
6,0.02,12,186,7,0.02086346710029119,0.002136025904876604,2
6,0.02,12,186,8,0.008421022037648385,0.00038158707319091434,2
6,0.02,12,186,9,0.0018855853979502513,1.2336905525600628e-05,1
6,0.02,12,186,10,0.00036311056106086426,6.168430815023385e-07,1
6,0.02,12,187,1,4.034543740320919,5.444690337600992,7
6,0.02,12,187,2,2.850868421294903,3.7664071429923887,7
6,0.02,12,187,3,1.550266920930076,2.0697215517943324,7
6,0.02,12,187,4,0.7803131292449201,0.9583110003323245,5
6,0.02,12,187,5,0.2477692966026801,0.13107195683460926,4
6,0.02,12,187,6,0.026945443545685066,0.0027909692355851945,5
6,0.02,12,187,7,0.004686476545154861,0.00010136468019528166,4
6,0.02,12,187,8,0.0018382824121569996,3.7757640480862165e-05,2
6,0.02,12,187,9,0.0005806867486963796,5.025337019404219e-06,1
6,0.02,12,187,10,0.00015636869836299638,3.095387874907374e-07,1
6,0.02,12,188,1,3.924735779856144,5.648159821319201,2
6,0.02,12,188,2,2.810016143855245,3.8770522390732065,3
6,0.02,12,188,3,1.8999812783600714,2.4947909764266516,2
6,0.02,12,188,4,0.5008740578479607,0.5514681990474886,2
6,0.02,12,188,5,0.11878632707294123,0.061849043465635134,2
6,0.02,12,188,6,0.03076615914685732,0.005208103306356904,3
6,0.02,12,188,7,0.010306721481867953,0.0009460856812317786,2
6,0.02,12,188,8,0.004263015973249296,0.00024003843229181143,3
6,0.02,12,188,9,0.001689840012970123,2.9806805194709796e-05,2
6,0.02,12,188,10,0.00038857860239005504,8.474550483583698e-07,1
6,0.02,12,189,1,3.9997706107108435,5.626885828791089,4
6,0.02,12,189,2,2.9211794910012188,3.9646022470117117,3
6,0.02,12,189,3,1.5070466006856371,1.9813197510123954,2
6,0.02,12,189,4,0.41643954677268624,0.5021898760921797,4
6,0.02,12,189,5,0.1899569308078668,0.10639122201476958,5
6,0.02,12,189,6,0.06493177232434277,0.010493486422065601,4
6,0.02,12,189,7,0.024804107821243093,0.001885914818208434,3
6,0.02,12,189,8,0.005715974655160494,0.00014488912467314208,2
6,0.02,12,189,9,0.0015100222282207199,4.319687951337414e-06,1
6,0.02,12,189,10,0.00012079145425403226,4.5281854710310654e-08,1
6,0.02,12,190,1,3.88957045702643,5.467337564967767,2
6,0.02,12,190,2,2.1180002422692716,2.9332484161361556,2
6,0.02,12,190,3,1.300051015658891,1.8536396597384197,3
6,0.02,12,190,4,0.7848990695085263,1.067650539795829,3
6,0.02,12,190,5,0.2037987443188829,0.2363227056133983,2
6,0.02,12,190,6,0.04264257979318131,0.001508441814843664,5
6,0.02,12,190,7,0.021058847161167904,0.005339889941252451,3
6,0.02,12,190,8,0.007448664371977998,0.00019660961461553939,3
6,0.02,12,190,9,0.0019513227227321295,3.270197398208552e-05,2
6,0.02,12,190,10,0.0004116242825666916,8.487740466023297e-07,1
6,0.02,12,191,1,3.572051013815681,4.865894999201986,9
6,0.02,12,191,2,2.6634733218548305,3.745989045682716,4
6,0.02,12,191,3,1.3257255569413076,1.9366914067252026,6
6,0.02,12,191,4,0.3560937278796388,0.3180134376517252,5
6,0.02,12,191,5,0.17962071386672562,0.1346120721036197,6
6,0.02,12,191,6,0.038597998515069065,0.004451072144964208,5
6,0.02,12,191,7,0.009628459602325279,0.0005985527591549911,4
6,0.02,12,191,8,0.003278695271879073,4.3862593704702135e-05,1
6,0.02,12,191,9,0.0009623572138384162,2.779602079172605e-06,1
6,0.02,12,191,10,0.0003529298032098893,4.894763900864518e-07,1
6,0.02,12,192,1,4.213456205129388,5.848916492861605,6
6,0.02,12,192,2,2.8098944763932234,3.9376416184999883,6
6,0.02,12,192,3,1.6859934422340626,2.2427516819824014,6
6,0.02,12,192,4,0.9478873987824965,1.0873191523995027,3
6,0.02,12,192,5,0.7369664949802814,0.9624280383611836,3
6,0.02,12,192,6,0.15532074038552857,0.0835567309751557,3
6,0.02,12,192,7,0.042406183804171604,0.003528103209140099,3
6,0.02,12,192,8,0.013990612585176976,0.00028841196986739703,3
6,0.02,12,192,9,0.0021123524742829858,6.639225208715516e-06,2
6,0.02,12,192,10,0.0006618234864372852,4.775216577712627e-07,1
6,0.02,12,193,1,3.0273649806446645,4.038225435117477,5
6,0.02,12,193,2,1.7558544906453442,2.3174835736658324,7
6,0.02,12,193,3,0.6710660138645004,0.9543162291256184,2
6,0.02,12,193,4,0.25215120884658404,0.1171067106956114,5
6,0.02,12,193,5,0.07731222402536808,0.00815365070714158,4
6,0.02,12,193,6,0.017195626376938833,0.0020356525688081106,2
6,0.02,12,193,7,0.007537291969368809,0.00042122073532624427,2
6,0.02,12,193,8,0.002223804612114577,3.8313129991252026e-05,1
6,0.02,12,193,9,0.0005324661051879787,2.0199828778544315e-06,1
6,0.02,12,193,10,3.600151103100302e-05,2.0891553376145566e-08,1
6,0.02,12,194,1,4.169733497778598,5.712935728460863,8
6,0.02,12,194,2,2.9981040355382547,3.993474044163513,7
6,0.02,12,194,3,2.179580170425547,2.8567641862846234,6
6,0.02,12,194,4,0.5448173944463068,0.5091263031334652,5
6,0.02,12,194,5,0.21119275208625865,0.07201909805258744,5
6,0.02,12,194,6,0.06709777248572024,0.012278711997605996,3
6,0.02,12,194,7,0.010449608750329631,0.0004896990936265055,3
6,0.02,12,194,8,0.0019363877317850609,3.5622584363181886e-05,3
6,0.02,12,194,9,0.00026437424011760413,8.097300643328253e-07,2
6,0.02,12,194,10,2.9560488485458336e-05,2.1674377848057702e-08,1
6,0.02,12,195,1,4.174595143872496,5.900396112661657,8
6,0.02,12,195,2,2.5303065309977892,3.425482230068134,2
6,0.02,12,195,3,1.21855801160528,1.3934291460760102,7
6,0.02,12,195,4,0.35886946112881013,0.3858603460475347,4
6,0.02,12,195,5,0.12005445464217068,0.058373937146175336,4
6,0.02,12,195,6,0.06140695481786196,0.011396988950021836,4
6,0.02,12,195,7,0.016216623840270117,0.0014404847757596428,3
6,0.02,12,195,8,0.005816121943334807,0.0001438516621039554,2
6,0.02,12,195,9,0.0016573766313729976,1.512342387677279e-05,1
6,0.02,12,195,10,0.00019852330163949716,4.1753734514315965e-07,1
6,0.02,12,196,1,4.389439034239015,6.215212688743424,9
6,0.02,12,196,2,3.2392013384338405,4.639933924533661,7
6,0.02,12,196,3,1.5792732829096003,2.195240862018327,7
6,0.02,12,196,4,0.7874875297019308,1.06057056732112,6
6,0.02,12,196,5,0.6202536441815294,0.9194817073236221,6
6,0.02,12,196,6,0.07998039493281262,0.014084463150489057,4
6,0.02,12,196,7,0.03190273036358704,0.0031642207883884055,2
6,0.02,12,196,8,0.00946382950418112,0.00025946220225669947,2
6,0.02,12,196,9,0.002327342569866886,5.556850405774583e-05,2
6,0.02,12,196,10,0.0003911116832640005,2.053528460166376e-06,1
6,0.02,12,197,1,3.9425723450136534,5.652379949229118,8
6,0.02,12,197,2,3.0729374699993652,4.2086271777872994,8
6,0.02,12,197,3,1.797239853965488,2.2996250133647003,7
6,0.02,12,197,4,1.0384327223631367,1.2679461153990408,6
6,0.02,12,197,5,0.1195664054480634,0.040059287760707996,6
6,0.02,12,197,6,0.03482387635465756,0.003845839464521106,4
6,0.02,12,197,7,0.005702982370889842,0.00014477748728936035,4
6,0.02,12,197,8,0.0019476890058971463,2.526829937465891e-05,2
6,0.02,12,197,9,0.0006517419761919996,2.7436211382791953e-06,1
6,0.02,12,197,10,0.00010176383640647657,8.584953725687683e-08,1
6,0.02,12,198,1,3.0009050537894613,4.099870639214995,2
6,0.02,12,198,2,1.4673844942520695,2.0677448861222025,3
6,0.02,12,198,3,0.8678916598418898,1.0998435685380645,3
6,0.02,12,198,4,0.27186196909321403,0.1754268918550892,2
6,0.02,12,198,5,0.06421723670053225,0.009423518418667065,1
6,0.02,12,198,6,0.011009461816037458,0.0007062853424635307,1
6,0.02,12,198,7,0.0022193323473018722,3.396522836052185e-05,1
6,0.02,12,198,8,0.00028205522368018876,7.773530690258212e-06,3
6,0.02,12,198,9,0.0001071017027207688,8.189127207458569e-07,2
6,0.02,12,198,10,1.8421282433678243e-05,3.37206156331149e-08,1
6,0.02,12,199,1,4.170313594158362,5.7905450058410946,3
6,0.02,12,199,2,3.191740080403786,4.2983084979174215,2
6,0.02,12,199,3,2.221712214423855,2.9624617975465375,3
6,0.02,12,199,4,1.2431387006692791,1.4702252896228662,2
6,0.02,12,199,5,0.8201859571159282,1.0135977584113292,2
6,0.02,12,199,6,0.15136469856717305,0.04847128980393833,2
6,0.02,12,199,7,0.027672108217247526,0.002079073549570154,3
6,0.02,12,199,8,0.017659430430859047,0.0009439794648624655,2
6,0.02,12,199,9,0.002994995329453687,6.176881270292256e-05,1
6,0.02,12,199,10,0.0004333267086948922,2.164115862512972e-06,1
