depth,p,n,real,b,ivn_max,ir2_max,a_at_max
6,0.01,12,0,1,4.357468448248365,5.069590078845412,9
6,0.01,12,0,2,3.2298733427335122,3.8266332500726703,7
6,0.01,12,0,3,1.6762654309425615,1.9480244177017036,6
6,0.01,12,0,4,0.32124000002206454,0.16539034579068002,7
6,0.01,12,0,5,0.10999460115722037,0.03251621192373655,6
6,0.01,12,0,6,0.0016362497996373904,1.7910978637125652e-05,4
6,0.01,12,0,7,0.0005812374483156191,3.9834299201402246e-06,4
6,0.01,12,0,8,4.3303445087516934e-05,4.2294315605317934e-08,3
6,0.01,12,0,9,9.848856354466307e-06,4.478071247149273e-09,2
6,0.01,12,0,10,2.618166341505912e-06,2.4725643754663906e-10,1
6,0.01,12,1,1,4.31866615637091,4.998226939503411,6
6,0.01,12,1,2,2.6260196524980275,3.0468976823194467,6
6,0.01,12,1,3,1.7675776747662342,2.012956609187931,3
6,0.01,12,1,4,0.25630034932575096,0.10969836592132065,3
6,0.01,12,1,5,0.0832114304098086,0.013887963314889618,1
6,0.01,12,1,6,0.018224168864432677,0.000600396734122377,1
6,0.01,12,1,7,0.0028358765971079336,8.361178246918399e-05,1
6,0.01,12,1,8,0.00042396292920532375,1.269343407273027e-06,2
6,0.01,12,1,9,0.00013211302248183898,1.5011121945462946e-07,1
6,0.01,12,1,10,1.3883745340059761e-05,2.5298181327571e-09,1
6,0.01,12,2,1,6.342598221666343,7.641734937062058,3
6,0.01,12,2,2,4.973159245638575,5.8781919822257365,3
6,0.01,12,2,3,2.974451127756261,3.2690305849942582,2
6,0.01,12,2,4,1.2999014302397622,1.2128056202494646,2
6,0.01,12,2,5,0.35668397835093835,0.1164816346816604,2
6,0.01,12,2,6,0.06672720917663533,0.0028689210340795412,2
6,0.01,12,2,7,0.018011856062926768,0.0006480374508672782,2
6,0.01,12,2,8,0.008136423441227336,9.593196927681902e-05,2
6,0.01,12,2,9,0.0005223728104084557,2.3726287601277818e-07,1
6,0.01,12,2,10,1.2237574148699082e-05,1.6071410868789826e-10,1
6,0.01,12,3,1,4.016165574295573,4.801506521786614,9
6,0.01,12,3,2,2.387729256689494,2.8699222985720745,8
6,0.01,12,3,3,0.8818243290196213,0.9958706759840759,4
6,0.01,12,3,4,0.12384451269132768,0.05405091844114196,2
6,0.01,12,3,5,0.05811043216266665,0.02016650293509592,2
6,0.01,12,3,6,0.010199669111869092,0.00028423059910487325,2
6,0.01,12,3,7,0.0016914776105876328,7.537484951747331e-06,2
6,0.01,12,3,8,0.00030987315819519523,5.856343268106912e-07,2
6,0.01,12,3,9,4.8016263698436035e-05,1.0111678605539964e-08,2
6,0.01,12,3,10,3.1197493308710023e-06,7.263345480623684e-11,1
6,0.01,12,4,1,6.178988762322281,7.516628481215545,3
6,0.01,12,4,2,4.216354407043744,4.957015953857688,2
6,0.01,12,4,3,2.0354329585932787,2.2461361531526656,2
6,0.01,12,4,4,0.9490154161841735,1.0114725120507657,2
6,0.01,12,4,5,0.07486214739069474,0.004587414736721307,2
6,0.01,12,4,6,0.015167644832819072,0.0004404866768705773,1
6,0.01,12,4,7,0.0019397970549546173,1.8697349404739327e-05,2
6,0.01,12,4,8,0.00044271442380772186,1.9212901332110732e-06,1
6,0.01,12,4,9,1.519928847759644e-05,1.850972708439258e-09,2
6,0.01,12,4,10,3.528766906235603e-06,1.8471979501555325e-10,1
6,0.01,12,5,1,4.899336930003286,5.822472426738122,3
6,0.01,12,5,2,3.294695329525152,3.9190488642831554,4
6,0.01,12,5,3,1.9424106292995473,2.1703789218809355,3
6,0.01,12,5,4,0.4874651488392745,0.28299673255488855,3
6,0.01,12,5,5,0.15077473126326169,0.021324856143508875,2
6,0.01,12,5,6,0.05182385242986509,0.002154532065000936,4
6,0.01,12,5,7,0.01898719507599811,0.0002509634814096273,3
6,0.01,12,5,8,0.0054808299288362505,1.5006864787281415e-05,2
6,0.01,12,5,9,0.0005769752957727192,7.408737623393336e-07,2
6,0.01,12,5,10,3.254771089533648e-05,8.412117225020666e-09,1
6,0.01,12,6,1,4.876735488664523,5.815924320080168,5
6,0.01,12,6,2,3.177965951024917,3.7762433857631077,3
6,0.01,12,6,3,2.4173997299202137,2.863647077555896,3
6,0.01,12,6,4,0.9700119127809277,1.0316557774956134,3
6,0.01,12,6,5,0.1643707210087637,0.06054093309439246,2
6,0.01,12,6,6,0.029396772654787462,0.0010373321116432521,4
6,0.01,12,6,7,0.014075126130365767,0.0005979242863194401,3
6,0.01,12,6,8,0.0023644439977283938,1.8966203402470683e-05,2
6,0.01,12,6,9,0.0002777180531987611,2.8099502280554134e-07,2
6,0.01,12,6,10,1.7790891026159272e-05,5.212708487078999e-09,1
6,0.01,12,7,1,4.912419010799239,5.782147164924732,3
6,0.01,12,7,2,2.7855599823826314,3.149125201236668,2
6,0.01,12,7,3,1.8585955920721098,2.1081790814534855,4
6,0.01,12,7,4,1.7202649705553084,1.9553028439193056,3
6,0.01,12,7,5,0.36312856857524434,0.24860148515058533,2
6,0.01,12,7,6,0.035874176094589316,0.0028047888843429902,1
6,0.01,12,7,7,0.016058533210435044,0.009325622883456397,3
6,0.01,12,7,8,0.007034860927197073,0.0014875967623915187,2
6,0.01,12,7,9,0.0009240430297641211,1.3014153594781419e-05,2
6,0.01,12,7,10,8.121716531306333e-05,4.3870418409142076e-08,1
6,0.01,12,8,1,4.167178260449902,4.870943822168073,6
6,0.01,12,8,2,3.360850187173397,3.9188152611276568,8
6,0.01,12,8,3,1.673995183282515,1.972279139679344,5
6,0.01,12,8,4,0.9976957909227986,1.077410558898503,4
6,0.01,12,8,5,0.11871405310349559,0.09175659806224612,5
6,0.01,12,8,6,0.0670386391261042,0.00269466564704679,2
6,0.01,12,8,7,0.013531774855910506,0.0006797120953203617,1
6,0.01,12,8,8,0.0032494913383702695,0.00013946285695531913,1
6,0.01,12,8,9,0.0010647900146016909,1.041372737375923e-05,1
6,0.01,12,8,10,0.00017112172652122837,2.1704000552347225e-07,1
6,0.01,12,9,1,4.737021316963237,5.718767078664914,8
6,0.01,12,9,2,3.438677192188554,3.9996168957364793,8
6,0.01,12,9,3,1.8966657912883793,2.0488789186099954,8
6,0.01,12,9,4,0.38338611562070035,0.14339806081813933,7
6,0.01,12,9,5,0.10301517165253848,0.05146565626233901,3
6,0.01,12,9,6,0.014971171181533016,0.000829993235802462,3
6,0.01,12,9,7,0.004860388572637042,0.00032617523648248437,1
6,0.01,12,9,8,0.0016370396288936107,7.50887787148713e-06,3
6,0.01,12,9,9,0.00023676392375282518,3.6386257562526225e-07,2
6,0.01,12,9,10,0.00011260766309195702,1.0706827069384417e-07,1
6,0.01,12,10,1,6.2931943516841775,7.521877942920405,4
6,0.01,12,10,2,4.855194290704524,5.730464746840717,3
6,0.01,12,10,3,3.238777254111656,3.8489924380148732,4
6,0.01,12,10,4,1.943669079851711,2.1356655181640596,2
6,0.01,12,10,5,1.2424196352224532,1.240325746625448,5
6,0.01,12,10,6,0.11978582297310414,0.033279646778625604,4
6,0.01,12,10,7,0.030902469830292212,0.003139839211192097,3
6,0.01,12,10,8,0.013835183038842125,0.0005656911454998692,2
6,0.01,12,10,9,0.0014979776224661734,3.046825485242266e-06,1
6,0.01,12,10,10,0.00015044945697706424,2.0668641909082908e-08,1
6,0.01,12,11,1,4.670763284918894,5.707525810160762,5
6,0.01,12,11,2,3.2306851363645395,3.875173020760272,3
6,0.01,12,11,3,1.875910445689069,2.1017901274790836,5
6,0.01,12,11,4,0.9683913094869476,1.030535866623599,1
6,0.01,12,11,5,0.19868677382477262,0.09005589967012284,1
6,0.01,12,11,6,0.030982058042073213,0.0010557994789248681,2
6,0.01,12,11,7,0.013983278657065945,0.00019342104055297682,1
6,0.01,12,11,8,0.0013386564189508121,5.5159955110184455e-06,3
6,0.01,12,11,9,0.00031712573590336746,1.6080646325633552e-07,1
6,0.01,12,11,10,7.666921526716663e-05,8.469340784245105e-09,1
6,0.01,12,12,1,4.849980596622163,5.77366747681317,5
6,0.01,12,12,2,3.3986003831085485,3.9917921789415125,4
6,0.01,12,12,3,2.020672911892661,2.2271726522250077,3
6,0.01,12,12,4,0.8553324058822698,0.9808886634727685,4
6,0.01,12,12,5,0.08858222201672561,0.024899193515119045,3
6,0.01,12,12,6,0.015475340227626866,0.0008572740175880611,3
6,0.01,12,12,7,0.004571100792301941,6.362952567329216e-05,4
6,0.01,12,12,8,0.001518625140660923,3.6001985321831853e-06,3
6,0.01,12,12,9,0.00018399249959788477,3.0033692866027195e-08,2
6,0.01,12,12,10,3.710081496510753e-05,5.1447610616151e-09,1
6,0.01,12,13,1,6.235209090320473,7.54300607013359,4
6,0.01,12,13,2,4.393497828281068,5.053812244197523,3
6,0.01,12,13,3,2.1144131617498987,2.280676542239295,3
6,0.01,12,13,4,1.0817419887495054,1.089819667837368,2
6,0.01,12,13,5,0.8105271964818872,0.9608981756716055,4
6,0.01,12,13,6,0.11872323341696411,0.04339843221509643,3
6,0.01,12,13,7,0.021693509372453512,0.0005037643056642338,2
6,0.01,12,13,8,0.0015023456069593877,2.0049765204532832e-05,3
6,0.01,12,13,9,0.00022868081036886423,2.64469385058419e-07,2
6,0.01,12,13,10,1.7802075729100864e-05,1.3149445976523566e-09,1
6,0.01,12,14,1,5.707810589795304,6.759386158832914,5
6,0.01,12,14,2,4.081388641729305,4.84345446362104,3
6,0.01,12,14,3,2.131493102848017,2.26724995385241,3
6,0.01,12,14,4,1.1297636844897285,1.1419768947295843,4
6,0.01,12,14,5,0.2431497700882126,0.10921918237577088,3
6,0.01,12,14,6,0.07591121609152829,0.005454830069440142,4
6,0.01,12,14,7,0.02999320488102164,0.0019578590661346595,4
6,0.01,12,14,8,0.010015570533941087,0.0005012259098080563,3
6,0.01,12,14,9,0.0018849909210310045,8.347783698070543e-06,2
6,0.01,12,14,10,0.00033440831221298595,2.8381422367829146e-07,1
6,0.01,12,15,1,4.997180064306731,5.886338059825652,8
6,0.01,12,15,2,3.116476773774588,3.3479306327109057,7
6,0.01,12,15,3,2.022117776100588,2.141185934025554,6
6,0.01,12,15,4,0.960410917987323,1.0203322270726236,4
6,0.01,12,15,5,0.31050200472136424,0.13541691404545642,4
6,0.01,12,15,6,0.031793617487545056,0.001496000956728416,4
6,0.01,12,15,7,0.016953597625821715,0.0006972435763170637,2
6,0.01,12,15,8,0.0036841232731443796,1.1284030920322152e-05,1
6,0.01,12,15,9,0.0006524912949412709,7.390930587547473e-07,2
6,0.01,12,15,10,0.00017301823243798253,1.1418222989334481e-07,1
6,0.01,12,16,1,6.397409624615727,7.642889109137483,7
6,0.01,12,16,2,4.997136276491148,5.8612025047942,5
6,0.01,12,16,3,3.418806051403428,3.979124012850267,5
6,0.01,12,16,4,1.791315009054447,1.9578990316482283,3
6,0.01,12,16,5,1.0005149836766778,1.0101881311605272,3
6,0.01,12,16,6,0.11562013985925734,0.022836531049747144,3
6,0.01,12,16,7,0.01728267444562004,0.0004540898256371051,3
6,0.01,12,16,8,0.004873514125146805,1.9206835418117407e-05,3
6,0.01,12,16,9,0.0004886901538645461,1.1714874350587934e-06,2
6,0.01,12,16,10,8.693291988048912e-05,1.8546016278264688e-08,1
6,0.01,12,17,1,3.5587250215686677,4.079411626584257,3
6,0.01,12,17,2,2.7368343808138142,3.1149895065417823,6
6,0.01,12,17,3,1.1661877756529897,1.2061673554819272,5
6,0.01,12,17,4,0.18219972197221068,0.086927234963591,4
6,0.01,12,17,5,0.12935500764001162,0.03749356043979102,3
6,0.01,12,17,6,0.023966235788181578,0.0008899500801629046,2
6,0.01,12,17,7,0.003735478221582156,1.537366495973913e-05,3
6,0.01,12,17,8,0.0010049423355233955,1.8890311412889105e-06,2
6,0.01,12,17,9,0.00010375371957316304,1.2553378780921776e-08,1
6,0.01,12,17,10,4.823352205640674e-06,7.65680852055084e-11,1
6,0.01,12,18,1,4.964169695455955,5.860522331698693,3
6,0.01,12,18,2,3.55076141138841,4.056063015906467,3
6,0.01,12,18,3,1.7615309468689224,1.9675251010869443,3
6,0.01,12,18,4,0.9186907148052113,1.0467889822929175,5
6,0.01,12,18,5,0.7648364763791982,0.9428811475123116,4
6,0.01,12,18,6,0.031994912107379925,0.0032354948424622165,3
6,0.01,12,18,7,0.01662066388835637,0.0005260568774136942,2
6,0.01,12,18,8,0.0033240415160422643,1.5156348119660379e-05,1
6,0.01,12,18,9,0.00042098711987659243,1.9215862145927076e-07,1
6,0.01,12,18,10,4.573765033466515e-05,1.4507298473631636e-08,1
6,0.01,12,19,1,5.594025897443595,6.671754869912867,7
6,0.01,12,19,2,3.977922511976111,4.761928249847696,5
6,0.01,12,19,3,2.556102714385684,2.957466573452696,3
6,0.01,12,19,4,1.7340641657828888,1.9977894243083627,3
6,0.01,12,19,5,0.9502198908424369,1.022249708971792,2
6,0.01,12,19,6,0.1115435430399856,0.03308710291605088,2
6,0.01,12,19,7,0.016006753510016125,0.00032886196671988444,2
6,0.01,12,19,8,0.004577653561071315,2.6604926324225175e-05,2
6,0.01,12,19,9,0.0003169770827469165,5.094323007881485e-08,1
6,0.01,12,19,10,2.1208848059117713e-05,4.2731862492928485e-10,1
6,0.01,12,20,1,4.887985325175962,5.767509117646426,7
6,0.01,12,20,2,3.345413089923297,3.902237617278603,5
6,0.01,12,20,3,1.8900043035205458,2.0674505608837546,2
6,0.01,12,20,4,1.0107608104694608,1.0321739218347394,2
6,0.01,12,20,5,0.22104395956726908,0.0763220683278849,2
6,0.01,12,20,6,0.061912233463711,0.002578992080642273,1
6,0.01,12,20,7,0.021603052948869994,0.0006202583471388579,1
6,0.01,12,20,8,0.0023981186612465066,5.789270760558907e-06,1
6,0.01,12,20,9,0.00035061926617618866,1.8920035316227768e-07,1
6,0.01,12,20,10,9.276790928947065e-05,2.2840435320858887e-08,1
6,0.01,12,21,1,4.10992483587428,4.863822540408485,2
6,0.01,12,21,2,2.5930422091536363,2.9967482531035525,3
6,0.01,12,21,3,1.1443412544953553,1.206425140835365,2
6,0.01,12,21,4,0.2750026975628792,0.13047183069960866,5
6,0.01,12,21,5,0.05153527801001001,0.019407497525127937,1
6,0.01,12,21,6,0.022231487107760906,0.0006330181022917714,3
6,0.01,12,21,7,0.0029325520937772964,2.2282751278801527e-05,2
6,0.01,12,21,8,0.0012510470528139805,6.401008654677298e-06,1
6,0.01,12,21,9,0.00010581443889368103,8.244811233737437e-08,1
6,0.01,12,21,10,2.0356515824992982e-05,5.1216382246366265e-09,1
6,0.01,12,22,1,4.189531433476895,4.8921402773412375,6
6,0.01,12,22,2,2.60844127875854,3.021941733075,6
6,0.01,12,22,3,1.6500110379581674,1.9311104530090821,3
6,0.01,12,22,4,0.8458812374474078,0.9806009013814201,2
6,0.01,12,22,5,0.7885373595883252,0.9518721200281064,1
6,0.01,12,22,6,0.04528223586567304,0.029641487467409355,1
6,0.01,12,22,7,0.022246567236067882,0.018751850297916484,1
6,0.01,12,22,8,0.008817065264438817,0.0007449424408036975,1
6,0.01,12,22,9,0.003774252046576443,0.00020679207745644135,1
6,0.01,12,22,10,0.00034498220376999456,8.262151371951632e-07,1
6,0.01,12,23,1,5.022640207635256,5.894672070630087,4
6,0.01,12,23,2,2.8051910061842147,3.1470925674593637,4
6,0.01,12,23,3,1.3337904055568224,1.3204139666772612,4
6,0.01,12,23,4,0.41190230919365334,0.26845331465713507,5
6,0.01,12,23,5,0.13406949455913342,0.02683307218863895,4
6,0.01,12,23,6,0.03438471101565277,0.0016635532770736816,5
6,0.01,12,23,7,0.012836464219951438,0.00032004854654310577,4
6,0.01,12,23,8,0.0025722285342748563,5.984377262180374e-06,1
6,0.01,12,23,9,0.0009042642511776222,5.452193665433924e-07,2
6,0.01,12,23,10,0.00024567578299716786,4.6976227352502065e-08,1
6,0.01,12,24,1,5.669901147471122,6.782816201741529,2
6,0.01,12,24,2,2.9823135019537697,3.331842214609443,2
6,0.01,12,24,3,1.6301550765502988,1.9072941251118225,8
6,0.01,12,24,4,0.8517802784871069,0.973038965977497,3
6,0.01,12,24,5,0.14404323598876534,0.06247962618524294,2
6,0.01,12,24,6,0.02249755382214058,0.000588825610525312,1
6,0.01,12,24,7,0.008677226062018484,0.0003305345960491479,3
6,0.01,12,24,8,0.003838548160046251,0.00011276591821740567,3
6,0.01,12,24,9,0.0017693455602136865,1.5384748271785043e-05,2
6,0.01,12,24,10,0.00030054919047106665,1.8941463686417137e-07,1
6,0.01,12,25,1,5.006723667512009,5.897061989453224,5
6,0.01,12,25,2,4.191103239882793,4.880341113294401,3
6,0.01,12,25,3,2.550056029546063,2.9693878266039277,2
6,0.01,12,25,4,0.8322956770712056,0.9748686406874567,5
6,0.01,12,25,5,0.20990471120818555,0.05748031174069279,3
6,0.01,12,25,6,0.05763827098107832,0.012120908966859467,5
6,0.01,12,25,7,0.011214611693292298,0.00043025880277713924,3
6,0.01,12,25,8,0.004704441218194688,2.5015030647779213e-05,3
6,0.01,12,25,9,0.0008183389682532294,7.549399843043147e-07,2
6,0.01,12,25,10,0.00015676991016277952,2.8801181883864047e-08,1
6,0.01,12,26,1,4.72543169453569,5.725445762632612,8
6,0.01,12,26,2,2.708131999493098,3.102349629698475,7
6,0.01,12,26,3,1.1195886922525897,1.197767477760495,4
6,0.01,12,26,4,0.941934457690925,1.0156464215495342,4
6,0.01,12,26,5,0.16732134716474079,0.07676236346155108,4
6,0.01,12,26,6,0.02636173440163958,0.0012214146817690619,4
6,0.01,12,26,7,0.007822997358870154,0.00012231225497938425,4
6,0.01,12,26,8,0.0004666346663100285,2.601420181491676e-07,3
6,0.01,12,26,9,3.0107523824263183e-05,3.7223149007559186e-09,2
6,0.01,12,26,10,4.046491508091776e-06,3.722622210489135e-10,1
6,0.01,12,27,1,4.924053339132601,5.818004114088385,5
6,0.01,12,27,2,3.4786540159438024,4.002277113339641,4
6,0.01,12,27,3,1.9319246157874312,2.147076189010864,3
6,0.01,12,27,4,0.9698902776968117,1.0461158129854242,4
6,0.01,12,27,5,0.8495881852010951,0.973118430658328,3
6,0.01,12,27,6,0.07306509650914794,0.014038014179146074,3
6,0.01,12,27,7,0.021540906713259922,0.0007733173446853314,1
6,0.01,12,27,8,0.0031368840340642024,6.486405426997521e-06,2
6,0.01,12,27,9,0.0006713297371687688,3.0005013940126446e-07,1
6,0.01,12,27,10,9.834085186266606e-05,6.666734719829037e-09,1
6,0.01,12,28,1,5.901708279574921,6.920949465670811,2
6,0.01,12,28,2,4.096954607338056,4.79902493870242,6
6,0.01,12,28,3,2.518555953717959,2.9526522773118202,3
6,0.01,12,28,4,1.7137904146226788,1.9633825603953827,3
6,0.01,12,28,5,0.9106469054268373,1.005434056742926,3
6,0.01,12,28,6,0.13857230138619947,0.04767379746318312,2
6,0.01,12,28,7,0.022402140925560587,0.009672126630189126,3
6,0.01,12,28,8,0.0064317129150399666,0.00031025975710718967,2
6,0.01,12,28,9,0.0009824959649353815,2.6478503034610412e-06,2
6,0.01,12,28,10,0.00011185491333520758,2.457336911732e-08,1
6,0.01,12,29,1,4.885290411479258,5.820829548583031,5
6,0.01,12,29,2,3.175285624876058,3.8115681110564346,3
6,0.01,12,29,3,1.7479724149472213,2.0207158017364044,3
6,0.01,12,29,4,0.23854024440081734,0.13779022809264418,2
6,0.01,12,29,5,0.07704405516064217,0.021997956621572,3
6,0.01,12,29,6,0.026065251342646256,0.0010610196341325207,2
6,0.01,12,29,7,0.003381089995278863,8.572885765012472e-05,2
6,0.01,12,29,8,0.0003957405674599457,2.276023266745142e-06,3
6,0.01,12,29,9,0.00012882776333089652,5.883481932755785e-07,2
6,0.01,12,29,10,9.187146551958847e-06,1.7572361343809462e-09,1
6,0.01,12,30,1,4.06915517806654,4.837638637112455,3
6,0.01,12,30,2,2.6986694593983565,3.074681284236256,3
6,0.01,12,30,3,0.9561401011120623,1.0260479475107882,5
6,0.01,12,30,4,0.17086845153819663,0.058201483268973675,3
6,0.01,12,30,5,0.04776520463156153,0.01103672519028187,5
6,0.01,12,30,6,0.018710436684145293,0.00042898835795224244,3
6,0.01,12,30,7,0.0021610068109687575,1.4937079281907018e-05,3
6,0.01,12,30,8,0.0002798593238555469,2.1137614680810657e-07,1
6,0.01,12,30,9,5.3509423819875224e-05,3.07138936506135e-08,1
6,0.01,12,30,10,5.412181433683827e-06,3.1461233618301776e-10,1
6,0.01,12,31,1,4.849920263500159,5.822523123041458,4
6,0.01,12,31,2,2.815661401052611,3.182562917549159,4
6,0.01,12,31,3,1.7347678136278546,2.003608726385279,2
6,0.01,12,31,4,0.9396592197987337,1.0280011390216064,1
6,0.01,12,31,5,0.7687202077876494,0.951199228332217,5
6,0.01,12,31,6,0.054050684609770805,0.005277899669838604,4
6,0.01,12,31,7,0.017704760233304917,0.00028641687983466113,3
6,0.01,12,31,8,0.007671544442819034,9.847731635126422e-05,2
6,0.01,12,31,9,0.001415015835980249,2.9796078973021167e-06,1
6,0.01,12,31,10,0.00015988052877968784,3.99445561072298e-08,1
6,0.01,12,32,1,4.893312816036461,5.7878150728937126,3
6,0.01,12,32,2,2.803778360855196,3.1546667382787525,3
6,0.01,12,32,3,1.7870826684245458,2.0410588311843423,4
6,0.01,12,32,4,0.4677634588077755,0.3267894969314611,3
6,0.01,12,32,5,0.16236245190645526,0.040098774756378575,3
6,0.01,12,32,6,0.042988016218219016,0.0012956598143718523,3
6,0.01,12,32,7,0.014518279097275766,0.00033381948195287947,3
6,0.01,12,32,8,0.007141889983779848,0.00017188736326900766,3
6,0.01,12,32,9,0.0007391149520721285,1.4279481792556226e-06,2
6,0.01,12,32,10,0.00030304147199800013,5.698715419555356e-07,1
6,0.01,12,33,1,4.935074179165236,5.854741290697659,2
6,0.01,12,33,2,3.482038125600827,4.039071875170164,2
6,0.01,12,33,3,1.507593578964265,1.4108103183501903,2
6,0.01,12,33,4,0.3617556055512896,0.11923992247214965,1
6,0.01,12,33,5,0.05721020509655261,0.012026785581440436,2
6,0.01,12,33,6,0.009512843780354885,0.00065132149516689,4
6,0.01,12,33,7,0.0036192881935672716,4.2454572668049195e-05,3
6,0.01,12,33,8,0.0013039141151711675,8.690663033661394e-06,2
6,0.01,12,33,9,0.0002997089491785232,1.6021756898965123e-07,2
6,0.01,12,33,10,3.3311831360904876e-05,9.683489565759373e-10,1
6,0.01,12,34,1,6.452495828488734,7.649120230948455,3
6,0.01,12,34,2,4.913723038161905,5.776500605320965,3
6,0.01,12,34,3,3.3125375386915437,3.8932886623125533,3
6,0.01,12,34,4,1.268237156928837,1.268521524711451,3
6,0.01,12,34,5,0.17199193857168282,0.050871574190848534,3
6,0.01,12,34,6,0.030360653031632268,0.0013579378546522136,4
6,0.01,12,34,7,0.006725884146339567,6.43882463631229e-05,4
6,0.01,12,34,8,0.002100667767539477,8.482283167410287e-06,3
6,0.01,12,34,9,0.0003623679703146365,3.3519523867653334e-07,2
6,0.01,12,34,10,7.875037611171365e-05,9.177801629789428e-09,1
6,0.01,12,35,1,4.793232543375241,5.723003564851375,6
6,0.01,12,35,2,3.209054512369306,3.8485030181922415,5
6,0.01,12,35,3,1.9320392519771108,2.0954270171689444,6
6,0.01,12,35,4,0.468098789747291,0.2963027154675997,2
6,0.01,12,35,5,0.11997962333364498,0.04277073847745605,5
6,0.01,12,35,6,0.02195543799080113,0.0007325820412464878,3
6,0.01,12,35,7,0.006472666323354304,4.987967688574457e-05,2
6,0.01,12,35,8,0.001989385623994977,5.301223165332658e-06,2
6,0.01,12,35,9,0.0002864417302657074,1.750697240510135e-07,2
6,0.01,12,35,10,3.898632238907851e-05,3.21083248877585e-09,1
6,0.01,12,36,1,4.004805102703858,4.777360197438513,9
6,0.01,12,36,2,2.4400014172751456,2.8887688578802084,8
6,0.01,12,36,3,0.9348479437999799,1.054613597680837,5
6,0.01,12,36,4,0.17839470397431167,0.11114045697319774,1
6,0.01,12,36,5,0.03764355351983628,0.019807247728865995,3
6,0.01,12,36,6,0.015502729917233893,0.009532085792833378,2
6,0.01,12,36,7,0.005703612557279136,0.0007828931179183485,1
6,0.01,12,36,8,0.0004298113008109894,5.641432728964446e-06,1
6,0.01,12,36,9,7.517728091155362e-05,2.0527664013059166e-07,1
6,0.01,12,36,10,1.251869279794704e-05,4.933175645760457e-09,1
6,0.01,12,37,1,5.163368725785801,5.9989820770316555,3
6,0.01,12,37,2,3.7891012487563565,4.227074086865539,2
6,0.01,12,37,3,2.365528733961458,2.864153766609202,4
6,0.01,12,37,4,1.0859565930521802,1.1738361956738865,3
6,0.01,12,37,5,0.8958232404578848,0.9947885328824775,2
6,0.01,12,37,6,0.09718005284880249,0.02446629465225847,2
6,0.01,12,37,7,0.03372880536014655,0.001211118120306054,2
6,0.01,12,37,8,0.008582062603677443,0.00018475170915266403,2
6,0.01,12,37,9,0.0019245965425316314,5.3042091145982795e-06,2
6,0.01,12,37,10,0.00019639848561681106,3.591386388279716e-08,1
6,0.01,12,38,1,5.1569648096684135,5.938240422367716,7
6,0.01,12,38,2,3.3028418518587843,3.8828834753365378,2
6,0.01,12,38,3,2.0660747431083815,2.241272322286182,2
6,0.01,12,38,4,0.9697757900671258,1.016365563080062,4
6,0.01,12,38,5,0.17296898796271964,0.0677043843187004,2
6,0.01,12,38,6,0.09324001079995536,0.016684851997583294,2
6,0.01,12,38,7,0.01265720548140603,0.0007968216019742513,2
6,0.01,12,38,8,0.002869032184373843,3.86883280061312e-05,2
6,0.01,12,38,9,0.0010650333140889146,8.3866324462889e-06,2
6,0.01,12,38,10,5.3224995991918433e-05,2.6051830914752827e-08,1
6,0.01,12,39,1,4.66922789120354,5.645087534909102,9
6,0.01,12,39,2,2.726199703370372,3.1245989055147696,3
6,0.01,12,39,3,1.7041654299135605,1.9723204295369934,7
6,0.01,12,39,4,0.8920146256157402,0.9856743644634278,6
6,0.01,12,39,5,0.0643224162380216,0.011328921868583919,2
6,0.01,12,39,6,0.026109816103084604,0.0010950395198214835,3
6,0.01,12,39,7,0.014681822283056256,0.00029179606311657835,3
6,0.01,12,39,8,0.001756430918262275,4.977513935244815e-06,2
6,0.01,12,39,9,0.00038723904996640357,2.1582862785862744e-07,1
6,0.01,12,39,10,4.631904777507856e-05,2.4652049290807554e-09,1
6,0.01,12,40,1,5.050046233948405,5.890552700848758,3
6,0.01,12,40,2,3.5577692688353837,4.078990662438688,4
6,0.01,12,40,3,2.1959959503488777,2.2999473958404018,3
6,0.01,12,40,4,1.0695514999760602,1.031109836479736,3
6,0.01,12,40,5,0.16648393964220354,0.05765790186553055,2
6,0.01,12,40,6,0.035367274415063044,0.010015425669514855,1
6,0.01,12,40,7,0.009393505208955766,0.00024319253426519083,4
6,0.01,12,40,8,0.002068525146470712,1.7065036431063163e-05,3
6,0.01,12,40,9,0.000253092052720838,3.441090203892827e-07,2
6,0.01,12,40,10,6.031695883113031e-05,3.3182114833607557e-08,1
6,0.01,12,41,1,4.892758934800007,5.784186982208308,6
6,0.01,12,41,2,3.392111287136329,3.9311306151673016,6
6,0.01,12,41,3,2.103896310037209,2.289295194149428,3
6,0.01,12,41,4,1.142333454325212,1.1971376529099294,3
6,0.01,12,41,5,0.13949327115599353,0.049097373834726454,3
6,0.01,12,41,6,0.026017602598598977,0.0010368205020645505,1
6,0.01,12,41,7,0.007130533259493532,8.714219842254067e-05,3
6,0.01,12,41,8,0.0019077987276041597,6.9033159295628366e-06,3
6,0.01,12,41,9,0.00015570180381274668,1.617630651651325e-08,2
6,0.01,12,41,10,3.750696225601757e-05,1.6555201654000484e-09,1
6,0.01,12,42,1,5.102341451721667,6.039467510975747,8
6,0.01,12,42,2,3.696222603499935,4.217873855894574,7
6,0.01,12,42,3,2.204863766019532,2.3464790938827704,6
6,0.01,12,42,4,0.9484422679937268,1.0059862447183825,5
6,0.01,12,42,5,0.18189854645123837,0.0632178074114016,2
6,0.01,12,42,6,0.04112508281155325,0.0015000883173490465,1
6,0.01,12,42,7,0.009749374685245726,0.00016050679546530944,3
6,0.01,12,42,8,0.0036132351364042137,2.7893153051294917e-05,2
6,0.01,12,42,9,0.0007692389168720837,6.37400123792986e-07,1
6,0.01,12,42,10,0.00013938356958753673,2.122409981097917e-08,1
6,0.01,12,43,1,5.639915809431474,6.695476060647703,8
6,0.01,12,43,2,4.177116854616226,4.900722865573577,7
6,0.01,12,43,3,2.582510899814891,3.0225660446546705,6
6,0.01,12,43,4,1.7332768293619516,1.9764099680503957,4
6,0.01,12,43,5,0.9907754375464686,1.053369421198454,4
6,0.01,12,43,6,0.13436165013057266,0.045817924225131534,2
6,0.01,12,43,7,0.0914054184711377,0.02447227802338503,2
6,0.01,12,43,8,0.02522242231625693,0.0011180335072591419,2
6,0.01,12,43,9,0.003140041045662123,1.8988039187206596e-05,1
6,0.01,12,43,10,0.0002661606419467333,5.9288291609504995e-08,1
6,0.01,12,44,1,5.736691774482633,6.817967878389259,3
6,0.01,12,44,2,3.52744831096593,4.0785845380427315,2
6,0.01,12,44,3,2.6328998129712513,3.026592546233573,3
6,0.01,12,44,4,1.2226738290422787,1.2729464526235343,3
6,0.01,12,44,5,0.3672590248350698,0.2187499694331443,2
6,0.01,12,44,6,0.10724863200600332,0.0276053771986966,4
6,0.01,12,44,7,0.057371665553853646,0.005346532040833907,3
6,0.01,12,44,8,0.012710358011013057,0.0001865155371376659,2
6,0.01,12,44,9,0.002069283192358995,4.158215537231058e-06,1
6,0.01,12,44,10,8.278405350292672e-05,2.2702931090634593e-08,1
6,0.01,12,45,1,4.9777339129236315,5.880333845054363,2
6,0.01,12,45,2,3.19792382433615,3.8105828693867387,7
6,0.01,12,45,3,1.6323527071587582,1.938841646492901,8
6,0.01,12,45,4,0.9235719647274392,1.000975734277346,1
6,0.01,12,45,5,0.12422788697393461,0.059827415019552355,1
6,0.01,12,45,6,0.024537267307807475,0.010665010133916297,2
6,0.01,12,45,7,0.010515856969766979,0.0004356872618318519,1
6,0.01,12,45,8,0.0012391102274316168,1.364935413228352e-05,1
6,0.01,12,45,9,0.00022681512453903707,3.4529755943424334e-07,1
6,0.01,12,45,10,4.906778813573709e-05,5.323112972632771e-08,1
6,0.01,12,46,1,5.630182677480565,6.689066703147244,6
6,0.01,12,46,2,4.208615692546039,4.942631321011284,5
6,0.01,12,46,3,2.5985890108207803,3.0082746595721535,7
6,0.01,12,46,4,0.8979310297002101,1.0305434159327644,3
6,0.01,12,46,5,0.19368495026348942,0.05978513108834527,5
6,0.01,12,46,6,0.03914718159289787,0.001988646316490872,5
6,0.01,12,46,7,0.01598547013305396,0.001013251488283018,3
6,0.01,12,46,8,0.0019394317095757785,1.2527484079427609e-05,3
6,0.01,12,46,9,0.00022158669878979964,1.2660544079778902e-07,2
6,0.01,12,46,10,9.535023383300256e-06,2.2587798298445705e-10,1
6,0.01,12,47,1,4.241159286142178,4.983216290585727,8
6,0.01,12,47,2,2.5642225347307317,2.974285020024765,7
6,0.01,12,47,3,1.786955239151152,2.0345751901550395,6
6,0.01,12,47,4,0.2235599875747507,0.07179871121742298,5
6,0.01,12,47,5,0.04813512395807784,0.003441931266319642,6
6,0.01,12,47,6,0.010658524648126999,6.546074861724094e-05,5
6,0.01,12,47,7,3.552713678800501e-15,-1.7763568394002505e-15,3
6,0.01,12,47,8,2.6645352591003757e-15,-1.7763568394002505e-15,2
6,0.01,12,47,9,0.0,-1.7763568394002505e-15,2
6,0.01,12,47,10,1.7763568394002505e-15,-1.7763568394002505e-15,1
6,0.01,12,48,1,3.4566104122323456,4.014288518122244,9
6,0.01,12,48,2,2.4562506130219877,2.916379818967835,2
6,0.01,12,48,3,1.662719035115491,1.9515897654888814,4
6,0.01,12,48,4,1.0147000984079027,1.0965566018526012,5
6,0.01,12,48,5,0.2400847601512046,0.1553018153158554,4
6,0.01,12,48,6,0.03492173104792329,0.002264335614581725,1
6,0.01,12,48,7,0.01575915816111273,0.0005779320195058446,1
6,0.01,12,48,8,0.009433495692874772,0.0001759010814712525,1
6,0.01,12,48,9,0.0010064526463526846,4.898793479313213e-06,1
6,0.01,12,48,10,0.0002403392718495212,2.4271519194485336e-07,1
6,0.01,12,49,1,5.718546240249698,6.793498099577892,7
6,0.01,12,49,2,3.6031222677754124,4.121863317627735,7
6,0.01,12,49,3,1.9448441157275722,2.1298317981485013,5
6,0.01,12,49,4,0.35407254403943167,0.16622646637074912,5
6,0.01,12,49,5,0.07638729060421756,0.012969815856472167,5
6,0.01,12,49,6,0.023092724497808526,0.001374850854565679,3
6,0.01,12,49,7,0.00665642530283872,0.0002579602540171422,2
6,0.01,12,49,8,0.0025663970914822087,8.263803031205441e-05,1
6,0.01,12,49,9,0.00024702587049763025,6.146606796875176e-07,1
6,0.01,12,49,10,3.147588380603139e-05,4.0778829202281486e-09,1
6,0.01,12,50,1,4.1281574590636305,4.91433588433385,2
6,0.01,12,50,2,2.109399218308302,2.2537492237671977,1
6,0.01,12,50,3,1.0095620947354478,1.0498113518437178,7
6,0.01,12,50,4,0.16646567301582138,0.046006867081564096,6
6,0.01,12,50,5,0.04503039869462189,0.0030504671344528944,3
6,0.01,12,50,6,0.00877552713670493,0.00010459327509160232,2
6,0.01,12,50,7,0.002758967794204814,3.5883897124833197e-06,1
6,0.01,12,50,8,0.0005828251588466671,6.120867812597908e-07,2
6,0.01,12,50,9,0.0001341017485811946,2.0036591052985386e-08,1
6,0.01,12,50,10,1.7075075528616424e-05,3.991118546764483e-10,1
6,0.01,12,51,1,4.226235945786313,4.961719855035371,8
6,0.01,12,51,2,2.6768480034434026,3.070359824946445,8
6,0.01,12,51,3,1.2230953918594931,1.197175488233463,8
6,0.01,12,51,4,0.9112684204114592,0.9848394275067136,6
6,0.01,12,51,5,0.07089087341082756,0.0037217640426518983,6
6,0.01,12,51,6,0.007025766372455777,4.5230422947462046e-05,5
6,0.01,12,51,7,0.0017151226877549774,3.608223746187633e-05,1
6,0.01,12,51,8,0.0004554191809651442,2.4256571045100372e-06,2
6,0.01,12,51,9,0.000149791602967575,2.676514370136829e-07,1
6,0.01,12,51,10,2.8510214705512738e-05,2.1120385440553946e-09,1
6,0.01,12,52,1,5.043487581227407,5.9323149756178175,2
6,0.01,12,52,2,3.222221914530059,3.8712201322226996,6
6,0.01,12,52,3,1.6893294349222705,1.9844208699362476,3
6,0.01,12,52,4,0.44553978814793016,0.35966288402729063,2
6,0.01,12,52,5,0.11499104578437791,0.06881062071839317,3
6,0.01,12,52,6,0.06501979258413204,0.019072862991826867,2
6,0.01,12,52,7,0.015267310926600608,0.009459070502490619,1
6,0.01,12,52,8,0.001858173668691343,6.086458705922837e-06,2
6,0.01,12,52,9,0.0004522396837733922,4.991708291157693e-07,2
6,0.01,12,52,10,6.263985981913578e-05,4.326089708683867e-08,1
6,0.01,12,53,1,4.867322824711298,5.801030261436665,4
6,0.01,12,53,2,3.370264643100695,3.9894367733754432,3
6,0.01,12,53,3,1.7384486103380032,2.0301984347912017,3
6,0.01,12,53,4,0.8471438341452808,0.9947208214163332,4
6,0.01,12,53,5,0.767197309610836,0.9424896549032153,3
6,0.01,12,53,6,0.056818899543802814,0.013960472743988817,3
6,0.01,12,53,7,0.02102099285539616,0.0006303981551383231,3
6,0.01,12,53,8,0.002538463776879496,6.934697127647382e-06,1
6,0.01,12,53,9,0.0005901631429896526,2.511362744428425e-07,1
6,0.01,12,53,10,2.323802466275282e-05,8.448353128187591e-10,1
6,0.01,12,54,1,4.8704022792790305,5.802143675764121,5
6,0.01,12,54,2,3.2490371199839068,3.848696180715331,3
6,0.01,12,54,3,1.9649328477982948,2.178635792781776,3
6,0.01,12,54,4,1.0943091732247554,1.1402531164912304,2
6,0.01,12,54,5,0.09823761733461112,0.016114948758511716,2
6,0.01,12,54,6,0.018875717763933153,0.0015672396714343506,2
6,0.01,12,54,7,0.0061262360533689275,0.0001537595305540762,2
6,0.01,12,54,8,0.001064832580816244,6.995516406149704e-06,2
6,0.01,12,54,9,0.00015151422186043817,2.7744326480672044e-07,2
6,0.01,12,54,10,7.167922237982793e-06,5.382094769856849e-10,1
6,0.01,12,55,1,4.920790322087278,5.800867493057346,6
6,0.01,12,55,2,3.5412802430457244,4.0522593409168675,5
6,0.01,12,55,3,2.5727266847662307,2.957007110700853,6
6,0.01,12,55,4,1.1932166057246745,1.208398958560374,5
6,0.01,12,55,5,0.22578500934452705,0.08515294368032222,5
6,0.01,12,55,6,0.05003058202294497,0.0027486477168476853,4
6,0.01,12,55,7,0.008515853256275463,6.9102187429948e-05,3
6,0.01,12,55,8,0.002696550181106261,1.0361750472753783e-05,2
6,0.01,12,55,9,0.00037500317018768214,1.5416544307811364e-07,1
6,0.01,12,55,10,3.827304849934876e-05,7.409823865600629e-10,1
6,0.01,12,56,1,7.755885951568322,9.371519576833911,8
6,0.01,12,56,2,5.719950886525888,6.758431285142404,6
6,0.01,12,56,3,4.269541708410509,4.958852498527378,6
6,0.01,12,56,4,2.178553051390139,2.2894588716542463,6
6,0.01,12,56,5,0.5266325091830204,0.2886900513091364,6
6,0.01,12,56,6,0.0851336561396252,0.00447478277116975,5
6,0.01,12,56,7,0.02396424640702044,0.0008046090402968886,4
6,0.01,12,56,8,0.002904649174269025,1.579252505123918e-05,3
6,0.01,12,56,9,0.00024243710399041163,3.29368694096388e-07,2
6,0.01,12,56,10,5.5644453818004536e-05,2.039054969316112e-08,1
6,0.01,12,57,1,4.89838923708702,5.842587501207701,9
6,0.01,12,57,2,3.5047628648371028,4.058619679423892,8
6,0.01,12,57,3,1.1742410991739085,1.2208358588906272,7
6,0.01,12,57,4,0.8094717645045639,0.9524970103103776,4
6,0.01,12,57,5,0.13078935668964498,0.06125948445083562,3
6,0.01,12,57,6,0.021582362404243938,0.0006801186108686963,4
6,0.01,12,57,7,0.005929579734443635,6.519909787172651e-05,3
6,0.01,12,57,8,0.0007731875359624496,6.16068755121546e-07,3
6,0.01,12,57,9,4.132532642486808e-05,2.0093668950948995e-09,2
6,0.01,12,57,10,2.366230180683715e-06,2.610534011182608e-11,1
6,0.01,12,58,1,4.052062250261513,4.845896739328332,9
6,0.01,12,58,2,2.656796197844227,3.0591740457687173,8
6,0.01,12,58,3,1.1935471479530815,1.2236970533902536,2
6,0.01,12,58,4,0.28693403277365803,0.14209165024378834,2
6,0.01,12,58,5,0.07609318740852444,0.008329988848595704,1
6,0.01,12,58,6,0.010487207893445927,0.0002147419698053099,3
6,0.01,12,58,7,0.002259467608319632,2.11818950548448e-05,2
6,0.01,12,58,8,0.0006600103825844528,1.1189883295514846e-06,1
6,0.01,12,58,9,9.24884871027487e-05,3.7632538862908405e-08,1
6,0.01,12,58,10,1.7450837829890986e-05,7.238796229103173e-10,1
6,0.01,12,59,1,3.5129175152254737,4.074806783139509,9
6,0.01,12,59,2,1.6993792394519422,1.9788400602303815,5
6,0.01,12,59,3,1.1600501916373007,1.2108106038238562,4
6,0.01,12,59,4,0.20238899730221238,0.058567517491002086,7
6,0.01,12,59,5,0.10171777098483137,0.05086681444291408,2
6,0.01,12,59,6,0.01605025073424393,0.0005189788766113423,4
6,0.01,12,59,7,0.005671236881341635,0.00040806358155531797,2
6,0.01,12,59,8,0.0012109265814723713,1.4256443719773415e-05,2
6,0.01,12,59,9,0.0003530657452754937,4.689254016199129e-07,2
6,0.01,12,59,10,4.3973517706241694e-05,4.99539432041729e-09,1
6,0.01,12,60,1,5.059820677072659,5.9350046477898974,3
6,0.01,12,60,2,3.783741358089107,4.274394305386224,2
6,0.01,12,60,3,2.145317267728868,2.3290404202180603,2
6,0.01,12,60,4,0.982135566674823,1.0226176560203415,1
6,0.01,12,60,5,0.3811166607855059,0.25272263454766986,2
6,0.01,12,60,6,0.08601319420752862,0.010775817276721611,2
6,0.01,12,60,7,0.023161783702218663,0.0008518954421585789,2
6,0.01,12,60,8,0.01094586397981967,9.075856408280458e-05,2
6,0.01,12,60,9,0.0026200652473216124,5.2164404351628946e-06,2
6,0.01,12,60,10,0.0005115446598056295,2.2657915188517563e-07,1
6,0.01,12,61,1,4.729604173136767,5.716041728900699,8
6,0.01,12,61,2,3.245393150482837,3.8745798989374105,7
6,0.01,12,61,3,1.7513939846535926,2.0092750582308456,4
6,0.01,12,61,4,0.9552436699720213,1.0461118115872825,3
6,0.01,12,61,5,0.8187577788374041,0.9617507551344104,3
6,0.01,12,61,6,0.08865354700962591,0.030688303871767353,3
6,0.01,12,61,7,0.011650475494318968,0.00028234838460505784,3
6,0.01,12,61,8,0.0020836966867223694,1.8098199017657635e-05,3
6,0.01,12,61,9,0.00023020529375905596,3.08948644445195e-07,2
6,0.01,12,61,10,1.1703429290577105e-05,5.4234341462233715e-09,1
6,0.01,12,62,1,4.383353380948203,5.054911949506776,5
6,0.01,12,62,2,2.8496357596937694,3.1682124366509896,4
6,0.01,12,62,3,2.0075893217563374,2.190184704033765,3
6,0.01,12,62,4,1.0559992307450052,1.0886126697799305,6
6,0.01,12,62,5,0.14503460173316274,0.020424217098165443,5
6,0.01,12,62,6,0.04452326214112201,0.003241594579307616,3
6,0.01,12,62,7,0.02224604596389579,0.0007404210283841195,3
6,0.01,12,62,8,0.004695845632739726,2.3893961925480767e-05,2
6,0.01,12,62,9,0.0010026682943609089,6.70794722879009e-07,1
6,0.01,12,62,10,8.909987801875019e-05,4.493397653959619e-09,1
6,0.01,12,63,1,4.889271013453175,5.7560404714373306,3
6,0.01,12,63,2,3.2672297939837414,3.866833687257447,4
6,0.01,12,63,3,1.8101538110494264,2.0488972926480216,3
6,0.01,12,63,4,1.0540120492645766,1.1047421181026138,2
6,0.01,12,63,5,0.1519903694992326,0.0882420487478166,2
6,0.01,12,63,6,0.038526426103892675,0.0013072937020339737,4
6,0.01,12,63,7,0.014929843350852678,0.00033804482382571166,2
6,0.01,12,63,8,0.005059644777560379,2.4316940370638918e-05,2
6,0.01,12,63,9,0.0009671224677667567,5.858798814983857e-07,1
6,0.01,12,63,10,0.0001407740064660601,7.892591469271792e-09,1
6,0.01,12,64,1,3.8748582118646997,4.72117659444663,2
6,0.01,12,64,2,1.7539105049319907,1.9535882256314894,6
6,0.01,12,64,3,0.227842309055462,0.1897567756193217,2
6,0.01,12,64,4,0.1443686432296225,0.10211324435368674,2
6,0.01,12,64,5,0.13050191784936338,0.07180052185378205,2
6,0.01,12,64,6,0.022797571077820322,0.001439326828014842,2
6,0.01,12,64,7,0.0013590587818228528,1.4796025746832697e-05,1
6,0.01,12,64,8,5.253729504239857e-05,3.081044397390542e-08,1
6,0.01,12,64,9,6.853461455236243e-06,2.6256969931637286e-09,2
6,0.01,12,64,10,3.24344195945514e-07,9.887202168101794e-12,1
6,0.01,12,65,1,5.070606434543938,5.936825404702569,8
6,0.01,12,65,2,3.680733171900302,4.1725395971626895,8
6,0.01,12,65,3,1.8825464512700751,2.094759680129881,5
6,0.01,12,65,4,0.4893673765987252,0.22765851811050464,2
6,0.01,12,65,5,0.17895704463164996,0.04908485827441034,3
6,0.01,12,65,6,0.07754347857328447,0.014654445554569406,3
6,0.01,12,65,7,0.029549000768623657,0.009748582720300547,3
6,0.01,12,65,8,0.007864714933988992,0.0003762873107788778,3
6,0.01,12,65,9,0.0018456499521306569,8.700674607453607e-06,2
6,0.01,12,65,10,0.00024826105125264064,3.4791130332223474e-07,1
6,0.01,12,66,1,5.621026223984182,6.738613553641429,4
6,0.01,12,66,2,4.113565287308131,4.863626572351409,5
6,0.01,12,66,3,2.6876208853920796,3.0712805468842834,5
6,0.01,12,66,4,1.1616696154383037,1.1705792483598776,4
6,0.01,12,66,5,0.853553247879181,0.9635725481985915,3
6,0.01,12,66,6,0.09986240638665489,0.023052559171556908,2
6,0.01,12,66,7,0.027133390981371797,0.00997938448580804,3
6,0.01,12,66,8,0.00587035671131364,0.00016240361805763825,2
6,0.01,12,66,9,0.001001582534651213,3.6634907640831216e-06,1
6,0.01,12,66,10,0.00013795027587004682,5.71490037515332e-08,1
6,0.01,12,67,1,3.4566998546303696,4.000954189495939,2
6,0.01,12,67,2,2.592383371631551,3.004906993689069,2
6,0.01,12,67,3,0.3465001479862009,0.16818646439715135,1
6,0.01,12,67,4,0.1595569739490621,0.1211706379327806,2
6,0.01,12,67,5,0.037836306528364894,0.0024827223959498212,5
6,0.01,12,67,6,0.017459933287978124,0.0006819310078123308,4
6,0.01,12,67,7,0.0036928692062891955,3.3107765279538626e-05,4
6,0.01,12,67,8,0.0007563833150827648,4.677507227768274e-06,2
6,0.01,12,67,9,0.00017671746844971636,2.1330373378702916e-07,2
6,0.01,12,67,10,2.0580205135622975e-05,1.0066028011124217e-09,1
6,0.01,12,68,1,5.6851204488623015,6.792510323497119,4
6,0.01,12,68,2,4.254758142206814,4.9973664826470845,2
6,0.01,12,68,3,2.6056765961681716,3.0175598622270208,4
6,0.01,12,68,4,1.087668567045748,1.1568818798538114,4
6,0.01,12,68,5,0.2349561824381059,0.08747258702506144,2
6,0.01,12,68,6,0.09277086367454501,0.0070130593764528015,2
6,0.01,12,68,7,0.010010299855062854,8.305891839466284e-05,1
6,0.01,12,68,8,0.0007697634129808506,3.862216047423317e-06,2
6,0.01,12,68,9,0.00020613447897410708,6.42934391947847e-07,2
6,0.01,12,68,10,1.2960701225139815e-05,1.5462759961337724e-09,1
6,0.01,12,69,1,4.889215029979754,5.757177558521402,6
6,0.01,12,69,2,2.8483103745333,3.170032173876825,7
6,0.01,12,69,3,1.3482553496049317,1.3273315628876183,6
6,0.01,12,69,4,0.3476330225541595,0.15614866412766304,6
6,0.01,12,69,5,0.10069805773357299,0.04860269696479502,3
6,0.01,12,69,6,0.020513279232223347,0.002238951534731193,2
6,0.01,12,69,7,0.006101653083426584,0.00010375909259963123,1
6,0.01,12,69,8,0.0012315678259682272,1.2175222169119593e-05,1
6,0.01,12,69,9,0.00032128310559009776,3.6247408274903137e-07,1
6,0.01,12,69,10,7.203243853481922e-05,4.507190176639142e-08,1
6,0.01,12,70,1,5.052572453199218,5.941699677133055,3
6,0.01,12,70,2,3.622434359730665,4.126987875248549,3
6,0.01,12,70,3,1.7932287439690704,2.079311790449564,5
6,0.01,12,70,4,1.606049008703299,1.9227536651589663,4
6,0.01,12,70,5,0.3992609645750207,0.29424698464957366,3
6,0.01,12,70,6,0.08477022439960002,0.03235292249401844,4
6,0.01,12,70,7,0.04009303599289815,0.00644665005624212,3
6,0.01,12,70,8,0.0066883613976695955,0.0001128919748705215,3
6,0.01,12,70,9,0.0009283468121719096,6.839193225971485e-06,1
6,0.01,12,70,10,0.00014268660937233335,1.259089543736991e-07,1
6,0.01,12,71,1,5.086465419794631,5.979534341749723,2
6,0.01,12,71,2,3.5095827996524163,4.088907387252357,2
6,0.01,12,71,3,1.8820897732196515,2.095191153197245,3
6,0.01,12,71,4,1.047914027483337,1.1128411045584912,2
6,0.01,12,71,5,0.325641368398899,0.17773591203541894,4
6,0.01,12,71,6,0.09967844859273445,0.016732139271717017,2
6,0.01,12,71,7,0.03240531888054132,0.0017719798887476657,2
6,0.01,12,71,8,0.0057968588543202415,3.016200132677227e-05,1
6,0.01,12,71,9,0.0005995919765231505,1.4863818087462732e-07,1
6,0.01,12,71,10,6.866887752199347e-05,4.148834165107473e-09,1
6,0.01,12,72,1,5.613282925091145,6.693537662304719,7
6,0.01,12,72,2,3.4648622878180824,4.008096621497312,6
6,0.01,12,72,3,2.554205889582729,2.972012592257041,4
6,0.01,12,72,4,1.145786498917487,1.1483309739557654,2
6,0.01,12,72,5,0.3101973328429164,0.17890455862247734,2
6,0.01,12,72,6,0.0603490227193717,0.00462968147184295,2
6,0.01,12,72,7,0.012002775490856266,0.000375669195201489,2
6,0.01,12,72,8,0.0031366853358818503,3.784526902173013e-05,2
6,0.01,12,72,9,0.0007468474806131553,2.606172495589476e-06,2
6,0.01,12,72,10,6.885631632513878e-05,2.3908931723326532e-08,1
6,0.01,12,73,1,4.834494773699885,5.783858293588382,9
6,0.01,12,73,2,3.4160999302849584,4.005733669026199,7
6,0.01,12,73,3,1.9015007557008596,2.1541816116665338,7
6,0.01,12,73,4,0.4782957707432214,0.33359159686425865,5
6,0.01,12,73,5,0.11747688244524301,0.028351034275323705,4
6,0.01,12,73,6,0.02669430181295862,0.0018465189513943159,3
6,0.01,12,73,7,0.010220187184889262,0.00033473660641547553,2
6,0.01,12,73,8,0.0029832551887212233,3.7440657699505664e-05,2
6,0.01,12,73,9,0.00040755746021492456,4.547026080103933e-07,1
6,0.01,12,73,10,4.8376142690820245e-05,3.478389132283155e-09,1
6,0.01,12,74,1,4.798571502738063,5.69611119376297,9
6,0.01,12,74,2,2.67319878716384,3.019960020751185,8
6,0.01,12,74,3,1.6584040265763171,1.9298690956743902,7
6,0.01,12,74,4,0.9378017947590251,0.9951774240354929,1
6,0.01,12,74,5,0.8368245067681572,0.9695242325250852,1
6,0.01,12,74,6,0.016733133018276725,0.009678176889911683,4
6,0.01,12,74,7,0.0025408595977571835,0.00021929048829605335,4
6,0.01,12,74,8,0.0009672983928750156,2.709330917838315e-05,1
6,0.01,12,74,9,0.00046612542048141137,8.797884964550917e-06,1
6,0.01,12,74,10,6.0971903011797224e-05,8.939829498899599e-08,1
6,0.01,12,75,1,4.170607532670916,4.965027287235818,5
6,0.01,12,75,2,3.440144773285068,4.044995257571415,4
6,0.01,12,75,3,1.6685993479757437,1.9700296878071892,4
6,0.01,12,75,4,0.18781088426172943,0.09121360278008162,3
6,0.01,12,75,5,0.06685083807874648,0.038717653634593674,4
6,0.01,12,75,6,0.010532380066820224,0.0006641722350364532,1
6,0.01,12,75,7,0.0015004639387825591,1.0179471066962265e-05,2
6,0.01,12,75,8,0.00014274423160642868,2.1430817653822487e-07,1
6,0.01,12,75,9,1.1302814028724129e-05,4.376893514290714e-09,1
6,0.01,12,75,10,8.223606782209458e-07,1.857536346960842e-10,1
6,0.01,12,76,1,4.270443719919075,4.985558507440015,2
6,0.01,12,76,2,3.4559019976259195,4.015025739856881,6
6,0.01,12,76,3,1.4130277260623858,1.3617135601943513,5
6,0.01,12,76,4,0.9233496883597523,1.0052921476871521,2
6,0.01,12,76,5,0.11375991059821278,0.040223508428989696,5
6,0.01,12,76,6,0.04770309356416558,0.001743374490311922,2
6,0.01,12,76,7,0.007684974791399846,8.913854188552506e-05,3
6,0.01,12,76,8,0.003952066752362704,1.98741155763571e-05,2
6,0.01,12,76,9,0.0006730487372843541,2.4888545802070894e-07,1
6,0.01,12,76,10,9.598971929403177e-05,4.789026064599966e-09,1
6,0.01,12,77,1,4.013759017778823,4.8308973683550605,9
6,0.01,12,77,2,2.421055469125263,2.9328972503359196,8
6,0.01,12,77,3,1.0374462199702306,1.1434567267895819,7
6,0.01,12,77,4,0.8275383535385128,0.9591206124364291,6
6,0.01,12,77,5,0.1965065587203041,0.1422952322528115,5
6,0.01,12,77,6,0.015270512721403229,0.001701168595043434,4
6,0.01,12,77,7,0.013631799026879499,0.0006253124987223302,3
6,0.01,12,77,8,0.008583019914801149,0.00027517254281050896,2
6,0.01,12,77,9,0.0005395789400450823,5.197207428864203e-07,2
6,0.01,12,77,10,1.2841465378166106e-05,5.677911474322173e-10,1
6,0.01,12,78,1,4.310173501382795,5.029880485582753,3
6,0.01,12,78,2,3.62354855882447,4.1310127393233245,3
6,0.01,12,78,3,1.3992148753931195,1.4107679878647783,3
6,0.01,12,78,4,0.4072093026139454,0.26965961786541826,3
6,0.01,12,78,5,0.04794896824264239,0.0019314803629253419,1
6,0.01,12,78,6,0.00958431902351986,9.298867198204164e-05,1
6,0.01,12,78,7,0.001599833662157657,8.940378414479255e-06,1
6,0.01,12,78,8,0.0003418079905506133,3.409734823378585e-07,1
6,0.01,12,78,9,2.1020969193763506e-05,2.9082478647524113e-09,1
6,0.01,12,78,10,3.631107319712612e-06,9.973177839128766e-11,1
6,0.01,12,79,1,4.854288592592759,5.857343290747725,9
6,0.01,12,79,2,3.162633634023578,3.8387134831095544,7
6,0.01,12,79,3,1.8179656680752725,2.1090550488129907,7
6,0.01,12,79,4,0.8887981561509246,0.9819163062352487,6
6,0.01,12,79,5,0.7880741821936281,0.9529496443629588,5
6,0.01,12,79,6,0.04164198425836041,0.0023670831018414162,5
6,0.01,12,79,7,0.01529459346356532,0.0100110622318077,3
6,0.01,12,79,8,0.007345805529629601,0.0006134109491480189,2
6,0.01,12,79,9,0.0017524002255395743,7.335716823675398e-05,1
6,0.01,12,79,10,0.00011390367314234595,1.0678455808488252e-07,1
6,0.01,12,80,1,4.895608994348705,5.809057079388854,2
6,0.01,12,80,2,3.432928653636613,4.013516081389392,4
6,0.01,12,80,3,1.90738004858117,2.1594870938883695,3
6,0.01,12,80,4,1.1409732731801787,1.1793279031212132,2
6,0.01,12,80,5,0.26827844677816604,0.16944867908389138,1
6,0.01,12,80,6,0.03500499268693158,0.0022061869236615905,2
6,0.01,12,80,7,0.0173369454094372,0.0007420713894052966,2
6,0.01,12,80,8,0.007936836428767968,0.00015115802237453124,1
6,0.01,12,80,9,0.0013194133981846434,4.84959231528137e-06,1
6,0.01,12,80,10,0.00034961820140733124,2.4171889734248e-07,1
6,0.01,12,81,1,6.331799069683729,7.601392984407653,5
6,0.01,12,81,2,4.231893643777889,4.960307443838362,3
6,0.01,12,81,3,2.736092503265917,3.108123721354474,3
6,0.01,12,81,4,1.1641674824098374,1.2091292215909473,6
6,0.01,12,81,5,0.9693175555828777,1.0210084019897288,5
6,0.01,12,81,6,0.1610773430031287,0.06880495263172293,4
6,0.01,12,81,7,0.05681690446279042,0.012376708335574804,3
6,0.01,12,81,8,0.024588929487501687,0.0006364154667490851,2
6,0.01,12,81,9,0.0030920791693063165,1.107585022452895e-05,1
6,0.01,12,81,10,0.00015852494004953144,1.2440834140647894e-08,1
6,0.01,12,82,1,5.686471921701973,6.760045427867176,3
6,0.01,12,82,2,4.902600296799376,5.812186055101904,3
6,0.01,12,82,3,3.372266286817016,3.8999317805755096,3
6,0.01,12,82,4,1.6769247653450439,1.9345071641930645,2
6,0.01,12,82,5,0.35130043692590895,0.18520404628596587,3
6,0.01,12,82,6,0.11434034947979299,0.012220964601482365,3
6,0.01,12,82,7,0.03631510474879285,0.0017189065904332779,2
6,0.01,12,82,8,0.009323464607579268,0.00024519329043393157,2
6,0.01,12,82,9,0.0014348635768168805,2.857299252312373e-06,2
6,0.01,12,82,10,0.00020417704190123231,2.3050130693036408e-08,1
6,0.01,12,83,1,5.643151908964329,6.718765984209941,5
6,0.01,12,83,2,4.111878916024365,4.845202624316341,5
6,0.01,12,83,3,1.9772867699697798,2.169531001303822,5
6,0.01,12,83,4,0.9880650051526239,1.042350469257654,1
6,0.01,12,83,5,0.17501955759432164,0.0659360613631037,2
6,0.01,12,83,6,0.0532077089899996,0.003101556663312799,1
6,0.01,12,83,7,0.006460477008271681,4.532902708387354e-05,2
6,0.01,12,83,8,0.001945004853720178,2.7903019290675957e-06,1
6,0.01,12,83,9,0.00040958032629312413,2.123957845157065e-07,1
6,0.01,12,83,10,7.912576798574378e-05,6.851065492696762e-09,1
6,0.01,12,84,1,4.980059447382429,5.84334927699569,4
6,0.01,12,84,2,3.448744098563809,3.9920213989223967,2
6,0.01,12,84,3,2.0698974831149837,2.2276928529618054,2
6,0.01,12,84,4,1.2578400612776424,1.1646640254579115,2
6,0.01,12,84,5,0.8002620875430457,0.9635360596409157,5
6,0.01,12,84,6,0.07450309474950778,0.025028911883083538,4
6,0.01,12,84,7,0.04383912762984643,0.01154521077881654,3
6,0.01,12,84,8,0.026995359075957737,0.0011102761133550132,2
6,0.01,12,84,9,0.005793335757495299,8.421886290221892e-05,1
6,0.01,12,84,10,0.0005214471952363908,1.2790605072865446e-06,1
6,0.01,12,85,1,4.037910987115897,4.806296381761689,8
6,0.01,12,85,2,2.604300343276007,2.97016431458524,4
6,0.01,12,85,3,1.69872109430597,2.002324877552205,6
6,0.01,12,85,4,0.8760501850358713,0.976501140101588,6
6,0.01,12,85,5,0.07612552057371325,0.023886293644109102,4
6,0.01,12,85,6,0.01272450859314489,0.0005895768704284876,4
6,0.01,12,85,7,0.003274563816830778,6.845096186314237e-05,2
6,0.01,12,85,8,0.0004479297162180984,2.1325906391922445e-06,2
6,0.01,12,85,9,4.367945296124276e-05,1.991659637212706e-08,2
6,0.01,12,85,10,2.8389868607092694e-06,8.966516418240644e-11,1
6,0.01,12,86,1,5.601429236290454,6.727248540785684,3
6,0.01,12,86,2,4.143774803715487,4.87906571443278,4
6,0.01,12,86,3,2.044375759573808,2.2190052388105457,3
6,0.01,12,86,4,0.9808221535926567,1.0048488428847788,2
6,0.01,12,86,5,0.8354778451667686,0.952699639963063,1
6,0.01,12,86,6,0.029559858410544315,0.0016109767901673067,4
6,0.01,12,86,7,0.005100482602673928,0.0001016306001053735,4
6,0.01,12,86,8,0.0015059467112754632,2.361940941142393e-05,1
6,0.01,12,86,9,0.0002487690661991948,3.468632794323412e-07,1
6,0.01,12,86,10,4.9978079800006014e-05,2.2687306255875228e-08,1
6,0.01,12,87,1,4.940447614971339,5.832965184408799,6
6,0.01,12,87,2,2.698116212432015,3.0717096486881807,4
6,0.01,12,87,3,1.8875810498584125,2.1125540798210043,3
6,0.01,12,87,4,0.9724302812857912,1.0267511952398705,3
6,0.01,12,87,5,0.1731551346860476,0.07047393856885975,3
6,0.01,12,87,6,0.025754508964771716,0.0020639044607815293,4
6,0.01,12,87,7,0.005762172065804982,0.00031187680588384836,3
6,0.01,12,87,8,0.00103634918903861,4.812980440860315e-06,3
6,0.01,12,87,9,0.00016077400112290974,8.338585111289376e-08,1
6,0.01,12,87,10,3.258364779323841e-05,1.9168755471810073e-09,1
6,0.01,12,88,1,3.437794346974531,3.9969311255145215,4
6,0.01,12,88,2,2.525258416460053,2.9196259677278302,4
6,0.01,12,88,3,1.1181513279306774,1.1311469090947455,3
6,0.01,12,88,4,0.24205744641889382,0.12401731795922455,1
6,0.01,12,88,5,0.07035212769927934,0.012553943874136664,1
6,0.01,12,88,6,0.01514063635384133,0.009604029989997542,5
6,0.01,12,88,7,0.009223139518228507,0.0004278004778788258,4
6,0.01,12,88,8,0.0015118067410337943,2.9255172204756263e-05,3
6,0.01,12,88,9,0.00031772940753249657,1.0977861641947584e-06,2
6,0.01,12,88,10,0.00010848571660559969,1.2332685983551528e-07,1
6,0.01,12,89,1,6.304169528003594,7.574730910537717,7
6,0.01,12,89,2,4.760921311326036,5.728625708620971,7
6,0.01,12,89,3,2.632158437741702,3.010206271301536,5
6,0.01,12,89,4,1.1276441534984238,1.1912384174742119,3
6,0.01,12,89,5,0.3342652723541706,0.16057120144149728,2
6,0.01,12,89,6,0.12490723643657464,0.036973350611031464,3
6,0.01,12,89,7,0.035470101592930625,0.0023840198171498628,2
6,0.01,12,89,8,0.008884459569734382,7.445872146760735e-05,2
6,0.01,12,89,9,0.0018633051057586059,2.1635412927878406e-06,1
6,0.01,12,89,10,0.00018713309510420828,2.411774957522539e-08,1
6,0.01,12,90,1,4.852931027337815,5.825165969043724,2
6,0.01,12,90,2,2.714806858644674,3.088117404708944,5
6,0.01,12,90,3,1.7747660426804206,2.0378574756066525,7
6,0.01,12,90,4,0.4638111720725684,0.32125865311520485,2
6,0.01,12,90,5,0.2578342444665056,0.13376992795045162,2
6,0.01,12,90,6,0.04978271675517032,0.011093342254107519,1
6,0.01,12,90,7,0.017193891152751384,0.0003799792345429154,2
6,0.01,12,90,8,0.0038334440560925387,2.2851612948571187e-05,2
6,0.01,12,90,9,0.0005867329045043945,5.862122289812532e-07,1
6,0.01,12,90,10,4.594603519425533e-05,8.165015330519054e-09,1
6,0.01,12,91,1,5.022540436286781,5.87156621568149,4
6,0.01,12,91,2,3.5825272297062396,4.074130005507744,3
6,0.01,12,91,3,1.9890499894997182,2.190780969654222,3
6,0.01,12,91,4,0.9783878356995013,1.0284309652365593,4
6,0.01,12,91,5,0.16141577725525647,0.05463318855945687,3
6,0.01,12,91,6,0.05824677235529574,0.0034065973152461737,3
6,0.01,12,91,7,0.017001422483242656,0.000857922277729628,2
6,0.01,12,91,8,0.0018048205244403093,2.090152885614316e-05,2
6,0.01,12,91,9,0.0006845087629328006,4.381043931189765e-06,2
6,0.01,12,91,10,8.64553859480921e-05,8.942103946196767e-08,1
6,0.01,12,92,1,4.400536303960028,5.075649943190925,9
6,0.01,12,92,2,3.5076915440278675,4.081406350734525,8
6,0.01,12,92,3,1.3575034513244084,1.378489733029813,7
6,0.01,12,92,4,0.8403027814709958,0.9632009194098554,5
6,0.01,12,92,5,0.3539799641653225,0.25026531974619637,5
6,0.01,12,92,6,0.02722440448125152,0.0007032933474588887,5
6,0.01,12,92,7,0.0009801519365773004,5.962793255598342e-06,3
6,0.01,12,92,8,0.0002145706571141659,1.8651569533290058e-07,3
6,0.01,12,92,9,1.7686470814126665e-05,7.438412552573936e-09,2
6,0.01,12,92,10,1.2666081534717932e-06,5.785949497294496e-11,1
6,0.01,12,93,1,4.2296882039891495,4.946466283990299,3
6,0.01,12,93,2,2.7074217373321288,3.0913960323946466,5
6,0.01,12,93,3,1.1653250962758355,1.200144862638206,4
6,0.01,12,93,4,0.3411161701526746,0.24109030249456254,3
6,0.01,12,93,5,0.08145255776749671,0.007386737436505975,5
6,0.01,12,93,6,0.014129202793742301,0.00030565101633683867,3
6,0.01,12,93,7,0.004374157462325279,3.463658436686501e-05,3
6,0.01,12,93,8,0.0008859846442499375,1.1561046111552287e-06,2
6,0.01,12,93,9,0.00013652936821717532,2.6922467810663875e-08,1
6,0.01,12,93,10,2.2134806850537814e-05,1.492777457201555e-09,1
6,0.01,12,94,1,5.751910350772841,6.775807986692257,4
6,0.01,12,94,2,4.139731694805741,4.852284742247846,4
6,0.01,12,94,3,2.5729072238205273,2.9885802134298096,4
6,0.01,12,94,4,1.8752567601272023,2.078240170365044,4
6,0.01,12,94,5,1.0746617853546319,1.0728009296592926,4
6,0.01,12,94,6,0.09343692952781524,0.01455519692000351,4
6,0.01,12,94,7,0.023983259661077838,0.001879268530498024,2
6,0.01,12,94,8,0.004970351955520869,0.00015227152457342186,1
6,0.01,12,94,9,0.0008801889797140916,5.719284299487981e-07,2
6,0.01,12,94,10,0.00012652115623090765,1.8120845268754238e-08,1
6,0.01,12,95,1,6.188247123715129,7.491567773254953,6
6,0.01,12,95,2,4.0428505845518,4.806698161322526,6
6,0.01,12,95,3,1.9536219633219538,2.154885285083946,6
6,0.01,12,95,4,0.9399788683015711,1.0169921611960495,6
6,0.01,12,95,5,0.11422552092553051,0.009168228969282488,4
6,0.01,12,95,6,0.036011930534745495,0.001232602080635914,5
6,0.01,12,95,7,0.007900386878596954,5.056223560551132e-05,4
6,0.01,12,95,8,0.0006545445432823982,1.2581097834640786e-06,2
6,0.01,12,95,9,0.00023980852665772545,1.0808434858233795e-07,2
6,0.01,12,95,10,1.5702562830455236e-05,1.048118036806045e-09,1
6,0.01,12,96,1,4.082268729521767,4.856141475840062,2
6,0.01,12,96,2,2.772378056964431,3.0997783608235867,2
6,0.01,12,96,3,1.0749143395634668,1.052736291436732,1
6,0.01,12,96,4,0.22884849441073385,0.13320799872036915,3
6,0.01,12,96,5,0.06987723645946708,0.006636027798583299,2
6,0.01,12,96,6,0.01149566380952205,0.00027949588764819566,2
6,0.01,12,96,7,0.001760852238241739,1.67172490934675e-05,3
6,0.01,12,96,8,0.000859124678227019,1.2231499191273087e-06,2
6,0.01,12,96,9,0.00015260024618157786,6.978973665638932e-08,2
6,0.01,12,96,10,1.984260777199154e-05,9.783249765860091e-10,1
6,0.01,12,97,1,7.231087232350832,8.57849924534139,5
6,0.01,12,97,2,5.609920514269353,6.67143533820116,6
6,0.01,12,97,3,3.6025011737366857,4.05642128701264,5
6,0.01,12,97,4,2.109068348162209,2.267451675840329,2
6,0.01,12,97,5,1.0461543705004441,1.0627206324062772,4
6,0.01,12,97,6,0.1226364849367716,0.01499807832921185,2
6,0.01,12,97,7,0.049212350563276885,0.0038752265801544894,2
6,0.01,12,97,8,0.013635735716025721,0.0002538431219569759,2
6,0.01,12,97,9,0.0030615052899545248,3.824276809893945e-06,2
6,0.01,12,97,10,0.00042392030051452423,1.0855941567911032e-07,1
6,0.01,12,98,1,3.4488702609311908,4.017579337155535,3
6,0.01,12,98,2,2.5097749703696355,2.9524202302398974,2
6,0.01,12,98,3,1.0848373618982858,1.1249157516728765,4
6,0.01,12,98,4,0.3885093814870011,0.21801067559943732,3
6,0.01,12,98,5,0.07286400145506722,0.013832010997420596,2
6,0.01,12,98,6,0.009791854870460526,0.00023925313126760273,1
6,0.01,12,98,7,0.0012284772626465212,1.7368712416754306e-05,3
6,0.01,12,98,8,0.00019445679246921088,2.2699948054594188e-07,3
6,0.01,12,98,9,3.216628736701921e-05,9.243366960731692e-09,1
6,0.01,12,98,10,5.205123988716309e-06,1.262030480120302e-10,1
6,0.01,12,99,1,4.178322209529015,4.891956251346976,6
6,0.01,12,99,2,3.365048476681582,3.9374301122967026,6
6,0.01,12,99,3,1.211185480773655,1.241946650997173,6
6,0.01,12,99,4,0.4424458468800747,0.3056433985421245,4
6,0.01,12,99,5,0.10524137283347113,0.032383939453968225,6
6,0.01,12,99,6,0.027361112181007563,0.0010422417813558127,2
6,0.01,12,99,7,0.007690348459662211,5.6539337569994075e-05,1
6,0.01,12,99,8,0.0018419760193308932,2.2078472406761307e-05,3
6,0.01,12,99,9,0.0004620406874549232,9.053549252513449e-07,2
6,0.01,12,99,10,0.00015975971148041168,6.355281811920577e-08,1
6,0.01,12,100,1,4.929446433916844,5.855883300280899,9
6,0.01,12,100,2,3.2379385769973315,3.83592783721296,8
6,0.01,12,100,3,1.749643888231608,2.0020183577214565,7
6,0.01,12,100,4,0.17395959391914229,0.055720937930296977,7
6,0.01,12,100,5,0.10902754735523956,0.04605019553524947,4
6,0.01,12,100,6,0.05935538898074455,0.031108631868896452,4
6,0.01,12,100,7,0.014565753437876694,0.0012013664529639811,4
6,0.01,12,100,8,0.0020278756840159673,9.718716072093514e-05,3
6,0.01,12,100,9,0.0003525849114147661,7.002851816650946e-06,2
6,0.01,12,100,10,8.534159866968594e-05,5.776884179908848e-07,1
6,0.01,12,101,1,4.126921208666664,4.842689783217697,9
6,0.01,12,101,2,2.8245229661449223,3.12782842686304,8
6,0.01,12,101,3,1.7267503435224816,1.9893247395201294,7
6,0.01,12,101,4,0.8594137518096723,0.9822034118652407,6
6,0.01,12,101,5,0.1304008196101627,0.05218083211593694,5
6,0.01,12,101,6,0.022618392204543092,0.0012798866686694055,5
6,0.01,12,101,7,0.005927676503512558,7.715840518596195e-05,3
6,0.01,12,101,8,0.0026559805339942955,1.2072309720778662e-05,2
6,0.01,12,101,9,0.0005893063133584064,9.149356472448744e-07,2
6,0.01,12,101,10,0.00016388564526437222,8.517601735036351e-08,1
6,0.01,12,102,1,5.578032360691697,6.693690763431402,4
6,0.01,12,102,2,4.165911434578405,4.898980374736155,4
6,0.01,12,102,3,2.5610708636422146,2.982232073073261,4
6,0.01,12,102,4,1.0163909436556677,1.0244353777477926,3
6,0.01,12,102,5,0.21161598280769667,0.10008230907412141,4
6,0.01,12,102,6,0.08321505426017417,0.012923978303678751,4
6,0.01,12,102,7,0.021100718148092668,0.0004687860695495871,2
6,0.01,12,102,8,0.005079541778188812,1.5180411768511703e-05,2
6,0.01,12,102,9,0.0007568131513693288,3.2268949645697376e-07,1
6,0.01,12,102,10,5.3236025895131434e-05,9.026948077917041e-10,1
6,0.01,12,103,1,5.581434083503928,6.688999943110357,5
6,0.01,12,103,2,4.104126842315227,4.853863072757189,4
6,0.01,12,103,3,2.6152001301868077,2.9755214050160985,3
6,0.01,12,103,4,1.7804707472838937,1.9992245562923854,2
6,0.01,12,103,5,0.253286782684925,0.11853987991789161,2
6,0.01,12,103,6,0.09332641984877288,0.007613228157279828,2
6,0.01,12,103,7,0.020685589127764636,0.0008187775634453942,2
6,0.01,12,103,8,0.00748744031320836,0.0003011675109210188,2
6,0.01,12,103,9,0.001128793158840402,3.0774590431548177e-06,2
6,0.01,12,103,10,0.00016442112892445238,3.6730952501784486e-08,1
6,0.01,12,104,1,5.194388111731807,6.079995542810773,9
6,0.01,12,104,2,3.6044779092848467,4.1343150949898355,2
6,0.01,12,104,3,1.377650020129206,1.3051376668851864,2
6,0.01,12,104,4,0.27843881928261727,0.08956652248186359,2
6,0.01,12,104,5,0.05629546492680593,0.005936442834306277,2
6,0.01,12,104,6,0.007585703984584136,0.0008069240988906046,4
6,0.01,12,104,7,0.0033066564802384235,0.00019010807804953345,3
6,0.01,12,104,8,0.001812011742663877,3.2410767021318065e-05,2
6,0.01,12,104,9,0.0001811824181645605,2.770064320145593e-07,2
6,0.01,12,104,10,1.640942056990724e-05,1.4584813357032544e-09,1
6,0.01,12,105,1,4.2443413492042525,4.986055905447827,3
6,0.01,12,105,2,3.316625829723532,3.8838630771499894,6
6,0.01,12,105,3,1.1441382216486629,1.205057590111613,3
6,0.01,12,105,4,0.3094704856981254,0.2144122709940337,4
6,0.01,12,105,5,0.2268126418287908,0.1470656895994633,3
6,0.01,12,105,6,0.05873959439206988,0.011546489756043776,2
6,0.01,12,105,7,0.010100626518736,0.00016909040534152098,1
6,0.01,12,105,8,0.001132701252429591,1.3634576241372542e-06,2
6,0.01,12,105,9,0.00017010771038616923,2.0072796758086042e-08,1
6,0.01,12,105,10,2.146150142845471e-05,4.905906791918824e-10,1
6,0.01,12,106,1,4.880585679308222,5.836509907531481,6
6,0.01,12,106,2,2.853635201169741,3.199756827857822,5
6,0.01,12,106,3,1.7898493241873563,2.0114159633747457,4
6,0.01,12,106,4,0.9500914767149862,1.0162272076574155,3
6,0.01,12,106,5,0.17624606053368375,0.07960434327253019,6
6,0.01,12,106,6,0.03636591255544985,0.001221611451871496,1
6,0.01,12,106,7,0.0044739395898698575,1.4197829147910568e-05,1
6,0.01,12,106,8,0.0015942669519670716,3.353128395389149e-06,2
6,0.01,12,106,9,0.00039510256059038795,1.4726656694108442e-07,1
6,0.01,12,106,10,8.856609203888866e-05,8.024208852930315e-09,1
6,0.01,12,107,1,4.915140824167549,5.796181733173636,8
6,0.01,12,107,2,2.7618996980276513,3.1089809967418844,8
6,0.01,12,107,3,1.8841030819854403,2.127641955402563,5
6,0.01,12,107,4,0.9521821547613607,1.0003297625329246,4
6,0.01,12,107,5,0.15669385705125016,0.05188590118486758,4
6,0.01,12,107,6,0.03330234463464521,0.0015600147992742563,3
6,0.01,12,107,7,0.004022746775392605,3.738951278364766e-05,2
6,0.01,12,107,8,0.0007969337251605424,7.937852348760543e-07,1
6,0.01,12,107,9,0.0001225915366642738,1.771995172816787e-08,1
6,0.01,12,107,10,1.851518593376511e-05,3.5494984729211865e-10,1
6,0.01,12,108,1,4.949199311828918,5.846289094132217,6
6,0.01,12,108,2,2.611000135885641,2.97445415718604,4
6,0.01,12,108,3,1.7591930437334948,2.0137725120114656,3
6,0.01,12,108,4,0.8298728800905213,0.9639893665642711,6
6,0.01,12,108,5,0.15419128778261548,0.04588892107025444,6
6,0.01,12,108,6,0.038887749110458,0.010645744214189179,3
6,0.01,12,108,7,0.00877712421717014,0.00025553236221220743,3
6,0.01,12,108,8,0.002731128462825083,1.2168553206848287e-05,3
6,0.01,12,108,9,0.0003438054405773272,1.2788817116415885e-07,2
6,0.01,12,108,10,6.966152462339892e-05,4.5259902492489346e-09,1
6,0.01,12,109,1,4.106759222848914,4.888949338660774,7
6,0.01,12,109,2,2.6781598531094284,3.066647818148587,6
6,0.01,12,109,3,1.0194828920259837,1.0767174922679876,3
6,0.01,12,109,4,0.1808429954343298,0.12694472007700153,4
6,0.01,12,109,5,0.0635848901906515,0.00848590868201704,3
6,0.01,12,109,6,0.005241104454609236,6.875768896019707e-05,2
6,0.01,12,109,7,0.0020412197015273748,6.5217767764025325e-06,1
6,0.01,12,109,8,0.00015826704887889065,6.892922144174918e-08,1
6,0.01,12,109,9,3.1874143830101787e-05,9.796934818950831e-09,1
6,0.01,12,109,10,1.9167941918141196e-06,2.446398639222025e-11,1
6,0.01,12,110,1,5.056008023383492,5.959308242414265,8
6,0.01,12,110,2,3.4481611635601803,4.044192087194501,8
6,0.01,12,110,3,1.8966040136642066,2.0652310705733115,6
6,0.01,12,110,4,1.161293571919079,1.1520161779011673,5
6,0.01,12,110,5,0.15332568527982726,0.03426328049716432,5
6,0.01,12,110,6,0.045814674534423894,0.01115688293619499,2
6,0.01,12,110,7,0.02201078152033009,0.0012063432236857352,2
6,0.01,12,110,8,0.009008005052790757,0.00010366738061939884,1
6,0.01,12,110,9,0.0012768166810728232,2.44602508203684e-06,1
6,0.01,12,110,10,0.0002485196626258457,4.945458798033542e-08,1
6,0.01,12,111,1,4.179258070361362,4.940623476073933,3
6,0.01,12,111,2,3.251471151501752,3.86401590310388,8
6,0.01,12,111,3,1.7117137941488858,1.969162222325104,7
6,0.01,12,111,4,0.308821174941297,0.2054051617353645,3
6,0.01,12,111,5,0.07700342766374568,0.02849981294150794,3
6,0.01,12,111,6,0.01967107952702296,0.0006009306699752415,1
6,0.01,12,111,7,0.007568828479906031,0.0001678642914484385,2
6,0.01,12,111,8,0.001172890186969866,1.4824993193940372e-05,2
6,0.01,12,111,9,0.0003845786543514862,5.627529180429747e-07,2
6,0.01,12,111,10,6.84505694348303e-05,2.4743098236967853e-08,1
6,0.01,12,112,1,3.45386557402753,4.032013486095682,4
6,0.01,12,112,2,2.028819750657151,2.225807476087482,3
6,0.01,12,112,3,1.0735675059212575,1.070157807156705,8
6,0.01,12,112,4,0.8734369122377146,0.9813795781682959,7
6,0.01,12,112,5,0.21675163211866177,0.1513463341435859,4
6,0.01,12,112,6,0.02853051042330712,0.002731843344424334,5
6,0.01,12,112,7,0.011870982636594363,0.0004559308567699816,4
6,0.01,12,112,8,0.0014757951318049578,1.5862759987328445e-05,3
6,0.01,12,112,9,0.0005616188356238894,1.2342490602890166e-06,2
6,0.01,12,112,10,6.791443861153823e-05,2.412615884850311e-08,1
6,0.01,12,113,1,5.485064310565131,6.577034242747995,2
6,0.01,12,113,2,4.05241719835866,4.842929094169268,3
6,0.01,12,113,3,2.523157505996653,2.962260825655463,3
6,0.01,12,113,4,1.023486367066619,1.0573205000972479,6
6,0.01,12,113,5,0.8586342906320654,0.9646069588788357,5
6,0.01,12,113,6,0.06360611938233607,0.005010690155812014,4
6,0.01,12,113,7,0.04350464299543422,0.002454527879693913,3
6,0.01,12,113,8,0.009112630649391384,0.0001053304621478901,2
6,0.01,12,113,9,0.004895749335280364,6.76890713062761e-05,1
6,0.01,12,113,10,0.00010949348630351352,5.1477201168381725e-08,1
6,0.01,12,114,1,4.081599238260979,4.832442819002381,7
6,0.01,12,114,2,2.5266218880029294,2.9610422571974304,7
6,0.01,12,114,3,1.2003933635621538,1.2609160225955058,7
6,0.01,12,114,4,0.2362728174798887,0.13674503256542359,3
6,0.01,12,114,5,0.09541961139495214,0.02311697464288187,2
6,0.01,12,114,6,0.02235173868777718,0.0010217803341188159,5
6,0.01,12,114,7,0.005439606014840059,0.00015940467786013102,3
6,0.01,12,114,8,0.0016982589733727238,8.341197576200443e-06,3
6,0.01,12,114,9,0.0006674815627158992,1.6054426534850563e-06,2
6,0.01,12,114,10,7.705507380517673e-05,1.0355179824728111e-08,1
6,0.01,12,115,1,5.6353291479111585,6.7109256946767495,9
6,0.01,12,115,2,4.050480628957595,4.826529822493441,7
6,0.01,12,115,3,2.12151723089512,2.259423455666772,7
6,0.01,12,115,4,0.4126251535618488,0.17430553475327493,6
6,0.01,12,115,5,0.10437542407557565,0.014026841602722051,6
6,0.01,12,115,6,0.06959119081987719,0.021995363440369786,3
6,0.01,12,115,7,0.021252963032794447,0.0006934476181861271,3
6,0.01,12,115,8,0.003662778380451037,1.4137655901080848e-05,3
6,0.01,12,115,9,0.0004671724861866622,2.9556885650094955e-07,2
6,0.01,12,115,10,7.157078968500485e-05,5.955742565788569e-09,1
6,0.01,12,116,1,6.543059010098617,7.781259889943417,7
6,0.01,12,116,2,5.279572332162436,6.08582780290152,6
6,0.01,12,116,3,3.6909689979390787,4.179452609595138,6
6,0.01,12,116,4,1.5551291530704,1.4868301352610427,4
6,0.01,12,116,5,0.34030210681868844,0.13781045906865153,4
6,0.01,12,116,6,0.10177455887313691,0.01524262996656578,4
6,0.01,12,116,7,0.03310965804925736,0.0021556650885248274,2
6,0.01,12,116,8,0.014534927842939638,0.0003191146332852668,2
6,0.01,12,116,9,0.0021637374565148804,6.671472604580231e-06,1
6,0.01,12,116,10,0.00017768373081850086,3.716840879519623e-08,1
6,0.01,12,117,1,5.075424438772445,5.983376737831302,4
6,0.01,12,117,2,3.0190216651645025,3.3100181681289467,4
6,0.01,12,117,3,1.616409271002265,1.9237472885449796,5
6,0.01,12,117,4,0.9241766337919959,1.0207162621649086,5
6,0.01,12,117,5,0.19481880842545163,0.08840483531381782,4
6,0.01,12,117,6,0.0566484085657768,0.021192943575552015,5
6,0.01,12,117,7,0.023990093666374612,0.0013147118683205505,4
6,0.01,12,117,8,0.0016326775480335343,1.1142640913064383e-05,3
6,0.01,12,117,9,0.0002366537609281849,1.2244238334346846e-07,2
6,0.01,12,117,10,0.00010463337050925503,1.594519360992308e-08,1
6,0.01,12,118,1,4.878250040299939,5.758568448857353,7
6,0.01,12,118,2,3.4516687997945255,3.984134811191975,6
6,0.01,12,118,3,1.9243747686542676,2.1483419800206267,4
6,0.01,12,118,4,1.0810849616921523,1.1104710973899552,6
6,0.01,12,118,5,0.8715530764355126,0.9710674557989618,5
6,0.01,12,118,6,0.10313577641430349,0.04039603832653871,4
6,0.01,12,118,7,0.02107077158871995,0.0005171766626865804,3
6,0.01,12,118,8,0.004942314557602856,1.7573967932449364e-05,2
6,0.01,12,118,9,0.0005512205645192836,2.6016416221352756e-07,1
6,0.01,12,118,10,4.032845932933071e-05,1.3171330692784977e-09,1
6,0.01,12,119,1,4.797375631521439,5.747175240857215,6
6,0.01,12,119,2,2.8919554456164027,3.182048955579978,5
6,0.01,12,119,3,1.8603646516714987,2.1178685409796607,3
6,0.01,12,119,4,1.0005167368579055,1.05421616623717,6
6,0.01,12,119,5,0.2764403264606665,0.15905517811333603,2
6,0.01,12,119,6,0.05325257694223762,0.020381894885307617,1
6,0.01,12,119,7,0.01519341642476757,0.0006041262736324882,3
6,0.01,12,119,8,0.004062351643791651,4.647145870428915e-05,2
6,0.01,12,119,9,0.0009150866440643668,5.810993078725346e-06,1
6,0.01,12,119,10,0.00019959035491812216,6.753916181878594e-08,1
6,0.01,12,120,1,4.628235737324896,5.660129772583332,9
6,0.01,12,120,2,2.6293202534079896,3.0297630469034544,7
6,0.01,12,120,3,1.72220259782467,1.970095882957282,6
6,0.01,12,120,4,0.9218957992863173,1.0125061815704246,6
6,0.01,12,120,5,0.06426891043593486,0.004317544841763166,1
6,0.01,12,120,6,0.004367173010654923,4.3321135278162615e-05,5
6,0.01,12,120,7,0.001217450019188604,1.8529319688376233e-05,3
6,0.01,12,120,8,0.00030149834483594873,1.021231064157746e-06,2
6,0.01,12,120,9,6.706922230570456e-05,4.054209767900829e-08,1
6,0.01,12,120,10,5.6776098045219214e-06,9.510614518148941e-11,1
6,0.01,12,121,1,5.634502914887451,6.716641276306143,5
6,0.01,12,121,2,3.600041502084249,4.085967475864873,4
6,0.01,12,121,3,2.547537387151193,2.9479282848615727,2
6,0.01,12,121,4,1.8383946670250824,2.0372796979634122,2
6,0.01,12,121,5,0.30421826800164453,0.15758502585811307,1
6,0.01,12,121,6,0.10207080069133667,0.032195014592109494,2
6,0.01,12,121,7,0.02369577940440948,0.0009604284140731778,1
6,0.01,12,121,8,0.008891833364224055,7.063542267182754e-05,2
6,0.01,12,121,9,0.002570782966170526,1.2163797711295388e-05,2
6,0.01,12,121,10,0.0004907772637690044,7.748180337330268e-07,1
6,0.01,12,122,1,5.65643603607891,6.766895306373732,3
6,0.01,12,122,2,4.178844488559868,4.899250909489634,3
6,0.01,12,122,3,2.121411019680224,2.3119310075694735,2
6,0.01,12,122,4,0.956881032087276,1.0237263488922093,2
6,0.01,12,122,5,0.10466624387849066,0.022108527533112543,1
6,0.01,12,122,6,0.05137045097507986,0.00524730987828903,3
6,0.01,12,122,7,0.02171950902574693,0.0012876219236570563,2
6,0.01,12,122,8,0.002953888701473062,1.8795617171107892e-05,1
6,0.01,12,122,9,0.00023283464345436045,1.8418573688450124e-07,1
6,0.01,12,122,10,2.5658664339900383e-05,1.4191334329893834e-08,1
6,0.01,12,123,1,4.051998407144604,4.839114018837389,2
6,0.01,12,123,2,2.5211967459766296,2.970875669371358,2
6,0.01,12,123,3,1.0095578812316726,1.0913657772153824,3
6,0.01,12,123,4,0.32941171171690353,0.19656383240996256,5
6,0.01,12,123,5,0.0687702163199928,0.015512529337632586,5
6,0.01,12,123,6,0.021680547598171174,0.0006845903079053528,5
6,0.01,12,123,7,0.003955215979489779,5.121902625315755e-05,2
6,0.01,12,123,8,0.0008766590952262732,8.114086984534197e-07,1
6,0.01,12,123,9,0.00014064610931008303,5.5459091541365524e-08,2
6,0.01,12,123,10,2.6819021814006305e-05,7.362093157325944e-10,1
6,0.01,12,124,1,4.878630591499718,5.838203055810279,3
6,0.01,12,124,2,3.5113536314972364,4.051732074077556,2
6,0.01,12,124,3,1.2763279513446797,1.2751895314334778,1
6,0.01,12,124,4,0.382235983039938,0.23629844346909223,2
6,0.01,12,124,5,0.18011428509587457,0.08038468349875227,1
6,0.01,12,124,6,0.030870419684498884,0.0017885861092423738,4
6,0.01,12,124,7,0.005969753441020131,4.281481022871958e-05,4
6,0.01,12,124,8,0.002045550852697531,1.1580475892003506e-05,1
6,0.01,12,124,9,0.0003873908040752383,5.30815638555282e-07,1
6,0.01,12,124,10,9.123691490842134e-05,1.1934776722455354e-08,1
6,0.01,12,125,1,4.996205020667889,5.858728958215131,4
6,0.01,12,125,2,2.7895111980124954,3.105152429033346,3
6,0.01,12,125,3,1.2184294815472745,1.2390457815186764,2
6,0.01,12,125,4,0.340748461621204,0.23922481549882413,5
6,0.01,12,125,5,0.15218928438261425,0.06397634792749507,5
6,0.01,12,125,6,0.03790399963496505,0.0023629465081294043,5
6,0.01,12,125,7,0.005075966952312605,8.228545880228921e-05,4
6,0.01,12,125,8,0.0008892005978866635,5.160666784576051e-06,3
6,0.01,12,125,9,0.0002514515037672638,2.483934089525519e-07,1
6,0.01,12,125,10,4.1020239460287655e-05,6.654703454955779e-09,1
6,0.01,12,126,1,4.833103604967863,5.8048638491066775,4
6,0.01,12,126,2,3.294626697106959,3.92810229883435,2
6,0.01,12,126,3,2.0323744002207897,2.2355529048380127,2
6,0.01,12,126,4,0.3722239269674734,0.14859033063580362,1
6,0.01,12,126,5,0.09078119354819147,0.03455061524819314,5
6,0.01,12,126,6,0.06177871406926183,0.030041566583891566,4
6,0.01,12,126,7,0.006772003827685502,0.00021416582712951993,4
6,0.01,12,126,8,0.0036072779304854308,5.696301543878235e-05,2
6,0.01,12,126,9,0.0006738656198104209,1.048535116510152e-06,1
6,0.01,12,126,10,7.580542601726137e-05,9.093183095387758e-09,1
6,0.01,12,127,1,4.688827976555635,5.692624568448307,3
6,0.01,12,127,2,2.7786960023777256,3.1557286550852854,2
6,0.01,12,127,3,1.8204592873481253,1.9982663147968598,2
6,0.01,12,127,4,0.4170868640998142,0.2778051535662591,4
6,0.01,12,127,5,0.10680832719690958,0.008966557722136947,4
6,0.01,12,127,6,0.03623922495613119,0.0012616562151208655,2
6,0.01,12,127,7,0.009350225042871863,7.398378266820771e-05,2
6,0.01,12,127,8,0.0016341152322558727,1.460365885108672e-06,1
6,0.01,12,127,9,0.00017503919304306947,3.7000694064204254e-08,1
6,0.01,12,127,10,1.67284567575976e-05,1.0436860264917414e-09,1
6,0.01,12,128,1,4.89848184207039,5.8013351181542925,4
6,0.01,12,128,2,3.248758585716616,3.8580336648984543,4
6,0.01,12,128,3,1.6783618086657919,1.9758647833665615,4
6,0.01,12,128,4,1.068786534771177,1.1741593191962876,4
6,0.01,12,128,5,0.3010344088191692,0.15396805005854475,4
6,0.01,12,128,6,0.06660020132005773,0.004568830873166618,4
6,0.01,12,128,7,0.008541797702508624,6.480393723862221e-05,4
6,0.01,12,128,8,0.001330129739124608,1.8658514164826556e-06,2
6,0.01,12,128,9,0.0001991131420071568,2.777078478288786e-08,2
6,0.01,12,128,10,1.3495779088934512e-05,3.8546055236565735e-10,1
6,0.01,12,129,1,5.750487170684066,6.821486657342954,7
6,0.01,12,129,2,4.2290553668719415,4.970419434253847,8
6,0.01,12,129,3,2.355325595185862,2.4682585416087797,7
6,0.01,12,129,4,0.8623966979630646,0.9824161589384497,4
6,0.01,12,129,5,0.15989053797589747,0.03483842591768749,5
6,0.01,12,129,6,0.040304153794105346,0.007995731100383097,2
6,0.01,12,129,7,0.008722312895017126,0.00022595585480544855,2
6,0.01,12,129,8,0.005761236104973477,0.0001024321576643672,2
6,0.01,12,129,9,0.0005196489147856198,2.668576239983622e-07,1
6,0.01,12,129,10,4.3115863482157124e-05,1.2213323685728028e-09,1
6,0.01,12,130,1,4.78695506908182,5.751725390975242,8
6,0.01,12,130,2,2.7744359422181066,3.1533427059717454,8
6,0.01,12,130,3,1.1837242824011875,1.184548612239106,1
6,0.01,12,130,4,0.484251546610702,0.278723533440834,1
6,0.01,12,130,5,0.03934527646452679,0.0204556382054637,4
6,0.01,12,130,6,0.008399818688728189,0.0005373363514316054,4
6,0.01,12,130,7,0.0014697051601171296,1.9688490781710755e-05,2
6,0.01,12,130,8,0.0005747179473871711,3.4247362741268716e-06,1
6,0.01,12,130,9,0.00011133488609615938,9.05559272013079e-08,1
6,0.01,12,130,10,6.28064944141471e-06,4.3278269856728e-10,1
6,0.01,12,131,1,5.063176031013455,5.9550576667724435,6
6,0.01,12,131,2,3.4798251830919664,4.039372704979751,6
6,0.01,12,131,3,1.8511298918557442,2.060500632996555,5
6,0.01,12,131,4,0.6479352683304027,0.39634914968966317,4
6,0.01,12,131,5,0.2588672158339351,0.14664920532707804,3
6,0.01,12,131,6,0.042156495628972834,0.0014067034096232334,4
6,0.01,12,131,7,0.02184970168375422,0.0010517517191592773,3
6,0.01,12,131,8,0.0044932885639550335,2.52763250667698e-05,3
6,0.01,12,131,9,0.00022798847933458433,6.2096432884573e-08,1
6,0.01,12,131,10,4.7146711075640724e-05,1.595488186012517e-09,1
6,0.01,12,132,1,4.876658939801681,5.805473174410402,6
6,0.01,12,132,2,3.3785164267062218,3.9885446658566437,6
6,0.01,12,132,3,1.8105843250481808,2.0394334523090407,3
6,0.01,12,132,4,0.9591763225010528,1.004678950623049,6
6,0.01,12,132,5,0.13808841728070043,0.07148936279843632,3
6,0.01,12,132,6,0.05151919206317501,0.011304667711495853,3
6,0.01,12,132,7,0.017162409130806466,0.0004014120449129521,3
6,0.01,12,132,8,0.004431772140867096,2.26402324177144e-05,2
6,0.01,12,132,9,0.0005458999401071196,6.915402650520264e-07,2
6,0.01,12,132,10,6.066611393862331e-05,1.3565152556793691e-08,1
6,0.01,12,133,1,4.214739481507498,4.904753520959531,6
6,0.01,12,133,2,2.73528749472963,3.105851918045481,3
6,0.01,12,133,3,1.9382434970025857,2.149263112749125,3
6,0.01,12,133,4,0.9636070900281943,1.0323933582325848,2
6,0.01,12,133,5,0.2663279489928394,0.14188079064108372,2
6,0.01,12,133,6,0.05109327648960793,0.003864812788757277,2
6,0.01,12,133,7,0.015794709453895273,0.0007603514037910486,2
6,0.01,12,133,8,0.0011056219022238523,1.4398608559673676e-05,2
6,0.01,12,133,9,0.00026738528698277975,1.3082094962868496e-06,2
6,0.01,12,133,10,2.1944873320300928e-05,2.7273596714394444e-09,1
6,0.01,12,134,1,4.994683404842675,5.882119280834022,7
6,0.01,12,134,2,3.3434283193601395,3.9456352306305114,6
6,0.01,12,134,3,1.7221439777689778,1.9657543952449217,3
6,0.01,12,134,4,0.44778167924670953,0.27209556070129004,4
6,0.01,12,134,5,0.15232783604085043,0.04701643749974771,3
6,0.01,12,134,6,0.03083631509538698,0.001838126857612643,2
6,0.01,12,134,7,0.009166206424726653,0.0001464469089871301,3
6,0.01,12,134,8,0.0030598232691723126,6.876484592410748e-06,3
6,0.01,12,134,9,0.0006500194216698674,3.6663440106110556e-07,2
6,0.01,12,134,10,0.0001459372967627104,1.3158576450678083e-08,1
6,0.01,12,135,1,5.029301993601832,5.870851308370211,5
6,0.01,12,135,2,3.4289942448817907,3.9726239280876463,4
6,0.01,12,135,3,2.449405931539779,2.8926537126084026,2
6,0.01,12,135,4,1.1646597173882673,1.1749590479881418,2
6,0.01,12,135,5,0.3853515761170172,0.17045175022847658,2
6,0.01,12,135,6,0.04468882290739096,0.002805152602832095,3
6,0.01,12,135,7,0.02951117990285468,0.0016838133531598132,2
6,0.01,12,135,8,0.0031189111050409224,1.949638490295058e-05,1
6,0.01,12,135,9,0.0009875159283971868,2.35891022803969e-06,2
6,0.01,12,135,10,9.939805837433369e-05,1.980046526739443e-08,1
6,0.01,12,136,1,5.082096027290057,5.974496293754431,8
6,0.01,12,136,2,3.657753915713198,4.167360501961106,8
6,0.01,12,136,3,2.057865111007712,2.24682941898854,7
6,0.01,12,136,4,1.1219326547504798,1.113706149078368,6
6,0.01,12,136,5,0.5020781759996309,0.2638721338009127,5
6,0.01,12,136,6,0.11977216119964584,0.03365955328954762,4
6,0.01,12,136,7,0.04262386656004491,0.0018198676250218426,3
6,0.01,12,136,8,0.007487318460911219,0.00011658454421414888,2
6,0.01,12,136,9,0.00411027414565357,7.461127095353959e-05,1
6,0.01,12,136,10,0.0002853737724626271,8.171441834292636e-08,1
6,0.01,12,137,1,4.930250895257137,5.8758560184520245,6
6,0.01,12,137,2,3.3841006206598507,3.9817295258196115,6
6,0.01,12,137,3,2.4560883836018483,2.903791027543945,6
6,0.01,12,137,4,0.9544638748840013,1.0586843172768203,6
6,0.01,12,137,5,0.22935442569490405,0.07868157402483433,5
6,0.01,12,137,6,0.07833239916337398,0.006130188797047964,3
6,0.01,12,137,7,0.02764048883033965,0.0010879918274753209,2
6,0.01,12,137,8,0.008613642456172244,0.00014355102776164586,2
6,0.01,12,137,9,0.0015002979857516863,2.0370382873835524e-06,2
6,0.01,12,137,10,0.00016402251484848307,2.2385584941275738e-08,1
6,0.01,12,138,1,4.925326820376611,5.8048786628779006,4
6,0.01,12,138,2,3.648040671289115,4.132230181804212,3
6,0.01,12,138,3,1.410021183484906,1.3202388597218544,2
6,0.01,12,138,4,0.8610098685423919,0.9824819730083432,5
6,0.01,12,138,5,0.1324873246499081,0.06894706766238734,5
6,0.01,12,138,6,0.021279628237810044,0.0008964867058374182,4
6,0.01,12,138,7,0.006115018385930426,7.632996703677009e-05,3
6,0.01,12,138,8,0.0011471703562406788,1.4749296362026598e-06,2
6,0.01,12,138,9,0.00017506087475105403,3.945091542334467e-08,2
6,0.01,12,138,10,1.1796160131360978e-05,2.418047984065197e-10,1
6,0.01,12,139,1,5.730299400173538,6.8233408283088135,8
6,0.01,12,139,2,3.5040702410338005,4.062746132074681,8
6,0.01,12,139,3,1.9362544279116234,2.1526324055817927,6
6,0.01,12,139,4,0.3707307920648413,0.21287023508027758,7
6,0.01,12,139,5,0.16818581926170673,0.06899259507330058,5
6,0.01,12,139,6,0.03386670272171699,0.0009860746323004932,5
6,0.01,12,139,7,0.012764378927943021,0.000555993053778181,2
6,0.01,12,139,8,0.003352978429666642,8.899276756935137e-05,2
6,0.01,12,139,9,0.0008074271604998629,2.6325687159101108e-06,2
6,0.01,12,139,10,0.000144672207233576,8.014433028336043e-08,1
6,0.01,12,140,1,4.6750251038153126,5.654446575031642,3
6,0.01,12,140,2,2.7057348351981743,3.067786654035766,4
6,0.01,12,140,3,1.784107545981465,2.0087624746105286,3
6,0.01,12,140,4,0.2916616729877344,0.1358715358113134,2
6,0.01,12,140,5,0.06704139130542952,0.021413456514059348,6
6,0.01,12,140,6,0.013728529135550893,0.00034311949336096603,4
6,0.01,12,140,7,0.003697811697610298,4.1060993561714554e-05,4
6,0.01,12,140,8,0.0005838230148649259,1.146787568018226e-06,3
6,0.01,12,140,9,0.00011831863005884458,6.79003981929327e-08,2
6,0.01,12,140,10,1.5463822244932146e-05,9.057607996965089e-10,1
6,0.01,12,141,1,7.186313918659078,8.603711246082321,3
6,0.01,12,141,2,5.067581994563437,5.905101754797878,3
6,0.01,12,141,3,3.017836781139657,3.2971116229122686,3
6,0.01,12,141,4,1.722178629863869,2.02062268929698,4
6,0.01,12,141,5,0.4500547750135855,0.2997125933441591,3
6,0.01,12,141,6,0.06631058494550857,0.013429473863400432,4
6,0.01,12,141,7,0.021352581318538455,0.0010796762741538402,4
6,0.01,12,141,8,0.008442575751688608,0.00014484026877070733,3
6,0.01,12,141,9,0.0014279296428547639,1.839262438352307e-06,2
6,0.01,12,141,10,0.0002621783836929126,2.0525755850542282e-07,1
6,0.01,12,142,1,4.846374878464728,5.778403791748932,6
6,0.01,12,142,2,2.6665974620955133,3.0572044040321753,4
6,0.01,12,142,3,1.1521231458800365,1.197801454311083,4
6,0.01,12,142,4,0.3109946334464091,0.2368702663409099,2
6,0.01,12,142,5,0.08964956686807923,0.026105793209495687,2
6,0.01,12,142,6,0.020216154673670772,0.0008031633241971647,1
6,0.01,12,142,7,0.0019072699470026322,4.5699262596343715e-06,2
6,0.01,12,142,8,0.0003750242361872935,1.2599212872999033e-07,1
6,0.01,12,142,9,1.2434497875801753e-14,0.0,1
6,0.01,12,142,10,5.329070518200751e-15,0.0,1
6,0.01,12,143,1,4.871009928975875,5.77429168922616,7
6,0.01,12,143,2,2.8260232968285166,3.2203815074352224,2
6,0.01,12,143,3,1.8108015138093272,2.0912444659156098,4
6,0.01,12,143,4,1.0098471894862824,1.1082024470120393,3
6,0.01,12,143,5,0.19124369930417817,0.11476701511795273,6
6,0.01,12,143,6,0.03720432371147098,0.002568123315921156,1
6,0.01,12,143,7,0.008614471824744285,8.212670539453626e-05,1
6,0.01,12,143,8,0.0032212542374630004,4.0170147764584385e-05,3
6,0.01,12,143,9,0.0006051912856168684,9.780288579008811e-07,2
6,0.01,12,143,10,0.00018045235402119886,6.355471526831025e-08,1
6,0.01,12,144,1,4.067660332560188,4.8739183706757885,6
6,0.01,12,144,2,2.6506916372811444,3.060640267443368,6
6,0.01,12,144,3,1.1898027889081648,1.2265483636367343,6
6,0.01,12,144,4,0.26112012661198847,0.15732810396077745,3
6,0.01,12,144,5,0.06471875039548003,0.0025102055241017496,4
6,0.01,12,144,6,0.019680206153279478,0.00029950892246422,3
6,0.01,12,144,7,0.004493649016430901,2.8594221992861435e-05,3
6,0.01,12,144,8,0.0013585241855720298,2.441111625728354e-06,3
6,0.01,12,144,9,0.0001253329218586785,3.039739837618072e-08,2
6,0.01,12,144,10,2.4471497872546877e-05,1.1706617897289107e-09,1
6,0.01,12,145,1,5.460101106250675,6.6147104169042095,4
6,0.01,12,145,2,4.089385050513809,4.843294610260184,4
6,0.01,12,145,3,2.6707563037024444,3.0831317028724197,4
6,0.01,12,145,4,1.6935723634439475,1.9662872496808506,4
6,0.01,12,145,5,0.3441268080410831,0.21320508288412743,3
6,0.01,12,145,6,0.09648672136215897,0.025652548561108546,2
6,0.01,12,145,7,0.030510172660689783,0.001529334462751386,2
6,0.01,12,145,8,0.006326943236209637,7.36432489247818e-05,2
6,0.01,12,145,9,0.0014830061451034382,4.017079493934261e-06,1
6,0.01,12,145,10,0.000330897675589803,4.409315916831247e-07,1
6,0.01,12,146,1,5.675769662769786,6.776411975064644,6
6,0.01,12,146,2,3.576555007394764,4.130428954701985,5
6,0.01,12,146,3,2.5703855124135524,2.9812485838968925,6
6,0.01,12,146,4,1.0129310235564049,1.0584401510683037,5
6,0.01,12,146,5,0.11586621242964323,0.025759709075602544,4
6,0.01,12,146,6,0.027641630314001908,0.0006318490397374532,5
6,0.01,12,146,7,0.005475582826906411,2.3074555894453397e-05,4
6,0.01,12,146,8,0.0005449262199457294,1.9767298731210303e-07,3
6,0.01,12,146,9,0.00026100613100421555,5.884070830575183e-08,2
6,0.01,12,146,10,2.0549610620257397e-05,9.500507047732754e-10,1
6,0.01,12,147,1,5.700509248117561,6.7367091882137995,7
6,0.01,12,147,2,4.360561768316914,5.0164709188597225,7
6,0.01,12,147,3,2.8055015330888216,3.1312238859449053,7
6,0.01,12,147,4,0.5107094997995558,0.25984394053482784,7
6,0.01,12,147,5,0.17590935483510695,0.06731572396201813,2
6,0.01,12,147,6,0.058059006218651454,0.0030455454293969453,1
6,0.01,12,147,7,0.008730932589540608,9.312011548345822e-05,4
6,0.01,12,147,8,0.002990261001747818,6.072915399002454e-06,2
6,0.01,12,147,9,0.0009961953886969965,5.4421413508976e-07,1
6,0.01,12,147,10,0.00022068852230194835,2.948743116348851e-08,1
6,0.01,12,148,1,4.809800101129237,5.766924159182064,9
6,0.01,12,148,2,2.613887351320243,3.0229515263848548,8
6,0.01,12,148,3,1.6037484376679956,1.9316525908969675,6
6,0.01,12,148,4,0.36743025802433404,0.24129751242218767,1
6,0.01,12,148,5,0.1291490903602126,0.055528201055627946,4
6,0.01,12,148,6,0.03939780157123973,0.001825753460743762,1
6,0.01,12,148,7,0.014832416105041268,0.0005671905598729765,2
6,0.01,12,148,8,0.00846917433524208,0.00026773936672874754,1
6,0.01,12,148,9,0.0010748027800167037,4.920656069273832e-06,1
6,0.01,12,148,10,0.0002001825193174156,6.749359648949849e-08,1
6,0.01,12,149,1,4.216670255761205,4.938362609103429,7
6,0.01,12,149,2,2.64732183098187,3.0428543585337984,6
6,0.01,12,149,3,1.2632191867069809,1.2675518265932313,2
6,0.01,12,149,4,0.36575746120736863,0.1791822619068304,2
6,0.01,12,149,5,0.0824718789119494,0.0035992972985186,1
6,0.01,12,149,6,0.03183307051241968,0.001014224775275352,2
6,0.01,12,149,7,0.01127773114427022,0.000129504255146351,2
6,0.01,12,149,8,0.0015217843907286976,1.5529999188856891e-06,1
6,0.01,12,149,9,0.00026898494595606337,8.076723823080556e-08,2
6,0.01,12,149,10,4.1813997405881764e-05,1.0432614772071247e-09,1
6,0.01,12,150,1,5.516193356871699,6.633181040992502,7
6,0.01,12,150,2,3.405047847143579,4.0266274350130296,5
6,0.01,12,150,3,2.6450033994108635,3.0757934981665045,4
6,0.01,12,150,4,1.7764961793573466,1.999799526300606,3
6,0.01,12,150,5,0.29392081419714966,0.153875492000779,2
6,0.01,12,150,6,0.05970746994170728,0.003958727264855355,2
6,0.01,12,150,7,0.0298931174144359,0.0006040762254624354,3
6,0.01,12,150,8,0.01084464954935438,0.00011211128272137216,2
6,0.01,12,150,9,0.0016591354643162859,2.5424476817192954e-06,2
6,0.01,12,150,10,0.00022507386283177055,1.3198365600430861e-07,1
6,0.01,12,151,1,4.959496260078576,5.846824424104627,3
6,0.01,12,151,2,3.5584960844344424,4.075081967735473,2
6,0.01,12,151,3,2.0822013973025646,2.2698768896829815,7
6,0.01,12,151,4,0.9067595580962005,1.013933232829645,4
6,0.01,12,151,5,0.16984007939362478,0.046344081389073644,6
6,0.01,12,151,6,0.06017494539848922,0.01271640513805572,2
6,0.01,12,151,7,0.014784585375813286,0.0016407899709793838,3
6,0.01,12,151,8,0.006752170935413027,9.913236737979503e-05,2
6,0.01,12,151,9,0.0017911646997363917,1.740781152825832e-05,2
6,0.01,12,151,10,0.00024135834445093707,2.888614414331414e-07,1
6,0.01,12,152,1,5.538188548414721,6.652669679169435,7
6,0.01,12,152,2,4.123594490053905,4.899750298043109,8
6,0.01,12,152,3,2.7070168253079396,3.100398492845354,5
6,0.01,12,152,4,1.1683165550571095,1.1754664916309645,5
6,0.01,12,152,5,0.9024779985956775,0.982391221880702,5
6,0.01,12,152,6,0.03955110057820477,0.0018861499766167356,1
6,0.01,12,152,7,0.021825456504857677,0.0011269500045871794,1
6,0.01,12,152,8,0.003783745994241805,1.940522936294542e-05,1
6,0.01,12,152,9,0.0016594877141509201,3.27511878950304e-06,1
6,0.01,12,152,10,0.00016978423320868075,2.4931674502681744e-08,1
6,0.01,12,153,1,4.75324871968862,5.735047095800301,9
6,0.01,12,153,2,2.935545690948877,3.235032307327243,8
6,0.01,12,153,3,1.1461766996227594,1.1302233767845946,7
6,0.01,12,153,4,0.2829481032710044,0.19182070568805099,5
6,0.01,12,153,5,0.11719625201533823,0.05280336480628112,4
6,0.01,12,153,6,0.015674860537077784,0.0009682721699286745,4
6,0.01,12,153,7,0.005069156832724353,6.92929858843172e-05,2
6,0.01,12,153,8,0.0013784771194140788,3.247706946041262e-06,1
6,0.01,12,153,9,0.0001793813335941863,5.802577085489702e-08,1
6,0.01,12,153,10,2.9201270328904627e-05,4.851639090475146e-10,1
6,0.01,12,154,1,4.99763902541183,5.861253179175744,8
6,0.01,12,154,2,3.471539728291061,4.0032433458861565,7
6,0.01,12,154,3,2.017911468221511,2.2114764033129077,6
6,0.01,12,154,4,1.1149389211627208,1.1185345523190673,5
6,0.01,12,154,5,0.9010507390670615,0.9941064779441984,5
6,0.01,12,154,6,0.0864418662264459,0.023932789931523146,5
6,0.01,12,154,7,0.03476767336574582,0.0016912904056587408,3
6,0.01,12,154,8,0.006253288394461265,4.250124313820436e-05,3
6,0.01,12,154,9,0.0006556197751681481,5.761029040485255e-07,1
6,0.01,12,154,10,0.00013318699018682878,1.5812993581221235e-08,1
6,0.01,12,155,1,4.13029364123834,4.900272691340096,8
6,0.01,12,155,2,2.0067636997688973,2.21246918703984,9
6,0.01,12,155,3,1.6321214208053272,1.9208919478918647,6
6,0.01,12,155,4,0.7535830352904975,0.9419119642945963,5
6,0.01,12,155,5,0.05481499354489383,0.03781969589746392,5
6,0.01,12,155,6,0.016097220373645804,0.0006628105504136172,3
6,0.01,12,155,7,0.002781476006586736,3.2148389951025536e-05,2
6,0.01,12,155,8,0.0008281299411541099,2.2002424877598514e-06,1
6,0.01,12,155,9,7.522995998332505e-05,6.342911262890993e-08,1
6,0.01,12,155,10,1.0921223135618163e-05,7.819309644219175e-10,1
6,0.01,12,156,1,5.530558232420243,6.6771475554537645,8
6,0.01,12,156,2,3.433685423084504,3.9773169814097393,7
6,0.01,12,156,3,3.2483320596110152,3.850592519777188,6
6,0.01,12,156,4,1.0451320729556066,1.1103828440358283,5
6,0.01,12,156,5,0.1928949087646723,0.03301626343251485,6
6,0.01,12,156,6,0.04659314356530064,0.0032817075138229512,3
6,0.01,12,156,7,0.02976853413677194,0.0017020527595619228,2
6,0.01,12,156,8,0.009688221801392949,9.250773561397807e-05,2
6,0.01,12,156,9,0.0026008291054830934,7.077312837111549e-06,2
6,0.01,12,156,10,0.00039103237742654784,1.2017607176062484e-07,1
6,0.01,12,157,1,4.083237599758681,4.852023192163196,5
6,0.01,12,157,2,2.709125719800446,3.1265363359425216,3
6,0.01,12,157,3,1.1534420233871616,1.224499068157039,2
6,0.01,12,157,4,0.9409118318672247,1.010987251517978,2
6,0.01,12,157,5,0.07054895705469821,0.004695653256478138,2
6,0.01,12,157,6,0.03534869922087136,0.0009561293905857582,2
6,0.01,12,157,7,0.006464041670979803,3.886793640095476e-05,2
6,0.01,12,157,8,0.0013964808233515313,2.626336920386052e-06,2
6,0.01,12,157,9,0.0003694690631048658,1.827348352634317e-07,2
6,0.01,12,157,10,4.272397691718055e-05,2.5146249527097098e-09,1
6,0.01,12,158,1,4.789435908224571,5.685867823870197,5
6,0.01,12,158,2,3.277105232599607,3.8907673383489456,7
6,0.01,12,158,3,1.8845754490806472,2.1180863893404798,6
6,0.01,12,158,4,0.8963935125507199,0.9926080104681869,1
6,0.01,12,158,5,0.10995044513426588,0.01281565624162262,4
6,0.01,12,158,6,0.03564774161865536,0.010835976486873733,1
6,0.01,12,158,7,0.004664855807523516,5.183865001257004e-05,1
6,0.01,12,158,8,0.0016329526232139457,9.528728547536502e-06,1
6,0.01,12,158,9,0.00042508493482440457,5.794092299282738e-07,1
6,0.01,12,158,10,5.975163205018674e-05,8.539144502606177e-09,1
6,0.01,12,159,1,5.146608874025616,5.9971620327284825,3
6,0.01,12,159,2,3.5766804710715894,4.09166904110795,3
6,0.01,12,159,3,1.9290713788621394,2.1720566531595225,3
6,0.01,12,159,4,0.8930112947200337,0.9936547714304176,4
6,0.01,12,159,5,0.3359517491853117,0.2273304130949798,3
6,0.01,12,159,6,0.02335187140120798,0.0007877671374432182,4
6,0.01,12,159,7,0.008549447518466202,8.289773851277715e-05,3
6,0.01,12,159,8,0.0011115698653769712,8.685865449109542e-07,3
6,0.01,12,159,9,0.00023840457377932722,9.51604857135635e-08,1
6,0.01,12,159,10,2.977436420703583e-05,9.350404894803432e-10,1
6,0.01,12,160,1,4.852195554002391,5.772663194511871,4
6,0.01,12,160,2,3.4106828965237312,3.989312604673106,4
6,0.01,12,160,3,1.9531593459191576,2.1396242573163775,4
6,0.01,12,160,4,1.0663239683566639,1.1281413710747676,2
6,0.01,12,160,5,0.19495329147477314,0.061439856006995086,2
6,0.01,12,160,6,0.08045679082333379,0.021484900282894515,2
6,0.01,12,160,7,0.01745791808767372,0.00041729507669430177,2
6,0.01,12,160,8,0.0045252400296718065,0.00015349723231139478,2
6,0.01,12,160,9,0.0007907060615419681,2.6399665511434023e-06,2
6,0.01,12,160,10,0.00013520351128981645,4.770867789716249e-08,1
6,0.01,12,161,1,4.930172720521846,5.823046296155233,5
6,0.01,12,161,2,3.4853296862587007,4.03072630838278,4
6,0.01,12,161,3,2.8498538297614013,3.146603489616493,3
6,0.01,12,161,4,0.743816269480881,0.4433209946043535,3
6,0.01,12,161,5,0.24094138820145705,0.06337176804033007,2
6,0.01,12,161,6,0.05091755622035965,0.0018516697070607435,3
6,0.01,12,161,7,0.013283153097474631,0.00016238680850122478,3
6,0.01,12,161,8,0.0023893706130495573,5.151463716046578e-06,3
6,0.01,12,161,9,0.000344527923059168,2.039133377707003e-07,2
6,0.01,12,161,10,4.891961161579417e-05,2.863909998040981e-09,1
6,0.01,12,162,1,4.895948133347598,5.820646974455636,9
6,0.01,12,162,2,3.4193818116333654,3.9816345899632175,8
6,0.01,12,162,3,1.864982148958739,2.1009178570746876,7
6,0.01,12,162,4,1.0382335994078735,1.1201856023582346,3
6,0.01,12,162,5,0.21992099097190287,0.1435347322308118,2
6,0.01,12,162,6,0.09191849020822485,0.022120794652741083,3
6,0.01,12,162,7,0.0327876420661779,0.0011901217534440178,3
6,0.01,12,162,8,0.012575149133312813,0.0004290839990979123,2
6,0.01,12,162,9,0.002077799071799724,5.12447939904348e-06,2
6,0.01,12,162,10,7.966097071143707e-05,8.223933534168282e-09,1
6,0.01,12,163,1,5.696150979783741,6.749437979345009,3
6,0.01,12,163,2,4.218396786104651,4.891228676636278,3
6,0.01,12,163,3,2.688435945538923,2.996715981516621,2
6,0.01,12,163,4,1.1302507706336309,1.1732416594304134,3
6,0.01,12,163,5,0.26395648457754195,0.147264649946365,3
6,0.01,12,163,6,0.09295909557135484,0.031922944130622355,2
6,0.01,12,163,7,0.02829732168899124,0.0011639243958940781,1
6,0.01,12,163,8,0.005743576729581257,9.407057828347831e-05,2
6,0.01,12,163,9,0.001493443021170826,4.223227559663201e-06,2
6,0.01,12,163,10,0.0003501635344802523,1.1646327635617126e-07,1
6,0.01,12,164,1,4.121101413438317,4.855415009235431,6
6,0.01,12,164,2,2.808753766565707,3.170446508975333,5
6,0.01,12,164,3,1.8416448743447003,2.09161109364113,7
6,0.01,12,164,4,0.28818436394232716,0.18631037314401055,3
6,0.01,12,164,5,0.11761633673108296,0.04612793983816488,5
6,0.01,12,164,6,0.022519076008328476,0.000559443555449235,5
6,0.01,12,164,7,0.003888677687483799,4.824995963659262e-05,3
6,0.01,12,164,8,0.0014852145721020449,5.820961963109994e-06,2
6,0.01,12,164,9,0.00033853649088211313,1.452176867644539e-07,2
6,0.01,12,164,10,3.3353230421973024e-05,1.8273063062679284e-09,1
6,0.01,12,165,1,7.20929085302693,8.539957748854288,3
6,0.01,12,165,2,5.06170728083732,5.872752572644089,2
6,0.01,12,165,3,4.017573067474119,4.816324508594194,4
6,0.01,12,165,4,2.5511438928465253,2.9314767169008844,3
6,0.01,12,165,5,1.3078466626004843,1.278788359576689,4
6,0.01,12,165,6,0.29295041777717934,0.07767043365590531,3
6,0.01,12,165,7,0.06934077410690165,0.002252095581889435,2
6,0.01,12,165,8,0.030079833824173008,0.0007479764232396491,3
6,0.01,12,165,9,0.004136568515201944,1.1075905476332082e-05,2
6,0.01,12,165,10,0.0011557189692226189,1.055800261440254e-06,1
6,0.01,12,166,1,6.417315948925737,7.64494760443047,6
6,0.01,12,166,2,4.106344184732527,4.860087565437762,6
6,0.01,12,166,3,2.66863728091663,3.024761391535651,6
6,0.01,12,166,4,1.8311820456462105,2.0938087842098154,2
6,0.01,12,166,5,0.5288271633712975,0.3754404541031704,2
6,0.01,12,166,6,0.08988458509068575,0.010473711294981314,2
6,0.01,12,166,7,0.01739013845315629,0.0004372515541479771,2
6,0.01,12,166,8,0.004858013714996723,3.777275351346532e-05,2
6,0.01,12,166,9,0.000991826094547399,2.0803106082212253e-06,2
6,0.01,12,166,10,0.00013870506767776902,6.33748378220389e-08,1
6,0.01,12,167,1,5.032577464231123,5.9331637419823124,3
6,0.01,12,167,2,3.5845835252853764,4.103801304043081,4
6,0.01,12,167,3,2.516533773103186,2.9469587990341335,6
6,0.01,12,167,4,1.0237169079018216,1.0845869719924028,6
6,0.01,12,167,5,0.19949991676396905,0.08397964621580023,4
6,0.01,12,167,6,0.09855166760219447,0.010825563916093017,3
6,0.01,12,167,7,0.016949674205330112,0.0006738406783481921,2
6,0.01,12,167,8,0.003975825818956835,3.0222343662344997e-05,3
6,0.01,12,167,9,0.0008599035596787985,9.040041213381755e-07,2
6,0.01,12,167,10,0.00016401423646783542,2.27099015148724e-08,1
6,0.01,12,168,1,3.993966887492613,4.7714435013877186,9
6,0.01,12,168,2,2.041422467587646,2.2478206769462616,2
6,0.01,12,168,3,0.9571009109000412,1.0546147144781983,2
6,0.01,12,168,4,0.1554540481321638,0.042036804448868814,1
6,0.01,12,168,5,0.03757438268632818,0.0016212355516262988,4
6,0.01,12,168,6,0.0059960139892876185,0.00011381603073878921,4
6,0.01,12,168,7,0.000950064940351325,3.843043371531962e-06,2
6,0.01,12,168,8,0.00033486070821453495,4.6899699412961127e-07,2
6,0.01,12,168,9,6.465397079935542e-05,1.6204568353828108e-08,1
6,0.01,12,168,10,4.7248950210132534e-06,1.3424639178083453e-10,1
6,0.01,12,169,1,4.207466737399697,4.892415253368098,6
6,0.01,12,169,2,2.52675069814825,2.9593392048783826,5
6,0.01,12,169,3,1.1561080563377306,1.240708138184086,7
6,0.01,12,169,4,0.21915308818853418,0.10184736593960686,7
6,0.01,12,169,5,0.05059621098005618,0.004699463155546368,6
6,0.01,12,169,6,0.016417098395530516,0.0005846220433074478,5
6,0.01,12,169,7,0.0036397204824574203,3.184305904913032e-05,4
6,0.01,12,169,8,0.0006717075186486454,1.9505459452062723e-06,3
6,0.01,12,169,9,9.148177030926519e-05,1.8042296545672798e-08,2
6,0.01,12,169,10,1.690750580163325e-05,7.157243686606307e-10,1
6,0.01,12,170,1,5.683304040202849,6.7503214853704225,8
6,0.01,12,170,2,4.299917506642153,4.996835900706714,7
6,0.01,12,170,3,2.8759498415188354,3.1803069968874667,6
6,0.01,12,170,4,0.5155935298930565,0.34767903212554074,5
6,0.01,12,170,5,0.13373942387836468,0.016673431775821257,5
6,0.01,12,170,6,0.04986809704337958,0.003143643736258639,3
6,0.01,12,170,7,0.02132994826161294,0.0005645105397551475,2
6,0.01,12,170,8,0.005121766505142844,2.1873057416854635e-05,1
6,0.01,12,170,9,0.0011522928404215094,6.995773311757603e-07,1
6,0.01,12,170,10,5.8022273593749674e-05,5.521515689110856e-09,1
6,0.01,12,171,1,5.708762581199193,6.789288950359598,2
6,0.01,12,171,2,3.4132127744357517,4.013299359045325,2
6,0.01,12,171,3,1.9828540666775245,2.1822454701436973,2
6,0.01,12,171,4,0.8610832740401744,0.9831413550334727,2
6,0.01,12,171,5,0.16889122058125228,0.058948323217499876,3
6,0.01,12,171,6,0.07820800917168835,0.013931719354875582,3
6,0.01,12,171,7,0.033742237977931744,0.009894075975919847,2
6,0.01,12,171,8,0.003771052539799591,8.153722427550747e-05,1
6,0.01,12,171,9,0.0010395394873023989,7.009767212906581e-06,2
6,0.01,12,171,10,0.00012071328393492564,5.803240910040586e-08,1
6,0.01,12,172,1,6.4125925206584595,7.661387686417514,5
6,0.01,12,172,2,4.287620963617598,4.987771200922932,4
6,0.01,12,172,3,2.6865216280093938,3.0689388285541863,3
6,0.01,12,172,4,1.650848480422228,1.9283446634168726,5
6,0.01,12,172,5,0.3724734300441872,0.23435780500099312,5
6,0.01,12,172,6,0.08676603451698828,0.03193633517457428,3
6,0.01,12,172,7,0.01763562338424496,0.0017689521597130664,3
6,0.01,12,172,8,0.003537077243325193,7.964674981586484e-05,3
6,0.01,12,172,9,0.0005522371401172066,9.219785130909486e-07,2
6,0.01,12,172,10,0.00015631540270089062,2.8098396498421607e-08,1
6,0.01,12,173,1,4.884049055037178,5.766724687075595,3
6,0.01,12,173,2,2.8238210067473695,3.1328321870779465,2
6,0.01,12,173,3,1.2616794753622784,1.3022392868048538,4
6,0.01,12,173,4,0.2813581278092867,0.15693338968867643,3
6,0.01,12,173,5,0.09491533941411667,0.016752386386460927,4
6,0.01,12,173,6,0.029043360077487534,0.0012505596194696267,4
6,0.01,12,173,7,0.007267013726021787,5.892991933009739e-05,3
6,0.01,12,173,8,0.0014480951426065758,1.6951844621360124e-06,2
6,0.01,12,173,9,0.00029868546932121376,9.219311003505481e-08,1
6,0.01,12,173,10,5.484496010055295e-05,1.753001299675816e-09,1
6,0.01,12,174,1,5.707081895933025,6.7745124365574565,7
6,0.01,12,174,2,4.153929638370687,4.920583430364829,8
6,0.01,12,174,3,2.2149202934027192,2.3377246253441726,7
6,0.01,12,174,4,0.8676249039381334,0.9747380425014089,5
6,0.01,12,174,5,0.13347811201923676,0.03635004032848954,5
6,0.01,12,174,6,0.04676073228838451,0.001974528111723828,4
6,0.01,12,174,7,0.009636170105397746,9.714382685555023e-05,4
6,0.01,12,174,8,0.0016056612992771946,1.0788141267425999e-05,1
6,0.01,12,174,9,0.000347839221176649,4.464644494106551e-07,1
6,0.01,12,174,10,5.7525734965757636e-05,1.4543765303187683e-08,1
6,0.01,12,175,1,4.951429363664102,5.848041376185943,9
6,0.01,12,175,2,2.8377289632151035,3.1435178178032643,7
6,0.01,12,175,3,1.402160485147399,1.3450396297971778,7
6,0.01,12,175,4,0.36074266861527793,0.09301371905618439,7
6,0.01,12,175,5,0.087808003169493,0.007750787794420511,4
6,0.01,12,175,6,0.030596034218151935,0.0009580413284009381,3
6,0.01,12,175,7,0.007899692625726651,4.4654947239486376e-05,4
6,0.01,12,175,8,0.0019727739071386807,4.782573030936987e-06,3
6,0.01,12,175,9,0.0002901822855543301,1.8385992639480264e-07,2
6,0.01,12,175,10,7.682885816517881e-05,3.848022878116808e-08,1
6,0.01,12,176,1,6.431973231096407,7.6504010356778185,7
6,0.01,12,176,2,5.020311259569519,5.872128169068263,7
6,0.01,12,176,3,2.021831085064539,2.2248557263239874,6
6,0.01,12,176,4,1.667044552213114,1.9486601735055542,3
6,0.01,12,176,5,0.8484430375902914,0.9727999207226663,2
6,0.01,12,176,6,0.0937105501855946,0.01987665222282331,3
6,0.01,12,176,7,0.036798367094368345,0.0023515491789112275,3
6,0.01,12,176,8,0.007276565620321307,0.00014889054227573695,3
6,0.01,12,176,9,0.0011560563382957412,1.99558513891418e-06,2
6,0.01,12,176,10,0.00015628203379236538,4.8428322685367675e-08,1
6,0.01,12,177,1,5.594488460991838,6.644246881070174,3
6,0.01,12,177,2,4.051990732891897,4.789815398626226,3
6,0.01,12,177,3,2.5353811069050716,2.944571282344965,3
6,0.01,12,177,4,1.0404838709492497,1.1343333218320044,3
6,0.01,12,177,5,0.8423350730781438,0.981756741168148,4
6,0.01,12,177,6,0.09464994755178413,0.0183473082258665,4
6,0.01,12,177,7,0.0314765383084703,0.0017352456549115658,3
6,0.01,12,177,8,0.007473773628171365,0.0001151769215201881,2
6,0.01,12,177,9,0.0009985825734739606,2.3294699058595825e-06,1
6,0.01,12,177,10,0.00012875587203975414,6.165815413794462e-08,1
6,0.01,12,178,1,6.369804553137148,7.63235417508389,3
6,0.01,12,178,2,4.365514653382715,5.071851526418559,2
6,0.01,12,178,3,2.6425947986890295,3.023751535117883,3
6,0.01,12,178,4,1.1008942840313294,1.1131507410410073,2
6,0.01,12,178,5,0.806865424156535,0.9638811884985543,4
6,0.01,12,178,6,0.09556272074800187,0.05783926273476858,3
6,0.01,12,178,7,0.05496631829367349,0.016032277407129314,2
6,0.01,12,178,8,0.021956493941885036,0.0011343064249320634,1
6,0.01,12,178,9,0.0013008169761521415,9.60384570980466e-06,1
6,0.01,12,178,10,0.0002388626572100705,3.2898304702655423e-07,1
6,0.01,12,179,1,5.22691756010137,6.031532392093606,6
6,0.01,12,179,2,3.7519681384430985,4.1915014813046625,5
6,0.01,12,179,3,2.340784978676517,2.407831640118074,4
6,0.01,12,179,4,1.290082129803543,1.1716320725135896,3
6,0.01,12,179,5,0.1978826174229109,0.03426967368543998,3
6,0.01,12,179,6,0.05765812610568233,0.004183420696666218,4
6,0.01,12,179,7,0.014098084682379053,0.00019065458447897754,3
6,0.01,12,179,8,0.003368569446681846,5.4424358406635065e-06,3
6,0.01,12,179,9,0.0007008687043850159,3.334201394977754e-07,2
6,0.01,12,179,10,0.0001380142279980845,6.193181079083843e-09,1
6,0.01,12,180,1,5.04054760968539,5.941322957288971,8
6,0.01,12,180,2,2.9132740351661006,3.23283531646541,7
6,0.01,12,180,3,1.281143001454959,1.3244748627086906,6
6,0.01,12,180,4,0.923783161487937,0.9826945363913726,6
6,0.01,12,180,5,0.16650700830302956,0.041978716161971796,5
6,0.01,12,180,6,0.05073363470042036,0.0019793969084558327,4
6,0.01,12,180,7,0.02069469882764885,0.00031199485400179583,3
6,0.01,12,180,8,0.009506321627634762,9.398927963388815e-05,2
6,0.01,12,180,9,0.002108119507600037,2.2047491636811856e-06,1
6,0.01,12,180,10,0.00015140646575417804,1.8812704283277526e-08,1
6,0.01,12,181,1,6.2730018977782835,7.563813046924217,6
6,0.01,12,181,2,3.603319743578006,4.067430669661215,5
6,0.01,12,181,3,2.4047148428301552,2.907081634874352,3
6,0.01,12,181,4,1.042105504568835,1.1510799862458558,3
6,0.01,12,181,5,0.18414063039506612,0.07610106053417276,2
6,0.01,12,181,6,0.060163665003948985,0.012800373770550877,3
6,0.01,12,181,7,0.02013188115475284,0.0007581699115188911,3
6,0.01,12,181,8,0.0038224185286823698,2.6067876859769967e-05,2
6,0.01,12,181,9,0.0009753490711927881,3.1386234287111847e-06,1
6,0.01,12,181,10,0.0002099787256275576,5.635152966476653e-08,1
6,0.01,12,182,1,4.226054268844864,4.976138628125566,9
6,0.01,12,182,2,3.68179091437365,4.20146652235829,8
6,0.01,12,182,3,1.3680597806372745,1.4033649525534386,7
6,0.01,12,182,4,0.31554867413304954,0.1335057569174678,6
6,0.01,12,182,5,0.09359592105728076,0.015424650771864279,5
6,0.01,12,182,6,0.012693985842716415,0.0004519819118833368,2
6,0.01,12,182,7,0.002757363086143272,2.537868167262758e-05,3
6,0.01,12,182,8,0.0014427977157218663,4.941848866124587e-06,2
6,0.01,12,182,9,0.0001628384115193171,1.90192334770245e-07,1
6,0.01,12,182,10,1.7114145029140104e-05,2.717891689485441e-09,1
6,0.01,12,183,1,4.772733895278596,5.756406316728452,6
6,0.01,12,183,2,3.2867148339490297,3.902017255420109,4
6,0.01,12,183,3,1.7912862406065209,2.0778898097726186,6
6,0.01,12,183,4,0.8381156136526622,0.9639964453197392,2
6,0.01,12,183,5,0.12313188822531362,0.052850431573536305,1
6,0.01,12,183,6,0.02716621655258411,0.0018941106444900768,3
6,0.01,12,183,7,0.007110856634209739,9.417224396379709e-05,2
6,0.01,12,183,8,0.001847456805982084,1.0558057084608663e-05,1
6,0.01,12,183,9,0.0003145330944311908,4.292203215072732e-07,1
6,0.01,12,183,10,2.4110407641053655e-05,3.3553586575862937e-09,1
6,0.01,12,184,1,4.913350403290793,5.85941938578814,2
6,0.01,12,184,2,3.3887230963567943,3.949289100669157,8
6,0.01,12,184,3,1.9234062939987249,2.152449155907534,3
6,0.01,12,184,4,1.0396903315006014,1.0401126304104,6
6,0.01,12,184,5,0.287109782034336,0.10691549249845167,3
6,0.01,12,184,6,0.08318641268933558,0.010114732658518477,3
6,0.01,12,184,7,0.041471993493709114,0.0013085084365549449,3
6,0.01,12,184,8,0.012570697252797025,0.00019017282854250084,2
6,0.01,12,184,9,0.00239776097058364,1.1378805741202314e-05,1
6,0.01,12,184,10,0.00014380222091237016,4.167376843611237e-08,1
6,0.01,12,185,1,5.687280376385551,6.754658646011965,5
6,0.01,12,185,2,3.4504434056840667,4.006689130420336,4
6,0.01,12,185,3,2.568997193485779,2.9866199216685114,5
6,0.01,12,185,4,1.6313308249140848,1.9450439278139804,5
6,0.01,12,185,5,0.14558208791658256,0.11145282036416404,4
6,0.01,12,185,6,0.056762975079705846,0.02100537675681302,3
6,0.01,12,185,7,0.01695058156026885,0.0012659664110756808,2
6,0.01,12,185,8,0.0035590562683003313,7.071092511168331e-05,1
6,0.01,12,185,9,0.0002676418512566059,5.341271620551424e-07,2
6,0.01,12,185,10,6.776229255311961e-05,2.9957991642959314e-08,1
6,0.01,12,186,1,5.007213178157466,5.918746224997804,9
6,0.01,12,186,2,3.591117296370866,4.11057054981657,3
6,0.01,12,186,3,1.7858331911912515,2.010599170539682,7
6,0.01,12,186,4,0.9904817882724322,1.0307032097458437,4
6,0.01,12,186,5,0.20202890162427245,0.06408445317261613,3
6,0.01,12,186,6,0.057154512231374355,0.01191617937172218,3
6,0.01,12,186,7,0.024241785213098055,0.001034328184795541,3
6,0.01,12,186,8,0.0044707185199346355,4.801169925272575e-05,3
6,0.01,12,186,9,0.001044667965057755,5.482888951746645e-06,1
6,0.01,12,186,10,0.000192698766506183,2.2870095151006353e-07,1
6,0.01,12,187,1,4.827730496857667,5.754174556519253,7
6,0.01,12,187,2,3.24390435948572,3.8570844769177004,7
6,0.01,12,187,3,1.73477672866602,1.9759190402505915,5
6,0.01,12,187,4,1.000259416266264,1.0626948786390322,4
6,0.01,12,187,5,0.12035172676464967,0.04342954630937168,3
6,0.01,12,187,6,0.028481470733526137,0.0020576515328531997,4
6,0.01,12,187,7,0.007290851985944258,8.977327847325967e-05,1
6,0.01,12,187,8,0.000987150489958566,5.98364046311417e-06,3
6,0.01,12,187,9,0.00019900395826866202,1.36616355561614e-07,1
6,0.01,12,187,10,5.158038261576792e-05,1.223878776102083e-08,1
6,0.01,12,188,1,5.7320019114740015,6.787656261987669,3
6,0.01,12,188,2,3.9559159839126847,4.762053861207011,4
6,0.01,12,188,3,3.3153623456491514,3.908582781999999,4
6,0.01,12,188,4,1.9949154891537573,2.1722762508940283,4
6,0.01,12,188,5,0.4408451890064482,0.27005100145735206,4
6,0.01,12,188,6,0.14790473915355218,0.047036539948196676,4
6,0.01,12,188,7,0.056992818285881874,0.00475640775581887,3
6,0.01,12,188,8,0.00951951112110816,0.000822395913193219,2
6,0.01,12,188,9,0.001095502645797275,3.390932080904463e-06,2
6,0.01,12,188,10,0.00014178328449876432,1.3297963619152142e-08,1
6,0.01,12,189,1,4.124017860827463,4.9126676501267035,9
6,0.01,12,189,2,2.532572129578341,2.9633630675393867,7
6,0.01,12,189,3,1.7630130171693876,2.0061778667679304,6
6,0.01,12,189,4,0.42202545877524944,0.28111377596365106,5
6,0.01,12,189,5,0.11176328140851766,0.025821056968793776,4
6,0.01,12,189,6,0.02912276574043382,0.0010037684411141612,4
6,0.01,12,189,7,0.006678475432360997,3.532527694449783e-05,4
6,0.01,12,189,8,0.0007281284569291557,7.595623703338106e-07,3
6,0.01,12,189,9,0.000110008720010768,1.3385184516323534e-08,2
6,0.01,12,189,10,2.7013611138215765e-05,1.2616840905366189e-09,1
6,0.01,12,190,1,3.3886093402558366,3.8769063734013933,1
6,0.01,12,190,2,1.8565878093363004,2.0655944649408227,7
6,0.01,12,190,3,1.0021419655284243,1.0606190423063921,8
6,0.01,12,190,4,0.1166557032256339,0.06200715869233875,2
6,0.01,12,190,5,0.07549822772519299,0.024858948657922042,2
6,0.01,12,190,6,0.014685158660670439,0.0007445786482751515,2
6,0.01,12,190,7,0.0023770493768306977,3.85498678534546e-05,2
6,0.01,12,190,8,0.00045389985351285134,1.7714600684115567e-06,2
6,0.01,12,190,9,0.00019206418773620726,1.3013892186108933e-07,2
6,0.01,12,190,10,1.6851087059066572e-05,1.5970069711102042e-09,1
6,0.01,12,191,1,6.406075562942858,7.654499609707916,6
6,0.01,12,191,2,4.941877578326023,5.8464012405459655,5
6,0.01,12,191,3,2.8285767758070985,3.143366023504754,2
6,0.01,12,191,4,1.3148174622129734,1.32459959776296,2
6,0.01,12,191,5,0.4037730498705585,0.19350790167278475,2
6,0.01,12,191,6,0.11083167892331325,0.015441720420687588,2
6,0.01,12,191,7,0.04305648422099928,0.0011472748183880555,2
6,0.01,12,191,8,0.01302030793602782,0.00036431017591276316,2
6,0.01,12,191,9,0.003284780544227317,0.00013544332396797643,1
6,0.01,12,191,10,0.000265832873346028,2.2234977770096975e-07,1
6,0.01,12,192,1,4.131804792943041,4.8534861477642846,7
6,0.01,12,192,2,3.2747244078321343,3.880252018637089,8
6,0.01,12,192,3,1.6235848805982203,1.9415464704685457,2
6,0.01,12,192,4,0.8172652307959742,0.96259171438445,4
6,0.01,12,192,5,0.2144294824281543,0.11918152317090591,4
6,0.01,12,192,6,0.08558850779107186,0.03189659494677244,2
6,0.01,12,192,7,0.02903569786663507,0.003012948090894696,2
6,0.01,12,192,8,0.004600663473170563,7.253432186260511e-05,2
6,0.01,12,192,9,0.0004475491263411513,4.4444175273383735e-07,2
6,0.01,12,192,10,2.4801530456919352e-05,7.569198601231619e-10,1
6,0.01,12,193,1,4.911661359152905,5.818219818154027,8
6,0.01,12,193,2,3.4129258118444703,3.981187363706301,7
6,0.01,12,193,3,1.8571975709074575,2.0937938543076093,7
6,0.01,12,193,4,1.052311351967763,1.0662159270043094,4
6,0.01,12,193,5,0.7715351953407854,0.9420723152102921,2
6,0.01,12,193,6,0.09806974362300558,0.016228067445248406,4
6,0.01,12,193,7,0.042703803980586486,0.0025735856290811654,2
6,0.01,12,193,8,0.01408905302382557,0.0002873893829988816,1
6,0.01,12,193,9,0.0018093679107522576,6.525970173143492e-06,1
6,0.01,12,193,10,0.00018239873472225554,4.6590713509431225e-08,1
6,0.01,12,194,1,5.10420280151918,5.950239668971884,6
6,0.01,12,194,2,3.407309072803268,3.9638292885328195,6
6,0.01,12,194,3,2.6288487841021526,3.023528962935064,6
6,0.01,12,194,4,1.1584270532938845,1.1558072398263164,6
6,0.01,12,194,5,0.8981610944279188,0.9921627362903536,3
6,0.01,12,194,6,0.11970080572680342,0.051862410692598004,3
6,0.01,12,194,7,0.0603502463037211,0.02039234301809323,3
6,0.01,12,194,8,0.021409373206293658,0.00956139296235392,1
6,0.01,12,194,9,0.003751352627682003,0.00014928026119598314,1
6,0.01,12,194,10,0.0007606273468203639,3.5407481195903756e-06,1
6,0.01,12,195,1,7.154443854853508,8.580395812276247,8
6,0.01,12,195,2,5.568559855179004,6.689121071695471,6
6,0.01,12,195,3,3.5814276795034594,4.090362468035327,6
6,0.01,12,195,4,2.1055511921163514,2.2495345142244947,4
6,0.01,12,195,5,1.1161791157486043,1.055356042706622,4
6,0.01,12,195,6,0.11614894218729788,0.006542896917411056,3
6,0.01,12,195,7,0.04282572252652983,0.0014908461467157963,2
6,0.01,12,195,8,0.0097354876444804,4.7002417669972374e-05,1
6,0.01,12,195,9,0.0017023616448472723,3.986773860376047e-06,2
6,0.01,12,195,10,0.0004209230884910653,9.904380071645846e-08,1
6,0.01,12,196,1,5.902787804026013,6.957693763135115,6
6,0.01,12,196,2,4.570463766434178,5.168890666888224,6
6,0.01,12,196,3,2.333507051510005,2.3036949783561385,5
6,0.01,12,196,4,0.9857585064948893,1.0660798802806104,2
6,0.01,12,196,5,0.8109611026547334,0.9697834774943255,1
6,0.01,12,196,6,0.0939046016782159,0.04254560419400377,1
6,0.01,12,196,7,0.04730931079120371,0.0028988466934594115,1
6,0.01,12,196,8,0.012113869733730631,0.00020115989770097542,1
6,0.01,12,196,9,0.0013784490745152311,1.9989157085120723e-06,1
6,0.01,12,196,10,2.8541347479205115e-05,2.4445810709039506e-08,1
6,0.01,12,197,1,4.17626179799035,4.903101941424136,2
6,0.01,12,197,2,2.692483375917851,3.0211607936229834,6
6,0.01,12,197,3,1.2365432450620473,1.2380450614817624,2
6,0.01,12,197,4,0.22301731264383928,0.09116850833940493,1
6,0.01,12,197,5,0.08036565798968631,0.016196130042644086,3
6,0.01,12,197,6,0.02231953447176238,0.000686982190877039,3
6,0.01,12,197,7,0.00323381476340856,2.7527586367703805e-05,2
6,0.01,12,197,8,0.0012529089949744332,3.2249591512822917e-06,3
6,0.01,12,197,9,0.00016937606494771273,1.2945961636035008e-07,2
6,0.01,12,197,10,2.2549583125197614e-05,1.6505090627561003e-09,1
6,0.01,12,198,1,4.164709526053315,4.924775504485327,5
6,0.01,12,198,2,3.3561292730871717,3.9678203637894214,6
6,0.01,12,198,3,2.025959845818429,2.2365137624252,5
6,0.01,12,198,4,1.0121586206841595,1.0340856534298624,4
6,0.01,12,198,5,0.16224522389967255,0.023649475033143297,3
6,0.01,12,198,6,0.055756681933855745,0.0023857387317436363,3
6,0.01,12,198,7,0.018533629068089752,0.0005308787318849539,3
6,0.01,12,198,8,0.004334745998306744,1.3882481363580723e-05,3
6,0.01,12,198,9,0.0009028427427946184,1.9610228729760593e-06,1
6,0.01,12,198,10,0.00021541565041083288,4.145390342102928e-08,1
6,0.01,12,199,1,4.84491774392903,5.7449830699998135,2
6,0.01,12,199,2,2.7069020248339664,3.0606764407705853,3
6,0.01,12,199,3,1.9520747354658434,2.1385355143448237,3
6,0.01,12,199,4,0.4169176062583544,0.2696158648415832,2
6,0.01,12,199,5,0.13259109987378093,0.008757450243828124,1
6,0.01,12,199,6,0.025651415605836725,0.002064302978449284,5
6,0.01,12,199,7,0.010521917309646689,0.00039882869637253293,3
6,0.01,12,199,8,0.003325948493787756,2.8116272831724132e-05,3
6,0.01,12,199,9,0.001101633480137032,5.790051705645283e-06,2
6,0.01,12,199,10,0.0003071976561743739,2.9261412137771003e-07,1
